Workbook
Name AE: Feedform!$A$2:$A$64
Name Four: Feedform!$F$2:$F$66
Name Avgs: FGL!$O$13
Name Two: Feedform!$D$2:$D$66
Name All: Feedform!$B$2:$B$66
Name Chapter: Feedform!$B$2:$B$66
Name One: Feedform!$C$2:$C$66
Name Actives: Feedform!$B$2:$B$51
Name Five: Feedform!$G$2:$G$66
Name Avg: FGL!$C$13:$O$13
Name SIx: Feedform!$H$2:$H$62
Name Seven: Feedform!$I$2:$I$70
Name Three: Feedform!$E$2:$E$66

Sheet Feedform
A1: AE | B1: Name | C1: 45170 | D1: 45184 | E1: 45198 | F1: 45212 | G1: 45226 | H1: 45240 | I1: 45261
A2: 1564 | B2: Carson Dodd | C2: {=IFERROR(INDEX('Sep 1'!$C$2:$C$321, MATCH($A2,'Sep 1'!$B$2:$B$320,0)),"")} -> 4 | D2: {=IFERROR(INDEX('Sep 15'!$C$2:$C$370, MATCH($A2, 'Sep 15'!$B$2:$B$370,0)),"")} -> 3.85 | E2: {=IFERROR(INDEX('Sep 29'!$C$2:$C$435, MATCH($A2, 'Sep 29'!$B$2:$B$435,0)),"")} -> 3.845 | F2: {=IFERROR(INDEX('Oct 13'!$C$2:$C$389, MATCH($A2, 'Oct 13'!$B$2:$B$389,0)),"")} -> 3.462 | G2: {=IFERROR(INDEX('Oct 27'!$C$2:$C$434, MATCH($A2, 'Oct 27'!$B$2:$B$434,0)),"")} -> 3.538 | H2: {=IFERROR(INDEX('Nov 10'!$C$2:$C$485, MATCH($A2, 'Nov 10'!$B$2:$B$485,0)),"")} -> 3.538 | I2: {=IFERROR(INDEX('Dec 1'!$C$2:$C$542, MATCH($A2, 'Dec 1'!$B$2:$B$542,0)),"")} -> 3.744
A3: 1577 | B3: Brady Sorbin | C3: {=IFERROR(INDEX('Sep 1'!$C$2:$C$321, MATCH($A3,'Sep 1'!$B$2:$B$320,0)),"")} -> 3.84 | D3: {=IFERROR(INDEX('Sep 15'!$C$2:$C$370, MATCH($A3, 'Sep 15'!$B$2:$B$370,0)),"")} -> 4 | E3: {=IFERROR(INDEX('Sep 29'!$C$2:$C$435, MATCH($A3, 'Sep 29'!$B$2:$B$435,0)),"")} -> 4 | F3: {=IFERROR(INDEX('Oct 13'!$C$2:$C$389, MATCH($A3, 'Oct 13'!$B$2:$B$389,0)),"")} -> 2 | G3: {=IFERROR(INDEX('Oct 27'!$C$2:$C$434, MATCH($A3, 'Oct 27'!$B$2:$B$434,0)),"")} -> 2 | H3: {=IFERROR(INDEX('Nov 10'!$C$2:$C$485, MATCH($A3, 'Nov 10'!$B$2:$B$485,0)),"")} -> 3.47 | I3: {=IFERROR(INDEX('Dec 1'!$C$2:$C$542, MATCH($A3, 'Dec 1'!$B$2:$B$542,0)),"")} -> 2
A4: 1582 | B4: Toby Tobin | C4: - | D4: {=IFERROR(INDEX('Sep 15'!$C$2:$C$370, MATCH($A4, 'Sep 15'!$B$2:$B$370,0)),"")} | E4: {=IFERROR(INDEX('Sep 29'!$C$2:$C$435, MATCH($A4, 'Sep 29'!$B$2:$B$435,0)),"")} | F4: {=IFERROR(INDEX('Oct 13'!$C$2:$C$389, MATCH($A4, 'Oct 13'!$B$2:$B$389,0)),"")} | G4: {=IFERROR(INDEX('Oct 27'!$C$2:$C$434, MATCH($A4, 'Oct 27'!$B$2:$B$434,0)),"")} | H4: {=IFERROR(INDEX('Nov 10'!$C$2:$C$485, MATCH($A4, 'Nov 10'!$B$2:$B$485,0)),"")} | I4: {=IFERROR(INDEX('Dec 1'!$C$2:$C$542, MATCH($A4, 'Dec 1'!$B$2:$B$542,0)),"")}
A5: 1591 | B5: Nate Hollenbeck | C5: {=IFERROR(INDEX('Sep 1'!$C$2:$C$321, MATCH($A5,'Sep 1'!$B$2:$B$320,0)),"")} -> 4 | D5: {=IFERROR(INDEX('Sep 15'!$C$2:$C$370, MATCH($A5, 'Sep 15'!$B$2:$B$370,0)),"")} -> 4 | E5: {=IFERROR(INDEX('Sep 29'!$C$2:$C$435, MATCH($A5, 'Sep 29'!$B$2:$B$435,0)),"")} -> 4 | F5: {=IFERROR(INDEX('Oct 13'!$C$2:$C$389, MATCH($A5, 'Oct 13'!$B$2:$B$389,0)),"")} -> 4 | G5: {=IFERROR(INDEX('Oct 27'!$C$2:$C$434, MATCH($A5, 'Oct 27'!$B$2:$B$434,0)),"")} -> 4 | H5: {=IFERROR(INDEX('Nov 10'!$C$2:$C$485, MATCH($A5, 'Nov 10'!$B$2:$B$485,0)),"")} -> 4 | I5: {=IFERROR(INDEX('Dec 1'!$C$2:$C$542, MATCH($A5, 'Dec 1'!$B$2:$B$542,0)),"")} -> 4
A6: 1592 | B6: Antonio Soto | C6: {=IFERROR(INDEX('Sep 1'!$C$2:$C$321, MATCH($A6,'Sep 1'!$B$2:$B$320,0)),"")} -> 4 | D6: {=IFERROR(INDEX('Sep 15'!$C$2:$C$370, MATCH($A6, 'Sep 15'!$B$2:$B$370,0)),"")} -> 3.6 | E6: {=IFERROR(INDEX('Sep 29'!$C$2:$C$435, MATCH($A6, 'Sep 29'!$B$2:$B$435,0)),"")} -> 3.6 | F6: {=IFERROR(INDEX('Oct 13'!$C$2:$C$389, MATCH($A6, 'Oct 13'!$B$2:$B$389,0)),"")} -> 4 | G6: {=IFERROR(INDEX('Oct 27'!$C$2:$C$434, MATCH($A6, 'Oct 27'!$B$2:$B$434,0)),"")} -> 3.695 | H6: {=IFERROR(INDEX('Nov 10'!$C$2:$C$485, MATCH($A6, 'Nov 10'!$B$2:$B$485,0)),"")} -> 3.69 | I6: {=IFERROR(INDEX('Dec 1'!$C$2:$C$542, MATCH($A6, 'Dec 1'!$B$2:$B$542,0)),"")} -> 3.69
A7: 1594 | B7: Thomas Hope | C7: {=IFERROR(INDEX('Sep 1'!$C$2:$C$321, MATCH($A7,'Sep 1'!$B$2:$B$320,0)),"")} -> 4 | D7: {=IFERROR(INDEX('Sep 15'!$C$2:$C$370, MATCH($A7, 'Sep 15'!$B$2:$B$370,0)),"")} -> 4 | E7: {=IFERROR(INDEX('Sep 29'!$C$2:$C$435, MATCH($A7, 'Sep 29'!$B$2:$B$435,0)),"")} -> 3.5 | F7: {=IFERROR(INDEX('Oct 13'!$C$2:$C$389, MATCH($A7, 'Oct 13'!$B$2:$B$389,0)),"")} -> 3.5 | G7: {=IFERROR(INDEX('Oct 27'!$C$2:$C$434, MATCH($A7, 'Oct 27'!$B$2:$B$434,0)),"")} -> 3.5 | H7: {=IFERROR(INDEX('Nov 10'!$C$2:$C$485, MATCH($A7, 'Nov 10'!$B$2:$B$485,0)),"")} -> 3.6 | I7: {=IFERROR(INDEX('Dec 1'!$C$2:$C$542, MATCH($A7, 'Dec 1'!$B$2:$B$542,0)),"")} -> 3.5
A8: 1596 | B8: Michael Leiting | C8: {=IFERROR(INDEX('Sep 1'!$C$2:$C$321, MATCH($A8,'Sep 1'!$B$2:$B$320,0)),"")} -> 4 | D8: {=IFERROR(INDEX('Sep 15'!$C$2:$C$370, MATCH($A8, 'Sep 15'!$B$2:$B$370,0)),"")} -> 4 | E8: {=IFERROR(INDEX('Sep 29'!$C$2:$C$435, MATCH($A8, 'Sep 29'!$B$2:$B$435,0)),"")} -> 3.786 | F8: {=IFERROR(INDEX('Oct 13'!$C$2:$C$389, MATCH($A8, 'Oct 13'!$B$2:$B$389,0)),"")} -> 3.86 | G8: {=IFERROR(INDEX('Oct 27'!$C$2:$C$434, MATCH($A8, 'Oct 27'!$B$2:$B$434,0)),"")} -> 3.88 | H8: {=IFERROR(INDEX('Nov 10'!$C$2:$C$485, MATCH($A8, 'Nov 10'!$B$2:$B$485,0)),"")} -> 3.929 | I8: {=IFERROR(INDEX('Dec 1'!$C$2:$C$542, MATCH($A8, 'Dec 1'!$B$2:$B$542,0)),"")} -> 3.856
A9: 1597 | B9: Hunter Kinnaman | C9: {=IFERROR(INDEX('Sep 1'!$C$2:$C$321, MATCH($A9,'Sep 1'!$B$2:$B$320,0)),"")} -> 4 | D9: {=IFERROR(INDEX('Sep 15'!$C$2:$C$370, MATCH($A9, 'Sep 15'!$B$2:$B$370,0)),"")} -> 2.23 | E9: {=IFERROR(INDEX('Sep 29'!$C$2:$C$435, MATCH($A9, 'Sep 29'!$B$2:$B$435,0)),"")} -> 2.6 | F9: {=IFERROR(INDEX('Oct 13'!$C$2:$C$389, MATCH($A9, 'Oct 13'!$B$2:$B$389,0)),"")} -> 2.5 | G9: {=IFERROR(INDEX('Oct 27'!$C$2:$C$434, MATCH($A9, 'Oct 27'!$B$2:$B$434,0)),"")} -> 2.35 | H9: {=IFERROR(INDEX('Nov 10'!$C$2:$C$485, MATCH($A9, 'Nov 10'!$B$2:$B$485,0)),"")} -> 2.23 | I9: {=IFERROR(INDEX('Dec 1'!$C$2:$C$542, MATCH($A9, 'Dec 1'!$B$2:$B$542,0)),"")} -> 2.58
A10: 1598 | B10: Callahan Weeks | C10: {=IFERROR(INDEX('Sep 1'!$C$2:$C$321, MATCH($A10,'Sep 1'!$B$2:$B$320,0)),"")} -> 4 | D10: {=IFERROR(INDEX('Sep 15'!$C$2:$C$370, MATCH($A10, 'Sep 15'!$B$2:$B$370,0)),"")} -> 3.334 | E10: {=IFERROR(INDEX('Sep 29'!$C$2:$C$435, MATCH($A10, 'Sep 29'!$B$2:$B$435,0)),"")} -> 3.072 | F10: {=IFERROR(INDEX('Oct 13'!$C$2:$C$389, MATCH($A10, 'Oct 13'!$B$2:$B$389,0)),"")} -> 3.5 | G10: {=IFERROR(INDEX('Oct 27'!$C$2:$C$434, MATCH($A10, 'Oct 27'!$B$2:$B$434,0)),"")} -> 3.5 | H10: {=IFERROR(INDEX('Nov 10'!$C$2:$C$485, MATCH($A10, 'Nov 10'!$B$2:$B$485,0)),"")} -> 3.856 | I10: {=IFERROR(INDEX('Dec 1'!$C$2:$C$542, MATCH($A10, 'Dec 1'!$B$2:$B$542,0)),"")} -> 3.786
A11: 1599 | B11: Rishik Kancharla | C11: {=IFERROR(INDEX('Sep 1'!$C$2:$C$321, MATCH($A11,'Sep 1'!$B$2:$B$320,0)),"")} -> 3.4 | D11: {=IFERROR(INDEX('Sep 15'!$C$2:$C$370, MATCH($A11, 'Sep 15'!$B$2:$B$370,0)),"")} -> 3.8 | E11: {=IFERROR(INDEX('Sep 29'!$C$2:$C$435, MATCH($A11, 'Sep 29'!$B$2:$B$435,0)),"")} -> 3.2 | F11: {=IFERROR(INDEX('Oct 13'!$C$2:$C$389, MATCH($A11, 'Oct 13'!$B$2:$B$389,0)),"")} -> 3 | G11: {=IFERROR(INDEX('Oct 27'!$C$2:$C$434, MATCH($A11, 'Oct 27'!$B$2:$B$434,0)),"")} -> 3 | H11: {=IFERROR(INDEX('Nov 10'!$C$2:$C$485, MATCH($A11, 'Nov 10'!$B$2:$B$485,0)),"")} -> 2.86 | I11: {=IFERROR(INDEX('Dec 1'!$C$2:$C$542, MATCH($A11, 'Dec 1'!$B$2:$B$542,0)),"")} -> 2.626
A12: 1602 | B12: Elijah Doyle | C12: {=IFERROR(INDEX('Sep 1'!$C$2:$C$321, MATCH($A12,'Sep 1'!$B$2:$B$320,0)),"")} -> 4 | D12: {=IFERROR(INDEX('Sep 15'!$C$2:$C$370, MATCH($A12, 'Sep 15'!$B$2:$B$370,0)),"")} -> 4 | E12: {=IFERROR(INDEX('Sep 29'!$C$2:$C$435, MATCH($A12, 'Sep 29'!$B$2:$B$435,0)),"")} -> 3.835 | F12: {=IFERROR(INDEX('Oct 13'!$C$2:$C$389, MATCH($A12, 'Oct 13'!$B$2:$B$389,0)),"")} -> 3.918 | G12: {=IFERROR(INDEX('Oct 27'!$C$2:$C$434, MATCH($A12, 'Oct 27'!$B$2:$B$434,0)),"")} -> 3.918 | H12: {=IFERROR(INDEX('Nov 10'!$C$2:$C$485, MATCH($A12, 'Nov 10'!$B$2:$B$485,0)),"")} -> 3.83 | I12: {=IFERROR(INDEX('Dec 1'!$C$2:$C$542, MATCH($A12, 'Dec 1'!$B$2:$B$542,0)),"")} -> 3.75
A13: 1605 | B13: Jan Gomez | C13: {=IFERROR(INDEX('Sep 1'!$C$2:$C$321, MATCH($A13,'Sep 1'!$B$2:$B$320,0)),"")} -> 4 | D13: {=IFERROR(INDEX('Sep 15'!$C$2:$C$370, MATCH($A13, 'Sep 15'!$B$2:$B$370,0)),"")} -> 3.8 | E13: {=IFERROR(INDEX('Sep 29'!$C$2:$C$435, MATCH($A13, 'Sep 29'!$B$2:$B$435,0)),"")} -> 3.4 | F13: {=IFERROR(INDEX('Oct 13'!$C$2:$C$389, MATCH($A13, 'Oct 13'!$B$2:$B$389,0)),"")} -> 3.4 | G13: {=IFERROR(INDEX('Oct 27'!$C$2:$C$434, MATCH($A13, 'Oct 27'!$B$2:$B$434,0)),"")} -> 3.2 | H13: {=IFERROR(INDEX('Nov 10'!$C$2:$C$485, MATCH($A13, 'Nov 10'!$B$2:$B$485,0)),"")} -> 3.2 | I13: {=IFERROR(INDEX('Dec 1'!$C$2:$C$542, MATCH($A13, 'Dec 1'!$B$2:$B$542,0)),"")} -> 3.066
A14: 1608 | B14: Kris Anwar | C14: {=IFERROR(INDEX('Sep 1'!$C$2:$C$321, MATCH($A14,'Sep 1'!$B$2:$B$320,0)),"")} -> 3.08 | D14: {=IFERROR(INDEX('Sep 15'!$C$2:$C$370, MATCH($A14, 'Sep 15'!$B$2:$B$370,0)),"")} -> 3.58 | E14: {=IFERROR(INDEX('Sep 29'!$C$2:$C$435, MATCH($A14, 'Sep 29'!$B$2:$B$435,0)),"")} -> 3.415 | F14: {=IFERROR(INDEX('Oct 13'!$C$2:$C$389, MATCH($A14, 'Oct 13'!$B$2:$B$389,0)),"")} -> 3.165 | G14: {=IFERROR(INDEX('Oct 27'!$C$2:$C$434, MATCH($A14, 'Oct 27'!$B$2:$B$434,0)),"")} -> 3.498 | H14: {=IFERROR(INDEX('Nov 10'!$C$2:$C$485, MATCH($A14, 'Nov 10'!$B$2:$B$485,0)),"")} -> 3.583 | I14: {=IFERROR(INDEX('Dec 1'!$C$2:$C$542, MATCH($A14, 'Dec 1'!$B$2:$B$542,0)),"")} -> 3.58
A15: 1613 | B15: Andrew Wellman | C15: {=IFERROR(INDEX('Sep 1'!$C$2:$C$321, MATCH($A15,'Sep 1'!$B$2:$B$320,0)),"")} -> 4 | D15: {=IFERROR(INDEX('Sep 15'!$C$2:$C$370, MATCH($A15, 'Sep 15'!$B$2:$B$370,0)),"")} -> 4 | E15: {=IFERROR(INDEX('Sep 29'!$C$2:$C$435, MATCH($A15, 'Sep 29'!$B$2:$B$435,0)),"")} -> 3.31 | F15: {=IFERROR(INDEX('Oct 13'!$C$2:$C$389, MATCH($A15, 'Oct 13'!$B$2:$B$389,0)),"")} -> 3.534 | G15: {=IFERROR(INDEX('Oct 27'!$C$2:$C$434, MATCH($A15, 'Oct 27'!$B$2:$B$434,0)),"")} -> 3.5 | H15: {=IFERROR(INDEX('Nov 10'!$C$2:$C$485, MATCH($A15, 'Nov 10'!$B$2:$B$485,0)),"")} -> 3.534 | I15: {=IFERROR(INDEX('Dec 1'!$C$2:$C$542, MATCH($A15, 'Dec 1'!$B$2:$B$542,0)),"")} -> 3.53
A16: 1615 | B16: Harry Wells | C16: {=IFERROR(INDEX('Sep 1'!$C$2:$C$321, MATCH($A16,'Sep 1'!$B$2:$B$320,0)),"")} -> 4 | D16: {=IFERROR(INDEX('Sep 15'!$C$2:$C$370, MATCH($A16, 'Sep 15'!$B$2:$B$370,0)),"")} -> 4 | E16: {=IFERROR(INDEX('Sep 29'!$C$2:$C$435, MATCH($A16, 'Sep 29'!$B$2:$B$435,0)),"")} -> 3.95 | F16: {=IFERROR(INDEX('Oct 13'!$C$2:$C$389, MATCH($A16, 'Oct 13'!$B$2:$B$389,0)),"")} -> 4 | G16: {=IFERROR(INDEX('Oct 27'!$C$2:$C$434, MATCH($A16, 'Oct 27'!$B$2:$B$434,0)),"")} -> 4 | H16: {=IFERROR(INDEX('Nov 10'!$C$2:$C$485, MATCH($A16, 'Nov 10'!$B$2:$B$485,0)),"")} -> 4 | I16: {=IFERROR(INDEX('Dec 1'!$C$2:$C$542, MATCH($A16, 'Dec 1'!$B$2:$B$542,0)),"")} -> 4
... A25: 1625 | B25: Owen Micek | C25: {=IFERROR(INDEX('Sep 1'!$C$2:$C$321, MATCH($A25,'Sep 1'!$B$2:$B$320,0)),"")} -> 4 | D25: {=IFERROR(INDEX('Sep 15'!$C$2:$C$370, MATCH($A25, 'Sep 15'!$B$2:$B$370,0)),"")} -> 3.89 | E25: {=IFERROR(INDEX('Sep 29'!$C$2:$C$435, MATCH($A25, 'Sep 29'!$B$2:$B$435,0)),"")} -> 3.668 | F25: {=IFERROR(INDEX('Oct 13'!$C$2:$C$389, MATCH($A25, 'Oct 13'!$B$2:$B$389,0)),"")} -> 3.001 | G25: {=IFERROR(INDEX('Oct 27'!$C$2:$C$434, MATCH($A25, 'Oct 27'!$B$2:$B$434,0)),"")} -> 3 | H25: {=IFERROR(INDEX('Nov 10'!$C$2:$C$485, MATCH($A25, 'Nov 10'!$B$2:$B$485,0)),"")} -> 3.083 | I25: {=IFERROR(INDEX('Dec 1'!$C$2:$C$542, MATCH($A25, 'Dec 1'!$B$2:$B$542,0)),"")} -> 3.083
A26: 1626 | B26: Jordan Lockert | C26: {=IFERROR(INDEX('Sep 1'!$C$2:$C$321, MATCH($A26,'Sep 1'!$B$2:$B$320,0)),"")} -> 2 | D26: {=IFERROR(INDEX('Sep 15'!$C$2:$C$370, MATCH($A26, 'Sep 15'!$B$2:$B$370,0)),"")} -> 3.667 | E26: {=IFERROR(INDEX('Sep 29'!$C$2:$C$435, MATCH($A26, 'Sep 29'!$B$2:$B$435,0)),"")} -> 2 | F26: - | G26: - | H26: {=IFERROR(INDEX('Nov 10'!$C$2:$C$485, MATCH($A26, 'Nov 10'!$B$2:$B$485,0)),"")} | I26: {=IFERROR(INDEX('Dec 1'!$C$2:$C$542, MATCH($A26, 'Dec 1'!$B$2:$B$542,0)),"")} | J26: -
A27: 1627 | B27: Connor Radde | C27: {=IFERROR(INDEX('Sep 1'!$C$2:$C$321, MATCH($A27,'Sep 1'!$B$2:$B$320,0)),"")} -> 4 | D27: {=IFERROR(INDEX('Sep 15'!$C$2:$C$370, MATCH($A27, 'Sep 15'!$B$2:$B$370,0)),"")} -> 3.65 | E27: {=IFERROR(INDEX('Sep 29'!$C$2:$C$435, MATCH($A27, 'Sep 29'!$B$2:$B$435,0)),"")} -> 3.33 | F27: {=IFERROR(INDEX('Oct 13'!$C$2:$C$389, MATCH($A27, 'Oct 13'!$B$2:$B$389,0)),"")} -> 3.083 | G27: {=IFERROR(INDEX('Oct 27'!$C$2:$C$434, MATCH($A27, 'Oct 27'!$B$2:$B$434,0)),"")} -> 3.085 | H27: {=IFERROR(INDEX('Nov 10'!$C$2:$C$485, MATCH($A27, 'Nov 10'!$B$2:$B$485,0)),"")} -> 3.083 | I27: {=IFERROR(INDEX('Dec 1'!$C$2:$C$542, MATCH($A27, 'Dec 1'!$B$2:$B$542,0)),"")} -> 3
A28: 1628 | B28: James Moeller | C28: {=IFERROR(INDEX('Sep 1'!$C$2:$C$321, MATCH($A28,'Sep 1'!$B$2:$B$320,0)),"")} -> 4 | D28: {=IFERROR(INDEX('Sep 15'!$C$2:$C$370, MATCH($A28, 'Sep 15'!$B$2:$B$370,0)),"")} -> 3.769 | E28: {=IFERROR(INDEX('Sep 29'!$C$2:$C$435, MATCH($A28, 'Sep 29'!$B$2:$B$435,0)),"")} -> 3.924 | F28: {=IFERROR(INDEX('Oct 13'!$C$2:$C$389, MATCH($A28, 'Oct 13'!$B$2:$B$389,0)),"")} -> 3.924 | G28: {=IFERROR(INDEX('Oct 27'!$C$2:$C$434, MATCH($A28, 'Oct 27'!$B$2:$B$434,0)),"")} -> 4 | H28: {=IFERROR(INDEX('Nov 10'!$C$2:$C$485, MATCH($A28, 'Nov 10'!$B$2:$B$485,0)),"")} -> 3.845 | I28: {=IFERROR(INDEX('Dec 1'!$C$2:$C$542, MATCH($A28, 'Dec 1'!$B$2:$B$542,0)),"")} -> 3.845
A29: 1630 | B29: Nico Bianchette | C29: {=IFERROR(INDEX('Sep 1'!$C$2:$C$321, MATCH($A29,'Sep 1'!$B$2:$B$320,0)),"")} -> 3.833 | D29: {=IFERROR(INDEX('Sep 15'!$C$2:$C$370, MATCH($A29, 'Sep 15'!$B$2:$B$370,0)),"")} -> 3.866 | E29: {=IFERROR(INDEX('Sep 29'!$C$2:$C$435, MATCH($A29, 'Sep 29'!$B$2:$B$435,0)),"")} -> 3.86 | F29: {=IFERROR(INDEX('Oct 13'!$C$2:$C$389, MATCH($A29, 'Oct 13'!$B$2:$B$389,0)),"")} -> 3.2 | G29: {=IFERROR(INDEX('Oct 27'!$C$2:$C$434, MATCH($A29, 'Oct 27'!$B$2:$B$434,0)),"")} -> 3.068 | H29: {=IFERROR(INDEX('Nov 10'!$C$2:$C$485, MATCH($A29, 'Nov 10'!$B$2:$B$485,0)),"")} -> 3.334 | I29: {=IFERROR(INDEX('Dec 1'!$C$2:$C$542, MATCH($A29, 'Dec 1'!$B$2:$B$542,0)),"")} -> 3.134
A30: 1631 | B30: Sean Pate | C30: {=IFERROR(INDEX('Sep 1'!$C$2:$C$321, MATCH($A30,'Sep 1'!$B$2:$B$320,0)),"")} -> 4 | D30: {=IFERROR(INDEX('Sep 15'!$C$2:$C$370, MATCH($A30, 'Sep 15'!$B$2:$B$370,0)),"")} -> 4 | E30: {=IFERROR(INDEX('Sep 29'!$C$2:$C$435, MATCH($A30, 'Sep 29'!$B$2:$B$435,0)),"")} -> 3.2 | F30: {=IFERROR(INDEX('Oct 13'!$C$2:$C$389, MATCH($A30, 'Oct 13'!$B$2:$B$389,0)),"")} -> 3 | G30: {=IFERROR(INDEX('Oct 27'!$C$2:$C$434, MATCH($A30, 'Oct 27'!$B$2:$B$434,0)),"")} -> 3.4 | H30: {=IFERROR(INDEX('Nov 10'!$C$2:$C$485, MATCH($A30, 'Nov 10'!$B$2:$B$485,0)),"")} -> 2 | I30: {=IFERROR(INDEX('Dec 1'!$C$2:$C$542, MATCH($A30, 'Dec 1'!$B$2:$B$542,0)),"")} -> 2.934
A31: 1632 | B31: Del Casteel | C31: {=IFERROR(INDEX('Sep 1'!$C$2:$C$321, MATCH($A31,'Sep 1'!$B$2:$B$320,0)),"")} -> 3.3 | D31: {=IFERROR(INDEX('Sep 15'!$C$2:$C$370, MATCH($A31, 'Sep 15'!$B$2:$B$370,0)),"")} -> 3 | E31: {=IFERROR(INDEX('Sep 29'!$C$2:$C$435, MATCH($A31, 'Sep 29'!$B$2:$B$435,0)),"")} -> 2.9 | F31: {=IFERROR(INDEX('Oct 13'!$C$2:$C$389, MATCH($A31, 'Oct 13'!$B$2:$B$389,0)),"")} -> 2.9 | G31: - | H31: {=IFERROR(INDEX('Nov 10'!$C$2:$C$485, MATCH($A31, 'Nov 10'!$B$2:$B$485,0)),"")} | I31: {=IFERROR(INDEX('Dec 1'!$C$2:$C$542, MATCH($A31, 'Dec 1'!$B$2:$B$542,0)),"")} | J31: -
A32: 1634 | B32: Braeden Haptonstall | C32: {=IFERROR(INDEX('Sep 1'!$C$2:$C$321, MATCH($A32,'Sep 1'!$B$2:$B$320,0)),"")} -> 4 | D32: {=IFERROR(INDEX('Sep 15'!$C$2:$C$370, MATCH($A32, 'Sep 15'!$B$2:$B$370,0)),"")} -> 4 | E32: {=IFERROR(INDEX('Sep 29'!$C$2:$C$435, MATCH($A32, 'Sep 29'!$B$2:$B$435,0)),"")} -> 4 | F32: {=IFERROR(INDEX('Oct 13'!$C$2:$C$389, MATCH($A32, 'Oct 13'!$B$2:$B$389,0)),"")} -> 4 | G32: {=IFERROR(INDEX('Oct 27'!$C$2:$C$434, MATCH($A32, 'Oct 27'!$B$2:$B$434,0)),"")} -> 4 | H32: {=IFERROR(INDEX('Nov 10'!$C$2:$C$485, MATCH($A32, 'Nov 10'!$B$2:$B$485,0)),"")} -> 4 | I32: {=IFERROR(INDEX('Dec 1'!$C$2:$C$542, MATCH($A32, 'Dec 1'!$B$2:$B$542,0)),"")} -> 4
A33: 1635 | B33: Braeden Aherns | C33: {=IFERROR(INDEX('Sep 1'!$C$2:$C$321, MATCH($A33,'Sep 1'!$B$2:$B$320,0)),"")} -> 4 | D33: {=IFERROR(INDEX('Sep 15'!$C$2:$C$370, MATCH($A33, 'Sep 15'!$B$2:$B$370,0)),"")} -> 4 | E33: {=IFERROR(INDEX('Sep 29'!$C$2:$C$435, MATCH($A33, 'Sep 29'!$B$2:$B$435,0)),"")} -> 3.918 | F33: {=IFERROR(INDEX('Oct 13'!$C$2:$C$389, MATCH($A33, 'Oct 13'!$B$2:$B$389,0)),"")} -> 2.583 | G33: {=IFERROR(INDEX('Oct 27'!$C$2:$C$434, MATCH($A33, 'Oct 27'!$B$2:$B$434,0)),"")} -> 2.5 | H33: {=IFERROR(INDEX('Nov 10'!$C$2:$C$485, MATCH($A33, 'Nov 10'!$B$2:$B$485,0)),"")} -> 2.668 | I33: {=IFERROR(INDEX('Dec 1'!$C$2:$C$542, MATCH($A33, 'Dec 1'!$B$2:$B$542,0)),"")}
A34: 1636 | B34: Nik Ostrowski | C34: {=IFERROR(INDEX('Sep 1'!$C$2:$C$321, MATCH($A34,'Sep 1'!$B$2:$B$320,0)),"")} -> 3.62 | D34: {=IFERROR(INDEX('Sep 15'!$C$2:$C$370, MATCH($A34, 'Sep 15'!$B$2:$B$370,0)),"")} -> 3.62 | E34: {=IFERROR(INDEX('Sep 29'!$C$2:$C$435, MATCH($A34, 'Sep 29'!$B$2:$B$435,0)),"")} -> 3.46 | F34: {=IFERROR(INDEX('Oct 13'!$C$2:$C$389, MATCH($A34, 'Oct 13'!$B$2:$B$389,0)),"")} -> 3.41 | G34: {=IFERROR(INDEX('Oct 27'!$C$2:$C$434, MATCH($A34, 'Oct 27'!$B$2:$B$434,0)),"")} -> 3.1 | H34: {=IFERROR(INDEX('Nov 10'!$C$2:$C$485, MATCH($A34, 'Nov 10'!$B$2:$B$485,0)),"")} -> 2 | I34: {=IFERROR(INDEX('Dec 1'!$C$2:$C$542, MATCH($A34, 'Dec 1'!$B$2:$B$542,0)),"")} -> 2
A35: 1637 | B35: Sebastian Palka | C35: {=IFERROR(INDEX('Sep 1'!$C$2:$C$321, MATCH($A35,'Sep 1'!$B$2:$B$320,0)),"")} -> 4 | D35: {=IFERROR(INDEX('Sep 15'!$C$2:$C$370, MATCH($A35, 'Sep 15'!$B$2:$B$370,0)),"")} -> 4 | E35: {=IFERROR(INDEX('Sep 29'!$C$2:$C$435, MATCH($A35, 'Sep 29'!$B$2:$B$435,0)),"")} -> 3.6 | F35: {=IFERROR(INDEX('Oct 13'!$C$2:$C$389, MATCH($A35, 'Oct 13'!$B$2:$B$389,0)),"")} -> 3.753 | G35: {=IFERROR(INDEX('Oct 27'!$C$2:$C$434, MATCH($A35, 'Oct 27'!$B$2:$B$434,0)),"")} -> 3.734 | H35: {=IFERROR(INDEX('Nov 10'!$C$2:$C$485, MATCH($A35, 'Nov 10'!$B$2:$B$485,0)),"")} -> 3.868 | I35: {=IFERROR(INDEX('Dec 1'!$C$2:$C$542, MATCH($A35, 'Dec 1'!$B$2:$B$542,0)),"")} -> 4
A36: 1639 | B36: Danny Smyth | C36: {=IFERROR(INDEX('Sep 1'!$C$2:$C$321, MATCH($A36,'Sep 1'!$B$2:$B$320,0)),"")} -> 4 | D36: {=IFERROR(INDEX('Sep 15'!$C$2:$C$370, MATCH($A36, 'Sep 15'!$B$2:$B$370,0)),"")} -> 3.934 | E36: {=IFERROR(INDEX('Sep 29'!$C$2:$C$435, MATCH($A36, 'Sep 29'!$B$2:$B$435,0)),"")} -> 4 | F36: {=IFERROR(INDEX('Oct 13'!$C$2:$C$389, MATCH($A36, 'Oct 13'!$B$2:$B$389,0)),"")} -> 3.918 | G36: {=IFERROR(INDEX('Oct 27'!$C$2:$C$434, MATCH($A36, 'Oct 27'!$B$2:$B$434,0)),"")} -> 3.918 | H36: {=IFERROR(INDEX('Nov 10'!$C$2:$C$485, MATCH($A36, 'Nov 10'!$B$2:$B$485,0)),"")} -> 3.918 | I36: {=IFERROR(INDEX('Dec 1'!$C$2:$C$542, MATCH($A36, 'Dec 1'!$B$2:$B$542,0)),"")} -> 3.833
A37: 1640 | B37: Garrett Smith | C37: {=IFERROR(INDEX('Sep 1'!$C$2:$C$321, MATCH($A37,'Sep 1'!$B$2:$B$320,0)),"")} -> 4 | D37: {=IFERROR(INDEX('Sep 15'!$C$2:$C$370, MATCH($A37, 'Sep 15'!$B$2:$B$370,0)),"")} -> 4 | E37: {=IFERROR(INDEX('Sep 29'!$C$2:$C$435, MATCH($A37, 'Sep 29'!$B$2:$B$435,0)),"")} -> 3.693 | F37: {=IFERROR(INDEX('Oct 13'!$C$2:$C$389, MATCH($A37, 'Oct 13'!$B$2:$B$389,0)),"")} -> 3.693 | G37: {=IFERROR(INDEX('Oct 27'!$C$2:$C$434, MATCH($A37, 'Oct 27'!$B$2:$B$434,0)),"")} -> 3.538 | H37: {=IFERROR(INDEX('Nov 10'!$C$2:$C$485, MATCH($A37, 'Nov 10'!$B$2:$B$485,0)),"")} -> 3.538 | I37: {=IFERROR(INDEX('Dec 1'!$C$2:$C$542, MATCH($A37, 'Dec 1'!$B$2:$B$542,0)),"")} -> 3.308
A38: 1641 | B38: Hayden Smith | C38: {=IFERROR(INDEX('Sep 1'!$C$2:$C$321, MATCH($A38,'Sep 1'!$B$2:$B$320,0)),"")} -> 3.222 | D38: {=IFERROR(INDEX('Sep 15'!$C$2:$C$370, MATCH($A38, 'Sep 15'!$B$2:$B$370,0)),"")} -> 1.616 | E38: {=IFERROR(INDEX('Sep 29'!$C$2:$C$435, MATCH($A38, 'Sep 29'!$B$2:$B$435,0)),"")} -> 2 | F38: {=IFERROR(INDEX('Oct 13'!$C$2:$C$389, MATCH($A38, 'Oct 13'!$B$2:$B$389,0)),"")} -> 2.2 | G38: {=IFERROR(INDEX('Oct 27'!$C$2:$C$434, MATCH($A38, 'Oct 27'!$B$2:$B$434,0)),"")} -> 1.868 | H38: {=IFERROR(INDEX('Nov 10'!$C$2:$C$485, MATCH($A38, 'Nov 10'!$B$2:$B$485,0)),"")} -> 2.181 | I38: {=IFERROR(INDEX('Dec 1'!$C$2:$C$542, MATCH($A38, 'Dec 1'!$B$2:$B$542,0)),"")} -> 2.488
A39: 1642 | B39: Riley Pankow | C39: {=IFERROR(INDEX('Sep 1'!$C$2:$C$321, MATCH($A39,'Sep 1'!$B$2:$B$320,0)),"")} -> 4 | D39: {=IFERROR(INDEX('Sep 15'!$C$2:$C$370, MATCH($A39, 'Sep 15'!$B$2:$B$370,0)),"")} -> 4 | E39: {=IFERROR(INDEX('Sep 29'!$C$2:$C$435, MATCH($A39, 'Sep 29'!$B$2:$B$435,0)),"")} -> 3.4 | F39: {=IFERROR(INDEX('Oct 13'!$C$2:$C$389, MATCH($A39, 'Oct 13'!$B$2:$B$389,0)),"")} -> 3.46 | G39: {=IFERROR(INDEX('Oct 27'!$C$2:$C$434, MATCH($A39, 'Oct 27'!$B$2:$B$434,0)),"")} -> 3.4 | H39: {=IFERROR(INDEX('Nov 10'!$C$2:$C$485, MATCH($A39, 'Nov 10'!$B$2:$B$485,0)),"")} -> 3.4 | I39: {=IFERROR(INDEX('Dec 1'!$C$2:$C$542, MATCH($A39, 'Dec 1'!$B$2:$B$542,0)),"")} -> 3.14
A40: 1643 | B40: Colby Hehnke | C40: {=IFERROR(INDEX('Sep 1'!$C$2:$C$321, MATCH($A40,'Sep 1'!$B$2:$B$320,0)),"")} -> 3.9 | D40: {=IFERROR(INDEX('Sep 15'!$C$2:$C$370, MATCH($A40, 'Sep 15'!$B$2:$B$370,0)),"")} -> 3.85 | E40: {=IFERROR(INDEX('Sep 29'!$C$2:$C$435, MATCH($A40, 'Sep 29'!$B$2:$B$435,0)),"")} -> 3.85 | F40: {=IFERROR(INDEX('Oct 13'!$C$2:$C$389, MATCH($A40, 'Oct 13'!$B$2:$B$389,0)),"")} -> 2 | G40: {=IFERROR(INDEX('Oct 27'!$C$2:$C$434, MATCH($A40, 'Oct 27'!$B$2:$B$434,0)),"")} -> 2.714 | H40: {=IFERROR(INDEX('Nov 10'!$C$2:$C$485, MATCH($A40, 'Nov 10'!$B$2:$B$485,0)),"")} -> 2.882 | I40: {=IFERROR(INDEX('Dec 1'!$C$2:$C$542, MATCH($A40, 'Dec 1'!$B$2:$B$542,0)),"")} -> 2.882
A41: 1644 | B41: Brady Perna | C41: {=IFERROR(INDEX('Sep 1'!$C$2:$C$321, MATCH($A41,'Sep 1'!$B$2:$B$320,0)),"")} -> 4 | D41: {=IFERROR(INDEX('Sep 15'!$C$2:$C$370, MATCH($A41, 'Sep 15'!$B$2:$B$370,0)),"")} -> 4 | E41: {=IFERROR(INDEX('Sep 29'!$C$2:$C$435, MATCH($A41, 'Sep 29'!$B$2:$B$435,0)),"")} -> 3.6 | F41: {=IFERROR(INDEX('Oct 13'!$C$2:$C$389, MATCH($A41, 'Oct 13'!$B$2:$B$389,0)),"")} -> 3 | G41: {=IFERROR(INDEX('Oct 27'!$C$2:$C$434, MATCH($A41, 'Oct 27'!$B$2:$B$434,0)),"")} -> 3.09 | H41: {=IFERROR(INDEX('Nov 10'!$C$2:$C$485, MATCH($A41, 'Nov 10'!$B$2:$B$485,0)),"")} -> 3.585 | I41: {=IFERROR(INDEX('Dec 1'!$C$2:$C$542, MATCH($A41, 'Dec 1'!$B$2:$B$542,0)),"")} -> 3.585
A42: 1645 | B42: Mac Clarke | C42: {=IFERROR(INDEX('Sep 1'!$C$2:$C$321, MATCH($A42,'Sep 1'!$B$2:$B$320,0)),"")} -> 4 | D42: {=IFERROR(INDEX('Sep 15'!$C$2:$C$370, MATCH($A42, 'Sep 15'!$B$2:$B$370,0)),"")} -> 4 | E42: {=IFERROR(INDEX('Sep 29'!$C$2:$C$435, MATCH($A42, 'Sep 29'!$B$2:$B$435,0)),"")} -> 4 | F42: {=IFERROR(INDEX('Oct 13'!$C$2:$C$389, MATCH($A42, 'Oct 13'!$B$2:$B$389,0)),"")} -> 3.75 | G42: {=IFERROR(INDEX('Oct 27'!$C$2:$C$434, MATCH($A42, 'Oct 27'!$B$2:$B$434,0)),"")} -> 3.6675 | H42: {=IFERROR(INDEX('Nov 10'!$C$2:$C$485, MATCH($A42, 'Nov 10'!$B$2:$B$485,0)),"")} -> 3.6675 | I42: {=IFERROR(INDEX('Dec 1'!$C$2:$C$542, MATCH($A42, 'Dec 1'!$B$2:$B$542,0)),"")} -> 3.258
A43: 1646 | B43: Cutter Riveland | C43: {=IFERROR(INDEX('Sep 1'!$C$2:$C$321, MATCH($A43,'Sep 1'!$B$2:$B$320,0)),"")} -> 3.816 | D43: {=IFERROR(INDEX('Sep 15'!$C$2:$C$370, MATCH($A43, 'Sep 15'!$B$2:$B$370,0)),"")} -> 3.625 | E43: {=IFERROR(INDEX('Sep 29'!$C$2:$C$435, MATCH($A43, 'Sep 29'!$B$2:$B$435,0)),"")} -> 3.126 | F43: {=IFERROR(INDEX('Oct 13'!$C$2:$C$389, MATCH($A43, 'Oct 13'!$B$2:$B$389,0)),"")} -> 3.186 | G43: {=IFERROR(INDEX('Oct 27'!$C$2:$C$434, MATCH($A43, 'Oct 27'!$B$2:$B$434,0)),"")} -> 2.561 | H43: {=IFERROR(INDEX('Nov 10'!$C$2:$C$485, MATCH($A43, 'Nov 10'!$B$2:$B$485,0)),"")} -> 2.499 | I43: {=IFERROR(INDEX('Dec 1'!$C$2:$C$542, MATCH($A43, 'Dec 1'!$B$2:$B$542,0)),"")} -> 2.645
... A51: 1656 | B51: JD Loera | C51: {=IFERROR(INDEX('Sep 1'!$C$2:$C$321, MATCH($A51,'Sep 1'!$B$2:$B$320,0)),"")} -> 3.42 | D51: {=IFERROR(INDEX('Sep 15'!$C$2:$C$370, MATCH($A51, 'Sep 15'!$B$2:$B$370,0)),"")} -> 3.3 | E51: {=IFERROR(INDEX('Sep 29'!$C$2:$C$435, MATCH($A51, 'Sep 29'!$B$2:$B$435,0)),"")} -> 3.28 | F51: {=IFERROR(INDEX('Oct 13'!$C$2:$C$389, MATCH($A51, 'Oct 13'!$B$2:$B$389,0)),"")} -> 2 | G51: {=IFERROR(INDEX('Oct 27'!$C$2:$C$434, MATCH($A51, 'Oct 27'!$B$2:$B$434,0)),"")} -> 3.29 | H51: {=IFERROR(INDEX('Nov 10'!$C$2:$C$485, MATCH($A51, 'Nov 10'!$B$2:$B$485,0)),"")} -> 2 | I51: {=IFERROR(INDEX('Dec 1'!$C$2:$C$542, MATCH($A51, 'Dec 1'!$B$2:$B$542,0)),"")} -> 2.95
A52: 1657 | B52: Ben Stearnes | C52: 4 | D52: 4 | E52: 4 | F52: 4 | G52: 4 | H52: 4 | I52: {=IFERROR(INDEX('Dec 1'!$C$2:$C$542, MATCH($A52, 'Dec 1'!$B$2:$B$542,0)),"")} -> 4
A53: 1658 | B53: Tag Niepomnik | C53: 4 | D53: 4 | E53: 3.79 | F53: 3.71 | G53: 3.69 | H53: 3.642 | I53: {=IFERROR(INDEX('Dec 1'!$C$2:$C$542, MATCH($A53, 'Dec 1'!$B$2:$B$542,0)),"")} -> 3.64
A54: 1659 | B54: Cole Bader | C54: 2.26 | D54: 3.668 | E54: 3.33 | F54: 3.491 | G54: 3.556 | H54: 3.623 | I54: {=IFERROR(INDEX('Dec 1'!$C$2:$C$542, MATCH($A54, 'Dec 1'!$B$2:$B$542,0)),"")} -> 3.667
A55: 1660 | B55: Charlie Poitras | C55: 3 | D55: 3.3 | E55: 3.6 | F55: 3.5 | G55: 3.44 | H55: 3.5 | I55: {=IFERROR(INDEX('Dec 1'!$C$2:$C$542, MATCH($A55, 'Dec 1'!$B$2:$B$542,0)),"")} -> 3.4
A56: 1661 | B56: Ved Patel | C56: 3.8 | D56: 3.9 | E56: 3.856 | F56: 3.843 | G56: 3.884 | H56: 3.785 | I56: {=IFERROR(INDEX('Dec 1'!$C$2:$C$542, MATCH($A56, 'Dec 1'!$B$2:$B$542,0)),"")} -> 3.765
A57: 1662 | B57: Tucker May | C57: 4 | D57: 4 | E57: 4 | F57: 3.65 | G57: 3.2 | H57: 3.25 | I57: {=IFERROR(INDEX('Dec 1'!$C$2:$C$542, MATCH($A57, 'Dec 1'!$B$2:$B$542,0)),"")} -> 3.333
A58: 1663 | B58: Zach Moeller | C58: 4 | D58: 3.666 | E58: 3.8 | F58: 3.732 | G58: 3.2 | H58: 3.266 | I58: {=IFERROR(INDEX('Dec 1'!$C$2:$C$542, MATCH($A58, 'Dec 1'!$B$2:$B$542,0)),"")} -> 3.132
A59: 1664 | B59: Luke Peterson | C59: 3.4 | D59: 3.377 | E59: 2.692 | F59: 2.35 | G59: 2.292 | H59: 2.854 | I59: {=IFERROR(INDEX('Dec 1'!$C$2:$C$542, MATCH($A59, 'Dec 1'!$B$2:$B$542,0)),"")} -> 2.715
A60: 1666 | B60: Maverick Kellar | C60: 4 | D60: 2.63 | E60: 3.2 | F60: 3.251 | G60: 3.25 | H60: 3.2 | I60: {=IFERROR(INDEX('Dec 1'!$C$2:$C$542, MATCH($A60, 'Dec 1'!$B$2:$B$542,0)),"")} -> 3.138
A61: 1668 | B61: Jared Dodson | C61: 3.87 | D61: 3.467 | E61: 3.645 | F61: 3.8 | G61: 3.821 | H61: 3.8 | I61: {=IFERROR(INDEX('Dec 1'!$C$2:$C$542, MATCH($A61, 'Dec 1'!$B$2:$B$542,0)),"")} -> 3.65
A62: 1669 | B62: Aiden Estrada | C62: 2.8 | D62: 2.93 | E62: 2.33 | F62: 2.67 | G62: 2.66 | H62: 2.4 | I62: {=IFERROR(INDEX('Dec 1'!$C$2:$C$542, MATCH($A62, 'Dec 1'!$B$2:$B$542,0)),"")} -> 2
A63: 14 | B63: Sam McMillen | C63: {=IFERROR(INDEX('Sep 1'!$C$2:$C$321, MATCH($A63,'Sep 1'!$B$2:$B$320,0)),"")} | D63: {=IFERROR(INDEX('Sep 15'!$C$2:$C$370, MATCH($A63, 'Sep 15'!$B$2:$B$370,0)),"")} -> 3.89 | E63: {=IFERROR(INDEX('Sep 29'!$C$2:$C$435, MATCH($A63, 'Sep 29'!$B$2:$B$435,0)),"")} -> 3.85 | F63: {=IFERROR(INDEX('Oct 13'!$C$2:$C$389, MATCH($A63, 'Oct 13'!$B$2:$B$389,0)),"")} -> 3.85 | G63: {=IFERROR(INDEX('Oct 27'!$C$2:$C$434, MATCH($A63, 'Oct 27'!$B$2:$B$434,0)),"")} -> 3.85 | H63: - | I63: {=IFERROR(INDEX('Dec 1'!$C$2:$C$542, MATCH($A63, 'Dec 1'!$B$2:$B$542,0)),"")} | K63: Date | L63: Chapter | M63: Active | N63: Pledge | O63: Official | Q63: FGL Team | R63: GPA | S63: Rank
A64: 15 | B64: Dylan Kracker | C64: {=IFERROR(INDEX('Sep 1'!$C$2:$C$321, MATCH($A64,'Sep 1'!$B$2:$B$320,0)),"")} | D64: {=IFERROR(INDEX('Sep 15'!$C$2:$C$370, MATCH($A64, 'Sep 15'!$B$2:$B$370,0)),"")} | E64: {=IFERROR(INDEX('Sep 29'!$C$2:$C$435, MATCH($A64, 'Sep 29'!$B$2:$B$435,0)),"")} -> 3.929 | F64: {=IFERROR(INDEX('Oct 13'!$C$2:$C$389, MATCH($A64, 'Oct 13'!$B$2:$B$389,0)),"")} -> 3.538 | G64: - | H64: - | I64: {=IFERROR(INDEX('Dec 1'!$C$2:$C$542, MATCH($A64, 'Dec 1'!$B$2:$B$542,0)),"")} | K64: 45170 | L64: =C$70 | M64: =C71 -> 3.7550678 | N64: =C72 -> 3.8003958 | O64: =AVERAGE(C$15:C$62,C$13,C$7:C$10,C$3:C$5,#REF!) -> #REF! | Q64: Team Ben | R64: =FGL!C13 -> 3.1051429 | S64: =RANK(R64,$R$64:$R$70) -> 6
A65: 16 | B65: Brett Hipsher | C65: {=IFERROR(INDEX('Sep 1'!$C$2:$C$321, MATCH($A65,'Sep 1'!$B$2:$B$320,0)),"")} | D65: {=IFERROR(INDEX('Sep 15'!$C$2:$C$370, MATCH($A65, 'Sep 15'!$B$2:$B$370,0)),"")} -> 3.97 | E65: {=IFERROR(INDEX('Sep 29'!$C$2:$C$435, MATCH($A65, 'Sep 29'!$B$2:$B$435,0)),"")} -> 3.333 | F65: {=IFERROR(INDEX('Oct 13'!$C$2:$C$389, MATCH($A65, 'Oct 13'!$B$2:$B$389,0)),"")} -> 3.67 | G65: {=IFERROR(INDEX('Oct 27'!$C$2:$C$434, MATCH($A65, 'Oct 27'!$B$2:$B$434,0)),"")} -> 3.61 | H65: - | I65: {=IFERROR(INDEX('Dec 1'!$C$2:$C$542, MATCH($A65, 'Dec 1'!$B$2:$B$542,0)),"")} | K65: 45184 | L65: =D$70 | M65: =D71 -> 3.6697049 | N65: =D72 -> 3.688625 | O65: =AVERAGE(D$15:D$62,D$13,D$7:D$10,D$3:D$5,#REF!) -> #REF! | Q65: Team Rishik | R65: =FGL!E13 -> 3.5234444 | S65: =RANK(R65,$R$64:$R$70) -> 1
A66: 1670 | B66: Max Lowrance | C66: {=IFERROR(INDEX('Sep 1'!$C$2:$C$321, MATCH($A66,'Sep 1'!$B$2:$B$320,0)),"")} | D66: {=IFERROR(INDEX('Sep 15'!$C$2:$C$370, MATCH($A66, 'Sep 15'!$B$2:$B$370,0)),"")} | E66: {=IFERROR(INDEX('Sep 29'!$C$2:$C$435, MATCH($A66, 'Sep 29'!$B$2:$B$435,0)),"")} | F66: {=IFERROR(INDEX('Oct 13'!$C$2:$C$389, MATCH($A66, 'Oct 13'!$B$2:$B$389,0)),"")} | G66: {=IFERROR(INDEX('Oct 27'!$C$2:$C$434, MATCH($A66, 'Oct 27'!$B$2:$B$434,0)),"")} | H66: - | I66: {=IFERROR(INDEX('Dec 1'!$C$2:$C$542, MATCH($A66, 'Dec 1'!$B$2:$B$542,0)),"")} -> 3.195 | K66: 45198 | L66: =E$70 | M66: =E71 -> 3.461 | N66: =E72 -> 3.4716667 | O66: =AVERAGE(E$15:E$62,E$13,E$7:E$10,E$3:E$5,#REF!) -> #REF! | Q66: Team Braeden | R66: =FGL!G13 -> 2.9635556 | S66: =RANK(R66,$R$64:$R$70) -> 7
A67: 18 | B67: Alex Bjorman | E67: {=IFERROR(INDEX('Sep 29'!$C$2:$C$435, MATCH($A67, 'Sep 29'!$B$2:$B$435,0)),"")} -> 2.048 | F67: {=IFERROR(INDEX('Oct 13'!$C$2:$C$389, MATCH($A67, 'Oct 13'!$B$2:$B$389,0)),"")} -> 2.548 | G67: {=IFERROR(INDEX('Oct 27'!$C$2:$C$434, MATCH($A67, 'Oct 27'!$B$2:$B$434,0)),"")} -> 3 | H67: - | I67: {=IFERROR(INDEX('Dec 1'!$C$2:$C$542, MATCH($A67, 'Dec 1'!$B$2:$B$542,0)),"")} | K67: 45212 | L67: =F$70 | M67: =F71 -> 3.3249355 | N67: =F72 -> 3.2881489 | O67: =AVERAGE(F$15:F$62,F$13,F$7:F$10,F$3:F$5,#REF!) -> #REF! | Q67: Team Scott | R67: =FGL!I13 -> 3.125625 | S67: =RANK(R67,$R$64:$R$70) -> 4 | U67: =FGL!P13
A68: x | B68: Zach Player | H68: - | K68: 45226 | L68: =G70 -> - | M68: =G71 -> 3.307925 | N68: =G72 -> 3.2830978 | O68: =AVERAGE(G$15:G$62,G$13,G$7:G$10,G$3:G$5,#REF!) -> #REF! | Q68: Team James | R68: =FGL!K13 -> 3.4478571 | S68: =RANK(R68,$R$64:$R$70) -> 3
A69: 12 | B69: James Mallory | C69: 3 | E69: 3 | F69: 2.75 | G69: - | H69: - | K69: 45240 | L69: =H70 -> - | M69: =H71 -> 3.2632193 | N69: =H72 -> 3.23225 | O69: =AVERAGE(H$15:H$62,H$13,H$7:H$10,H$3:H$5,#REF!) -> #REF! | Q69: Team Sean | R69: =FGL!M13 -> 3.10825 | S69: =RANK(R69,$R$64:$R$70) -> 5
B70: Kadren Miller | E70: {=IFERROR(INDEX('Sep 29'!$C$2:$C$435, MATCH($A70, 'Sep 29'!$B$2:$B$435,0)),"")} | F70: {=IFERROR(INDEX('Oct 13'!$C$2:$C$389, MATCH($A70, 'Oct 13'!$B$2:$B$389,0)),"")} | G70: - | H70: - | I70: {=IFERROR(INDEX('Dec 1'!$C$2:$C$542, MATCH($A70, 'Dec 1'!$B$2:$B$542,0)),"")} | K70: 45261 | L70: =I70 | M70: =I71 | N70: =I72 | O70: =AVERAGE(I$15:I$62,I$13,I$7:I$10,I$3:I$5,#REF!) -> #REF! | Q70: Team Harry | R70: =FGL!O13 -> 3.4665556 | S70: =RANK(R70,$R$64:$R$70) -> 2
B71: Chapter Avg | C71: =AVERAGE(C3:C67) -> 3.7550678 | D71: =AVERAGE(D3:D67) -> 3.6697049 | E71: =AVERAGE(E3:E67) -> 3.461 | F71: =AVERAGE(F3:F67) -> 3.3249355 | G71: =AVERAGE(G3:G67) -> 3.307925 | H71: =AVERAGE(H3:H70) -> 3.2632193
B72: Active Avg | C72: =AVERAGE(C3:C51) -> 3.8003958 | D72: =AVERAGE(D3:D51) -> 3.688625 | E72: =AVERAGE(E3:E51) -> 3.4716667 | F72: =AVERAGE(F3:F51) -> 3.2881489 | G72: =AVERAGE(G3:G51) -> 3.2830978 | H72: =AVERAGE(H3:H51) -> 3.23225
B73: Pledge Avg | C73: =AVERAGE(C53:C69) -> 3.4663636 | D73: =AVERAGE(D53:D69) -> 3.5665 | E73: =AVERAGE(E53:E69) -> 3.3602 | F73: =AVERAGE(F53:F69) -> 3.3568667 | G73: =AVERAGE(G53:G69) -> 3.3425385 | H73: =AVERAGE(H53:H69) -> 3.332
K74: Date | L74: F22 (Pledges) | M74: S22 | N74: F21 | O74: S21 | P74: F20 | Q74: S20 | R74: F19 | S74: Before
B75: Mean | C75: =C72 -> 3.8003958 | D75: =D72 -> 3.688625 | E75: =E72 -> 3.4716667 | F75: =F72 -> 3.2881489 | G75: =G72 -> 3.2830978 | H75: =H72 -> 3.23225 | K75: 44820 | L75: =C72 -> 3.8003958 | M75: =AVERAGE($C$48:$C$51) -> 3.58 | N75: =AVERAGE($C$30:$C$46) -> 3.874 | O75: =AVERAGE($C$29:$C$34) -> 3.7921667 | P75: =AVERAGE($C$16:$C$27) -> 3.7365 | Q75: =AVERAGE($C$15) -> 4 | R75: =AVERAGE($C$3:$C$14) -> 3.8472727 | S75: =AVERAGE($C$2) -> 4
B76: Standard Dev | C76: =STDEV(C2:C66) -> 0.44830055 | D76: =STDEV(D2:D62) -> 0.51266588 | E76: =STDEV(E2:E62) -> 0.51991345 | F76: =STDEV(F2:F62) -> 0.57646559 | G76: =STDEV(G2:G62) -> 0.5384622 | H76: =STDEV(H2:H62) -> 0.60411089 | K76: 44834 | L76: =D72 -> 3.688625 | M76: =AVERAGE($D$48:$D$51) -> 3.59575 | N76: =AVERAGE($D$30:$D$46) -> 3.7122941 | O76: =AVERAGE($D$29:$D$34) -> 3.7476667 | P76: =AVERAGE($D$16:$D$27) -> 3.684 | Q76: =AVERAGE($D$15) -> 4 | R76: =AVERAGE($D$3:$D$14) -> 3.6676364 | S76: =AVERAGE($D$2) -> 3.85
B77: Coefficient of Variation | C77: =C76/C75 -> 0.11796154 | D77: =D76/D75 -> 0.13898563 | E77: =E76/E75 -> 0.14975903 | F77: =F76/F75 -> 0.17531614 | G77: =G76/G75 -> 0.1640104 | H77: =H76/H75 -> 0.18690104 | K77: 44848 | L77: =E72 -> 3.4716667 | M77: =AVERAGE($E$48:$E$51) -> 3.29775 | N77: =AVERAGE($E$30:$E$46) -> 3.498 | O77: =AVERAGE($E$29:$E$34) -> 3.5563333 | P77: =AVERAGE($E$16:$E$27) -> 3.4619167 | Q77: =AVERAGE($E$15) -> 3.31 | R77: =AVERAGE($E$3:$E$14) -> 3.4916364 | S77: =AVERAGE($E$2) -> 3.845
K78: 44862 | L78: =F72 -> 3.2881489 | M78: =AVERAGE($F$48:$F$51) -> 2.92925 | N78: =AVERAGE($F$30:$F$46) -> 3.2674706 | O78: =AVERAGE($F$29:$F$34) -> 3.1821667 | P78: =AVERAGE($F$16:$F$27) -> 3.3433636 | Q78: =AVERAGE($F$15) -> 3.534 | R78: =AVERAGE($F$3:$F$14) -> 3.3493636 | S78: =AVERAGE($F$2) -> 3.462
K79: 44876 | L79: =G72 -> 3.2830978 | M79: =AVERAGE($G$48:$G$51) -> 3.2575 | N79: =AVERAGE($G$30:$G$46) -> 3.2405937 | O79: =AVERAGE($G$29:$G$34) -> 3.2136 | P79: =AVERAGE($G$16:$G$27) -> 3.2776364 | Q79: =AVERAGE($G$15) -> 3.5 | R79: =AVERAGE($G$3:$G$14) -> 3.3219091 | S79: =AVERAGE($G$2) -> 3.538
K80: 44897
K82: Term | L82: Theta Xi GPA | M82: Greek Male Average | O82: All Male Average
I83: Chef | K83: Fall 18 | L83: 2.733 | M83: Ranked 46/51
I84: Chef | K84: Spring 19 | L84: 2.919 | M84: Ranked 41/51
I85: Gifford | K85: Fall 19 | L85: 2.819 | M85: 3.133 | O85: 3.032
I86: Gifford | K86: Fall 20 | L86: 3.006 | M86: 3.213 | O86: 3.032
I87: Nate | K87: Spring 21 | L87: 3.267 | M87: 3.307 | O87: 3.187
I88: Nate | K88: Fall 21 | L88: 3.167 | M88: 3.221 | O88: 3.084
I89: Trenton | K89: Spring 22 | L89: 3.331 | M89: 3.29 | O89: 3.161
I90: Trenton | K90: Fall 22 | L90: 3.091 | M90: 3.265 | O90: 3.131
I91: Haptonstall | K91: Spring 23 | L91: 3.121 | M91: 3.337 | O91: 3.198
I92: Haptonstall | K92: Fall 23
I93: Smyth | K93: Spring 24

Sheet Grade History
A1: AE | B1: Name | C1: Spring 2023 | D1: Cumulative | I1: Name | J1: Fall 2022 | K1: Name | L1: Spring 2022 | M1: Name | N1: Fall 2021
A2: 1577 | B2: Brady Sorbin | C2: No Data | D2: Est - 3 | I2: Adam Varghese | J2: 4 | K2: Toby Tobin | L2: No data | M2: Nathan Herrera | N2: 0
A3: 1582 | B3: Toby Tobin | C3: No Data | D3: Est - 2.3 | I3: Connor McCratic | J3: 4 | K3: Jack Kay | L3: No data | M3: Kobee Brewer | N3: 0.666
A4: 1594 | B4: Thomas Hope | C4: 4 | D4: 3.951 | I4: Thomas Hope | J4: 4 | K4: Kobee Brewer | L4: No data | M4: Ethan Webster | N4: 1.468
A5: 1615 | B5: Harry Wells | C5: 4 | D5: 3.984 | I5: Harry Wells | J5: 4 | K5: Jared Ott | L5: 4 | M5: Sean Doumitt | N5: 1.534
A6: 1628 | B6: James Moeller | C6: 3.934 | D6: 3.334 | I6: Nolan Johnson | J6: 4 | K6: Trenton Sedlacek | L6: 4 | M6: AJ Fields | N6: 1.75
A7: 1613 | B7: Andrew Wellman | C7: 3.917 | D7: 3.679 | I7: Braeden Haptonstall | J7: 4 | K7: Nolan Johnson | L7: 4 | M7: Kris Anwar | N7: 1.869
A8: 1620 | B8: Trenton Sedlacek | C8: 3.917 | D8: 3.93 | I8: Danny Smyth | J8: 4 | K8: Braeden Haptonstall | L8: 4 | M8: Evan Seipold | N8: 1.998
A9: 1598 | B9: Callahan Weeks | C9: 3.856 | D9: 3.388 | I9: Charlie Gifford | J9: 3.917 | K9: Harrison Wells | L9: 3.93 | M9: Dennis Ngyuyen | N9: 2.334
A10: 1591 | B10: Nate Hollenbeck | C10: 3.835 | D10: 3.708 | I10: Michael Leiting | J10: 3.881 | K10: Tyler Day | L10: 3.832 | M10: Hunter Kinnaman | N10: 2.375
A11: 1637 | B11: Sebastian Palka | C11: 3.8 | D11: 3.733 | I11: Trenton Sedlacek | J11: 3.832 | K11: Charlie Gifford | L11: 3.823 | M11: Alex Pahadi | N11: 2.477
A12: 1639 | B12: Danny Smyth | C12: 3.762 | D12: 3.889 | I12: Nate Hollenbeck | J12: 3.769 | K12: Jeffrey Noh | L12: 3.814 | M12: James Moeller | N12: 2.536
A13: 1634 | B13: Braeden Haptonstall | C13: 3.742 | D13: 3.744 | I13: Jordan Lockert | J13: 3.76 | K13: Connor McCratic | L13: 3.8 | M13: Rishik Kancharla | N13: 2.6
A14: 1621 | B14: Nolan Johnson | C14: 3.707 | D14: 3.914 | I14: Logan McDonald | J14: 3.706 | K14: Tanner Hipnar | L14: 3.776 | M14: Jack Nicholl | N14: 2.666
A15: 1648 | B15: Sam Mueggenberg | C15: 3.667 | D15: 3.617 | I15: Sebastian Palka | J15: 3.686 | K15: Brady Ferryman | L15: 3.75 | M15: Nico Bianchette | N15: 2.734
A16: 1626 | B16: Jordan Lockert | C16: 3.625 | D16: 3.734 | I16: Connor Wieseman | J16: 3.668 | K16: AJ Fields | L16: 3.743 | M16: Anibal Grajeda | N16: 2.75
... A51: 1636 | B51: Nikolas Ostrowski | C51: 2 | D51: 1.4 | I51: Elijah Doyle | J51: 2.691 | K51: Connor Radde | L51: 2.668 | M51: Connor McCratic | N51: 3.666
I52: Colby Hehnke | J52: 2.642 | K52: Del Casteel | L52: 2.603 | M52: Max Dikker | N52: 3.667
I53: Brady Perna | J53: 2.582 | K53: Grant Crockett | L53: 2.582 | M53: Nolan Johnson | N53: 3.667
I54: Del Casteel | J54: 2.547 | K54: Dennis Nguyen | L54: 2.4 | M54: Michael Leiting | N54: 3.71
I55: AJ Fields | J55: 2.534 | K55: Nikolas Ostrowski | L55: 2.332 | M55: Logan McDonald | N55: 3.75
I56: Jack Kay | J56: 2.5 | K56: Anibal Grajeda | L56: 2 | M56: Randy Rafert | N56: 3.75
I57: Anibal Grajeda | J57: 2.5 | M57: Jeffrey Noh | N57: 3.778
I58: Jaren Hoffart | J58: 2.5 | M58: Charlie Gifford | N58: 3.812
I59: Toby Tobin | J59: 2.332 | M59: Tyler Lechner | N59: 3.822
I60: Braeden Aherns | J60: 1.667 | M60: Zach Hamilton | N60: 3.855
I61: Mac Clarke | J61: 1.572 | M61: Jared Ott | N61: 3.862
I62: Andrew Quick | J62: 0.915 | M62: Joe Kopetka | N62: 3.866
I63: Nikolas Ostrowski | J63: 0.417 | M63: Andrew Wellman | N63: 3.866
M64: Jordan Lockert | N64: 3.876
M65: Trenton Sedlacek | N65: 3.923
M66: Thomas Hope | N66: 3.955
M67: Carter Lawson | N67: 4
M68: Harrison Wells | N68: 4

Sheet FGL
A1: Fantasy Grades League Standings
A2: C | B2: Ben Morse | C2: {=IFERROR(INDEX(SIN(, MATCH($B2, Chapter,0)),""),"")} | D2: Rishik Kancharla | E2: {=IFERROR(INDEX(Seven, MATCH($D2, Chapter,0)),"")} -> 2.626 | F2: Braeden Aherns | G2: {=IFERROR(INDEX(Seven, MATCH($D2, Chapter,0)),"")} -> 2.626 | H2: Scott Lundin | I2: {=IFERROR(INDEX(Seven, MATCH($H2, Chapter,0)),"")} -> 2.665 | J2: James Moeller | K2: {=IFERROR(INDEX(Seven, MATCH($J2, Chapter,0)),"")} -> 3.845 | L2: Sean Pate | M2: {=IFERROR(INDEX(Seven, MATCH($L2, Chapter,0)),"")} -> 2.934 | N2: Harry Wells | O2: {=IFERROR(INDEX(Seven, MATCH($N2, Chapter,0)),"")} -> 4 | P2: C | R2: Spring 2022 | S2: Team Captains
A3: 1 | B3: Callahan Weeks | C3: {=IFERROR(INDEX(SIx, MATCH($B3, Chapter,0)),"")} -> 3.856 | D3: Nate Hollenbeck | E3: {=IFERROR(INDEX(Seven, MATCH($D3, Chapter,0)),"")} -> 4 | F3: Thomas Hope | G3: {=IFERROR(INDEX(Seven, MATCH($F3, Chapter,0)),"")} -> 3.5 | H3: Andrew Wellman | I3: {=IFERROR(INDEX(Seven, MATCH($H3, Chapter,0)),"")} -> 3.53 | J3: Trenton Sedlacek | K3: {=IFERROR(INDEX(Seven, MATCH($J3, Chapter,0)),"")} -> 3.668 | L3: Sebastian Palka | M3: {=IFERROR(INDEX(Seven, MATCH($L3, Chapter,0)),"")} -> 4 | N3: Danny Smyth | O3: {=IFERROR(INDEX(Seven, MATCH($N3, Chapter,0)),"")} -> 3.833 | P3: 1 | S3: x | T3: Nolan Johnson | U3: Nate Hollenbeck | V3: Callahan | W3: Elijah | X3: Ben | Y3: Brady | Z3: Hubert
A4: 2 | B4: Antonio Soto | C4: {=IFERROR(INDEX(Seven, MATCH($B4, Chapter,0)),"")} -> 3.69 | D4: Michael Leiting | E4: {=IFERROR(INDEX(Seven, MATCH($D4, Chapter,0)),"")} -> 3.856 | F4: Evan Siepold | G4: {=IFERROR(INDEX(Seven, MATCH($F4, Chapter,0)),"")} -> 2 | H4: Elijah Doyle | I4: {=IFERROR(INDEX(Seven, MATCH($H4, Chapter,0)),"")} -> 3.75 | J4: Sam Mueggenberg | K4: {=IFERROR(INDEX(Seven, MATCH($J4, Chapter,0)),"")} -> 3.75 | L4: Joe Schmit | M4: {=IFERROR(INDEX(Seven, MATCH($L4, Chapter,0)),"")} -> 2.667 | N4: Nolan Johnson | O4: {=IFERROR(INDEX(Seven, MATCH($N4, Chapter,0)),"")} -> 4 | P4: 2 | R4: Above House Avg | S4: 1 | T4: Harrison | U4: Tyler Lechner | V4: Connor McCratic | W4: Carter Lawson | X4: Charlie | Y4: Randy | Z4: Max Dikker
A5: 3 | B5: Owen Micek | C5: {=IFERROR(INDEX(Seven, MATCH($B5, Chapter,0)),"")} -> 3.083 | D5: Carson Dodd | E5: {=IFERROR(INDEX(Seven, MATCH($D5, Chapter,0)),"")} -> 3.744 | F5: Garrett Smith | G5: {=IFERROR(INDEX(Seven, MATCH($F5, Chapter,0)),"")} -> 3.308 | H5: Connor Radde | I5: {=IFERROR(INDEX(Seven, MATCH($H5, Chapter,0)),"")} -> 3 | J5: Logan McDonald | K5: {=IFERROR(INDEX(Seven, MATCH($J5, Chapter,0)),"")} -> 3.687 | L5: Cutter Riveland | M5: {=IFERROR(INDEX(Seven, MATCH($L5, Chapter,0)),"")} -> 2.645 | N5: AJ Fields | O5: {=IFERROR(INDEX(Seven, MATCH($N5, Chapter,0)),"")} -> 3.534 | P5: 3 | R5: Below House Avg | S5: 2 | T5: Joe Kopetka | U5: Zachary Hamilton | V5: Logan McDonald | W5: Jared Ott | X5: Jordan Lockert | Y5: David Frohardt | Z5: Tyler Day
A6: 4 | B6: Nick Nemec | C6: {=IFERROR(INDEX(Seven, MATCH($B6, Chapter,0)),"")} -> 2.89 | D6: Brady Perna | E6: {=IFERROR(INDEX(Seven, MATCH($D6, Chapter,0)),"")} -> 3.585 | F6: Riley Pankow | G6: {=IFERROR(INDEX(Seven, MATCH($F6, Chapter,0)),"")} -> 3.14 | H6: Nik Ostrowski | I6: {=IFERROR(INDEX(Seven, MATCH($H6, Chapter,0)),"")} -> 2 | J6: Nico Bianchette | K6: {=IFERROR(INDEX(Seven, MATCH($J6, Chapter,0)),"")} -> 3.134 | L6: JD Loera | M6: {=IFERROR(INDEX(Seven, MATCH($L6, Chapter,0)),"")} -> 2.95 | N6: Miles Budzinski | O6: {=IFERROR(INDEX(Seven, MATCH($N6, Chapter,0)),"")} -> 3.083 | P6: 4 | R6: Below 2.75 | S6: 3 | T6: Jan Gomez | U6: Jeffrey | V6: Grant Crockett | W6: Adam Varghese | X6: Michael Leiting | Y6: Andrew Wellman | Z6: Robert Killgore
A7: 5 | B7: Carlos Garcia | C7: {=IFERROR(INDEX(Seven, MATCH($B7, Chapter,0)),"")} -> 3.085 | D7: Grant Crockett | E7: {=IFERROR(INDEX(Seven, MATCH($D7, Chapter,0)),"")} -> 3.335 | F7: Spencer Sartore | G7: {=IFERROR(INDEX(Seven, MATCH($F7, Chapter,0)),"")} -> 3.365 | H7: Kris Anwar | I7: {=IFERROR(INDEX(Seven, MATCH($H7, Chapter,0)),"")} -> 3.58 | J7: Hunter Kinnaman | K7: {=IFERROR(INDEX(Seven, MATCH($J7, Chapter,0)),"")} -> 2.58 | L7: Colby Hehnke | M7: {=IFERROR(INDEX(Seven, MATCH($L7, Chapter,0)),"")} -> 2.882 | N7: Jan Gomez | O7: {=IFERROR(INDEX(Seven, MATCH($N7, Chapter,0)),"")} -> 3.066 | P7: 5 | R7: No Data | S7: 4 | T7: Connor Wieseman | U7: Chuck | V7: Rishik Kancharla | W7: Tanner Hipnar | X7: Sean Pate | Y7: Grant Casey | Z7: Brady Sorbin
A8: 6 | B8: Brady Sorbin | C8: {=IFERROR(INDEX(Seven, MATCH($B8, Chapter,0)),"")} -> 2 | D8: Mac Clarke | E8: {=IFERROR(INDEX(Seven, MATCH($D8, Chapter,0)),"")} -> 3.258 | G8: {=IFERROR(INDEX(Seven, MATCH($F8, Chapter,0)),"")} | I8: {=IFERROR(INDEX(Seven, MATCH($H8, Chapter,0)),"")} | J8: William Miller | K8: {=IFERROR(INDEX(Seven, MATCH($J8, Chapter,0)),"")} -> 3.471 | L8: Maverick Kellar | M8: {=IFERROR(INDEX(Seven, MATCH($L8, Chapter,0)),"")} -> 3.138 | N8: Hayden Smith | O8: {=IFERROR(INDEX(Seven, MATCH($N8, Chapter,0)),"")} -> 2.488 | P8: 6 | R8: House Avg = 3.331 | S8: 5 | T8: Mason Mattes | U8: Tommy | V8: Scott Lundin | W8: Gage | X8: James Moeller | Y8: Antonio Soto | Z8: Del
A9: 7 | B9: Zach Moeller | C9: {=IFERROR(INDEX(Seven, MATCH($B9, Chapter,0)),"")} -> 3.132 | D9: Tag Niepomnik | E9: {=IFERROR(INDEX(Seven, MATCH($D9, Chapter,0)),"")} -> 3.64 | F9: Tucker May | G9: {=IFERROR(INDEX(Seven, MATCH($F9, Chapter,0)),"")} -> 3.333 | H9: Ved Patel | I9: {=IFERROR(INDEX(Seven, MATCH($H9, Chapter,0)),"")} -> 3.765 | K9: {=IFERROR(INDEX(SIx, MATCH($J9, Chapter,0)),"")} | L9: Jared Dodson | M9: {=IFERROR(INDEX(Seven, MATCH($L9, Chapter,0)),"")} -> 3.65 | N9: Ben Stearnes | O9: {=IFERROR(INDEX(Seven, MATCH($N9, Chapter,0)),"")} -> 4 | P9: 7 | S9: 6 | T9: Connor Radde | U9: Kris | V9: Ethan Halliday | W9: Owen Micek | X9: Anibal | Y9: Joel | Z9: Hunter fitton
A10: 8 | C10: {=IFERROR(INDEX(SIx, MATCH($B10, Chapter,0)),"")} | D10: Cole Bader | E10: {=IFERROR(INDEX(Seven, MATCH($D10, Chapter,0)),"")} -> 3.667 | F10: Charlie Poitras | G10: {=IFERROR(INDEX(Seven, MATCH($F10, Chapter,0)),"")} -> 3.4 | H10: Luke Peterson | I10: {=IFERROR(INDEX(Seven, MATCH($H10, Chapter,0)),"")} -> 2.715 | K10: {=IFERROR(INDEX(SIx, MATCH($J10, Chapter,0)),"")} | M10: {=IFERROR(INDEX(SIx, MATCH($L10, Chapter,0)),"")} | N10: Max Lowrance | O10: {=IFERROR(INDEX(Seven, MATCH($N10, Chapter,0)),"")} -> 3.195 | P10: 8 | S10: 7 | T10: Drew Olsen | U10: Alex Pahadi | V10: Jack Kay | W10: Carson Dodd | X10: Dennis Nguyen | Y10: Andrew Quick | Z10: matthew rowland
A11: 9 | C11: {=IFERROR(INDEX(Four, MATCH($B11, Chapter,0)),"")} | E11: {=IFERROR(INDEX(Three, MATCH($D11, Chapter,0)),"")} | F11: Aiden Estrada | G11: {=IFERROR(INDEX(Seven, MATCH($F11, Chapter,0)),"")} -> 2 | I11: {=IFERROR(INDEX(Five, MATCH($H11, Chapter,0)),"")} | K11: {=IFERROR(INDEX(Five, MATCH($J11, Chapter,0)),"")} | M11: {=IFERROR(INDEX(Three, MATCH($L11, Chapter,0)),"")} | O11: {=IFERROR(INDEX(SIx, MATCH($N11, Chapter,0)),"")} | P11: 9 | S11: 8 | T11: Toby | U11: Sean Doumitt | V11: Kobee | W11: Jack nicholl | X11: AJ Fields | Y11: Nico | Z11: Braden
A12: 10 | C12: {=IFERROR(INDEX(One, MATCH($B12, Chapter,0)),"")} | E12: {=IFERROR(INDEX(One, MATCH($D12, Chapter,0)),"")} | G12: {=IFERROR(INDEX(One, MATCH($F12, Chapter,0)),"")} | I12: {=IFERROR(INDEX(One, MATCH($H12, Chapter,0)),"")} | K12: {=IFERROR(INDEX(One, MATCH($J12, Chapter,0)),"")} | M12: {=IFERROR(INDEX(One, MATCH($L12, Chapter,0)),"")} | O12: {=IFERROR(INDEX(One, MATCH($N12, Chapter,0)),"")} | P12: 10 | S12: 9 | T12: Braeden Haptonstall | U12: Jaren Hoffart | V12: Braeden Aherns | W12: Evan Siepold | X12: Sebastian Palka | Y12: Nikolas Ostrowski
B13: Avg | C13: =AVERAGE(C2:C12) -> 3.1051429 | D13: Avg | E13: =AVERAGE(E2:E12) -> 3.5234444 | F13: Avg | G13: =AVERAGE(G2:G12) -> 2.9635556 | H13: Avg | I13: =AVERAGE(I2:I12) -> 3.125625 | J13: Avg | K13: =AVERAGE(K2:K12) -> 3.4478571 | L13: Avg | M13: =AVERAGE(M2:M12) -> 3.10825 | N13: Avg | O13: =AVERAGE(O2:O12) -> 3.4665556
B14: Rank | C14: =RANK(C13,$C$13:$O$13,0) -> 6 | D14: Rank | E14: =RANK(E13,$C$13:$O$13,0) -> 1 | F14: Rank | G14: =RANK(G13,$C$13:$O$13,0) -> 7 | H14: Rank | I14: =RANK(I13,$C$13:$O$13,0) -> 4 | J14: Rank | K14: =RANK(K13,$C$13:$O$13,0) -> 3 | L14: Rank | M14: =RANK(M13,$C$13:$O$13,0) -> 5 | N14: Rank | O14: =RANK(O13,$C$13:$O$13,0) -> 2 | R14: Autumn 2022
S15: Fantasy Grades League Standings
R16: Above House Avg | S16: C | T16: Nolan Johnson | U16: Braeden Haptonstall | V16: Elijah Doyle | W16: Ben Morse | X16: Callahan Weeks | Y16: Brady Ferryman | Z16: Nate Hollenbeck
R17: Below House Avg | S17: 1 | T17: Harry Wells | U17: Jared Ott | V17: Charlie Gifford | W17: Andrew Wellman | X17: Jeffrey Noh | Y17: Connor McCratic | Z17: Zach Hamilton
R18: Below 2.75 | S18: 2 | T18: Tommy Lemon | U18: Logan McDonald | V18: Max Dikker | W18: Sebastian Palka | X18: Adam Varghese | Y18: Jordan Lockert | Z18: Tyler Day
R19: No Data | S19: 3 | T19: Michael Leiting | U19: Rishik Kancharla | V19: Sean Pate | W19: Connor Wieseman | X19: AJ Fields | Y19: Antonio Soto | Z19: Chuck Schultz
R20: House Avg = 3.169 | S20: 4 | T20: Jan Gomez | U20: Braeden Aherns | V20: Carson Dodd | W20: Scott Lundin | X20: Ethan Halliday | Y20: Thomas Hope | Z20: Nico Bianchette
S21: 5 | T21: Jaren Hoffart | U21: Owen Micek | V21: Dennis Nguyen | W21: Connor Radde | X21: James Moeller | Y21: Hunter Fitton | Z21: Hunter Kinnaman
S22: 6 | T22: Del Casteel | U22: Kris Anwar | V22: Braden Harris | W22: Andrew Quick | X22: Brady Sorbin | Y22: Grant Crockett | Z22: Evan Siepold
S23: 7 | T23: Jack Kay | U23: Toby Tobin | W23: Nikolas Ostrowski | Y23: Anibal Grajeda | Z23: Gage Crowell
S24: 8 | T24: Riley Pankow | U24: Miles Budzinski | V24: Mac Clarke | W24: Colton Billings | X24: Jacob Hornbeck | Y24: Garrett Smith | Z24: Danny Smyth
S25: 9 | V25: Cutter Riveland | X25: Sam Mueggenberg | Y25: Brady Perna | Z25: Hayden Smith
S26: 10 | Y26: William Miller

Sheet Sep 1
A1: Timestamp | B1: AE | C1: GPA | D1: Canvas Screenshot(s) | E1: Questions/Comments
A2: 45165.824 | B2: 1634 | C2: 4 | D2: https://drive.google.com/open?id=11cta5LRgQtovJBaJ4NY2V1DwCJPbmQAd | E2: plz wrk
A3: 45165.838 | B3: 1613 | C3: 4 | D3: https://drive.google.com/open?id=1N6QioBCzhRgicgFuinywS3-dwCT1NiGs | E3: Balls
A4: 45166.319 | B4: 1621 | C4: 4 | D4: https://drive.google.com/open?id=1bTYUwTsTYfkLlL2ga8Q1T9NeB6oijPRL
A5: 45166.354 | B5: 1647 | C5: 4 | D5: https://drive.google.com/open?id=1BX5LRy00MivKvNCrwSbwzLyiE0tLHDWf
A6: 45166.474 | B6: 3 | C6: 3 | D6: https://drive.google.com/open?id=1hNJU-0Fg56XdBvkTC9dkzDiQ5ECBH6mg, https://drive.google.com/open?id=1OpqBCnqt0Kg-owKWG_qIO-AM4RsgzRpA
A7: 45166.506 | B7: 1645 | C7: 4 | D7: https://drive.google.com/open?id=1Qz9NxzjB4Qgxys98BjumB2aNu-TJvAo_ | E7: Hiiiiiiiii Brrraaaeeedeeeeennnn
A8: 45166.598 | B8: 1597 | C8: 4 | D8: https://drive.google.com/open?id=1VMdDWyjHyQViQIlX81M8V3g6gf3eNwE7 | E8: I have no grades in yet so I put a 4
A9: 45166.645 | B9: 1594 | C9: 4 | D9: https://drive.google.com/open?id=1cpZv6wSAjT_Q1R1HmcJdKSyoocIPfJV9 | E9: No grades in
A10: 45166.712 | B10: 1564 | C10: 4 | D10: https://drive.google.com/open?id=1h3v47SDCawlykcboFuOCZzHzTisbKAM0, https://drive.google.com/open?id=1puU7uZNYYafQbH38j1qP9uucYwSdQrKQ
A11: 45166.75 | B11: 1618 | C11: 4 | D11: https://drive.google.com/open?id=1IOVBxFDBtzd7D-KhKz9J1wuyJSxL049g
A12: 45166.854 | B12: 1631 | C12: 4 | D12: https://drive.google.com/open?id=1574lo42U6L4cTAd6h2GzCPSMTDW5hQ-4
A13: 45166.92 | B13: 1641 | C13: 3.222 | D13: https://drive.google.com/open?id=1TLrbc0iRDbT-EkZYKKVxJAXsw0hDn8vv | E13: ADPR 283 zero from ungraded syllabus quiz. Real grade is 100
A14: 45167.522 | B14: 1648 | C14: 4 | D14: https://drive.google.com/open?id=1eHqBNYe7POyr62MH1vm3ksmL-_gtRe1j
A15: 45168.651 | B15: 1644 | C15: 4 | D15: https://drive.google.com/open?id=1pXxc6DBJJIdrWgHdSbaVlFouoaeXu10I | E15: Balls
A16: 45169.498 | B16: 1595 | C16: 4 | D16: https://drive.google.com/open?id=11LgfsUY8sMOQX_DmhUVUHylU6ekGLx8i, https://drive.google.com/open?id=1VS5QLq_m23-cUVt34g4NzMUboYjaXJKn
A17: 45169.499 | B17: 1596 | C17: 4 | D17: https://drive.google.com/open?id=16Ia50xYIMSLwLd2jeZElcwnK-72bVqhy
A18: 45169.501 | B18: 1653 | C18: 2.9 | D18: https://drive.google.com/open?id=1rHW13flVQteVE0X_8k6TX91M5sGhR-TX, https://drive.google.com/open?id=1qhZoEubAyurQn01VAIR36WSVOeDmMiEy, https://drive.google.com/open?id=10PIjUc4-codkh94bUq0tKahdrQC90mRZ
A19: 45169.504 | B19: 1650 | C19: 4 | D19: https://drive.google.com/open?id=1U6TaHhAZR1pJBiLGqt0y76w-EdJxdv6k
A20: 45169.505 | B20: 1625 | C20: 4 | D20: https://drive.google.com/open?id=14wCYborAjmr4cQs-FcQnBae8MCZ5y4Xw
A21: 45169.525 | B21: 1627 | C21: 4 | D21: https://drive.google.com/open?id=1-74S43oFu3wN1_HhlkzWQ7dxsfBrho9E
A22: 45169.525 | B22: 1639 | C22: 4 | D22: https://drive.google.com/open?id=1wo9x7SsAzNXzNu8Ne_JDQXYZBenHkfvf, https://drive.google.com/open?id=1VXnP-lsUhTPQ_RQuzafoi2PqOH219Azq
A23: 45169.529 | B23: 1598 | C23: 4 | D23: https://drive.google.com/open?id=1dOu-XzZmLBMZ8kGbSPoKTzt0syxDGVPC
A24: 45169.534 | B24: 1637 | C24: 4 | D24: https://drive.google.com/open?id=1aZP0u9C0A-GTnFKiiS7WaRY70rdhMKf9 | E24: Skeet skeet yet yeet
A25: 45169.544 | B25: 1640 | C25: 4 | D25: https://drive.google.com/open?id=1C73hLUj8XGfKzhGdOukB2DOQ-ZP-x0SN, https://drive.google.com/open?id=10raJC_qypT43pdDea7k53tFFNWm6_iCt | E25: 4.0 bitch
A26: 45169.56 | B26: 1620 | C26: 4 | D26: https://drive.google.com/open?id=1-gM6EAWpCksxoiwwdADS2f4MVyBt8iNN | E26: Grade forms make me happy :):) keep being awesome!
A27: 45169.602 | B27: 1654 | C27: 4 | D27: https://drive.google.com/open?id=1IQ27WMLKUppNAhQ6XthkTTsFVbs3hwqs
A28: 45169.817 | B28: 13 | C28: 4 | D28: https://drive.google.com/open?id=1J0iMVubKnv-ebjWWR6v1EU1aV0ImvcdI | E28: i’m him
A29: 45169.823 | B29: 1 | C29: 2.8 | D29: https://drive.google.com/open?id=1ps7KZccEvYD5p3TzKUeaHbOtWIjBy1ef, https://drive.google.com/open?id=1cwgNfYyy4iD_8pTzBz9lCsw-GeKwWHdf
A30: 45170.3 | B30: 11 | C30: 3.917 | D30: https://drive.google.com/open?id=15owxuVdbEh9xOub-sIlBbjiFwAsfYMtN, https://drive.google.com/open?id=1tsDo4so4mDEwDCAHNODk8QUGo1i1kYG6 | E30: I have 2 zero credit classes. I didn’t add those into the calculations because they have no credits. Lmk if that wrong.
A31: 45170.371 | B31: 1599 | C31: 3.4 | D31: https://drive.google.com/open?id=10BFb7y9gPrQOvm9PE0qn9eE30pIZbQS7, https://drive.google.com/open?id=1xJScv6lp5zZK9CwdNs4NSlCnYT3BUzoa | E31: I got a 5/8 on my SCMA quiz that’s why it says 62
A32: 45170.371 | B32: 1635 | C32: 4 | D32: https://drive.google.com/open?id=1zWhb4sWf8oR9FEnTxP_zBB4K3dCa0Y9j
A33: 45170.386 | B33: 1623 | C33: 4 | D33: https://drive.google.com/open?id=1oBpV7BIKF2piSg4LCXPOwUU2ZQE_0gni
A34: 45170.401 | B34: 6 | C34: 3.4 | D34: https://drive.google.com/open?id=1somufITS4KX7BFEY26zNqs-FstI51bLn
A35: 45170.403 | B35: 1652 | C35: 3.25 | D35: https://drive.google.com/open?id=18ileF0233t-64J979_zHH3FKVPkkqf_K, https://drive.google.com/open?id=1vbktVi6g9GLzxQ94D-_8sxUMCRoAarUx
A36: 45170.447 | B36: 1632 | C36: 3.3 | D36: https://drive.google.com/open?id=1eyksYdMh06N9GStndX99CbEDVyF78_5Y, https://drive.google.com/open?id=1r2zlNWqsCC5PutQz51pDhLqzWeXbkopT
A37: 45170.45 | B37: 2 | C37: 4 | D37: https://drive.google.com/open?id=1bxMJdeTg_RwNjuaeRMs7bQG4FSgDWNHb
A38: 45170.462 | B38: 8 | C38: 4 | D38: https://drive.google.com/open?id=1bvbWtPRJGvtwpEIpFor5jrqutCLDexnU | E38: None
A39: 45170.491 | B39: 1630 | C39: 3.833 | D39: https://drive.google.com/open?id=1Y19eSwzjrHZDTauQL6Ahzw3GcVgN4G44
A40: 45170.501 | B40: 1643 | C40: 3.9 | D40: https://drive.google.com/open?id=13qaODTytVTx0ItZ67RaoUl3ux0xhPrIV
A41: 45170.52 | B41: 1608 | C41: 3.08 | D41: https://drive.google.com/open?id=1nMAATYKfV-1LNbuqauKRtsk1GX-GIgTF, https://drive.google.com/open?id=1RNtw25ENwSw-qQ_sv7gBqjan6_0GypjL
A42: 45170.534 | B42: 9 | C42: 3.8 | D42: https://drive.google.com/open?id=15ze_r2o8OvcXFy4MMmQYTCQ765XqHHcJ, https://drive.google.com/open?id=15IjZS2dsjNsbwNnEPQhgbk8AD3NkL-Nk | E42: Some assignments have not yet been graded in the two classes I have 80s in but have been listed as 0. That will be updated soon. The GPA listed is according to my unupdated grades and will increase soon. Thanks!
A43: 45170.545 | B43: 10 | C43: 4 | D43: https://drive.google.com/open?id=1rw9faZT8kyYzypv_L84muMmHOGRsSufG | E43: Nah
A44: 45170.55 | B44: 4 | C44: 2.26 | D44: https://drive.google.com/open?id=1eZ396Bn5OU9vXkM95Su2Xh-o-KHkEwhE, https://drive.google.com/open?id=1JkNo3InvraUl1kJygLiUtEOPHhx37jVq, https://drive.google.com/open?id=1wAAzcqYuK49heVSbFQjSxwzHuDmGU-gq | E44: My gpa is not actually that bad, I have an untaken math test sitting at a 0
A45: 45170.567 | B45: 7 | C45: 4 | D45: https://drive.google.com/open?id=1MU9CWe0XwrALg2_FFgOSHjAVLDqDoUcV
A46: 45170.573 | B46: 1615 | C46: 4 | D46: https://drive.google.com/open?id=1NDRKDuiNhBFc93FCjMAxqGIH7CKYCKPy
A47: 45170.591 | B47: 1616 | C47: 4 | D47: https://drive.google.com/open?id=18u3l2PzlhZAOLl84xfrjjc4F7qVVDDEv, https://drive.google.com/open?id=1cklOY5BDJxylBWFdW4OAG4DtZu4ZOyHx
A48: 45170.61 | B48: 5 | C48: 3.87 | D48: https://drive.google.com/open?id=1kpSCtTwwGpHgy6BM0IpBNYpp_wwj26lT
A49: 45170.615 | B49: 1605 | C49: 4 | D49: https://drive.google.com/open?id=1B8bsKt1fLNl7RCz5WnUN1c-hAK2xiS0n | E49: Woooo
A50: 45170.629 | B50: 1622 | C50: 4 | D50: https://drive.google.com/open?id=1MGfESV2HzZGTjPXr1fqT2kJ8s5H_02_G | E50: Love you
A51: 45170.63 | B51: 1591 | C51: 4 | D51: https://drive.google.com/open?id=1VTV4Bfn5r_D9ISJ0KG84PI3lpdWpYSwg
A52: 45170.631 | B52: 1624 | C52: 3.168 | D52: https://drive.google.com/open?id=1H3KO9O3zDGYwRk9yR3G5-K5u3FOpHu-O | E52: Bombed my first quiz because my book didn’t deliver in time
A53: 45170.632 | B53: 1592 | C53: 4 | D53: https://drive.google.com/open?id=1NbZvUqafe3nl3Jz5Vbl8Gm_D2We1AS4o | E53: Wumbo
A54: 45170.633 | B54: 1628 | C54: 4 | D54: https://drive.google.com/open?id=1C-Hx6XgWD9da0E1bVV2gnasHOr3f8oA1 | E54: 4.0, 4.0, 4.0, 4.0, 4.0
A55: 45170.638 | B55: 12 | C55: 3 | D55: https://drive.google.com/open?id=1wy0Gs_TqfakcHaNASSpQKwSi-6CXUaUQ
A56: 45170.737 | B56: 1642 | C56: 4 | D56: https://drive.google.com/open?id=1g8syjDYzkGwiXUznbSEchZ_AUzNmwCaE
A57: 45170.739 | B57: 1636 | C57: 3.62 | D57: https://drive.google.com/open?id=1kpNM2b5AICAug4eL1N0jThr2E3DIQh4B
A58: 45170.968 | B58: 1646 | C58: 3.816 | D58: https://drive.google.com/open?id=1dnp6rbxX6TfttfN_Mv34Gpo0zEun7rDJ
A59: 45171.505 | B59: 1602 | C59: 4 | D59: https://drive.google.com/open?id=1rnThxxpP3t6a_a73YdyAsh9lX4UheYZ3 | E59: 75% isn’t accurate needs to fix participation quiz
A60: 45171.595 | B60: 1577 | C60: 3.84 | D60: https://drive.google.com/open?id=1TNTqehrgSY-jXW7dcmOgFS-87Udus8Nx
A61: 45171.698 | B61: 1656 | C61: 3.42 | D61: https://drive.google.com/open?id=1qX6mYgYyMh_inzPrn34QvW3ga0rIBJKO, https://drive.google.com/open?id=1JOPm6DGH6qJH3heX2CL7QMrd_m4idfOI, https://drive.google.com/open?id=19wf8p9g-bur4Bhfs-FBxOFEtA33aS_fw | E61: Some canvas classes are form last year
A62: 45171.741 | B62: 1655 | C62: 4 | D62: https://drive.google.com/open?id=1GWfxkoP2ENkbQ8-U1HWzl-YoedrhWwMY, https://drive.google.com/open?id=1vGChEpU9KBWyoLJk7WpC9gLzeTDu-FqJ | E62: There was an assignment that the professor put in canvas wrong
A63: 45177.582 | B63: 12 | C63: 3 | D63: https://drive.google.com/open?id=1Zt0cDuAzY97XY7cNH1FyH1Qk_IzCs0nx
B64: 1626 | C64: 2 | E64: jordan lockert
B65: 1617 | C65: 3.67 | E65: evan siepold

Sheet Sep 15
A1: Timestamp | B1: AE | C1: GPA | D1: Canvas Screenshots | E1: GPA Calculator Screeshot | F1: Questions/Comments
A2: 45180.471 | B2: 1613 | C2: 4 | D2: https://drive.google.com/open?id=1ZBj1q2Ck8Num8Z7lvFlWhSnsWvnQ4Pfh | E2: https://drive.google.com/open?id=1Iw9TUfl-0SiCYXlXP-y4e06FAM3llzvv
A3: 45180.473 | B3: 1637 | C3: 4 | D3: https://drive.google.com/open?id=1y_Q-FhvRvcYT1iP-mahm-6F8XFUC9YXd | E3: https://drive.google.com/open?id=1meWlRnRqeh_GBH0GIrteFkxXaHEqAuJr
A4: 45180.473 | B4: 1645 | C4: 4 | D4: https://drive.google.com/open?id=1waHCEKy6dsT0_xgaVcpO1FipozzHgvP0 | E4: https://drive.google.com/open?id=1D7lZLWXIk5JKBieABEzfiuNoK_NRj9fR | F4: Wasn’t sure if I had to add the grade calculator ss since I still have all As, I knew it was 4.0
A5: 45180.476 | B5: 1597 | C5: 2.23 | D5: https://drive.google.com/open?id=1LlB7AWT2wO_J_D4LfaRSvevXyjdo5p9j | E5: https://drive.google.com/open?id=1RMvPFsn6AQ2If899OWpej4mQIReUD_No | F5: I’ve only had a 3 question quiz in my 367 class I’ll get it up
A6: 45180.496 | B6: 11 | C6: 3.9 | D6: https://drive.google.com/open?id=1XIGI9oOyiKVbDPDD4GdCcFS9uXi2fFcY, https://drive.google.com/open?id=1Ff9WHL2rdXPUSUArBPOoBWHR9utIwiSl | E6: https://drive.google.com/open?id=1flS0dlmMSk593ayF3bzWMXaum4SXPbiN, https://drive.google.com/open?id=1hPrHiVYGZd3VanlUsG7EgiHwJ-GZ_iYy
A7: 45180.498 | B7: 1634 | C7: 4 | D7: https://drive.google.com/open?id=164l8OrzzuXEa8gY6HAWFIV_vITF1BZR3 | E7: https://drive.google.com/open?id=1yf60gpCjw3172BRROtuUdoNIwIEDmoFb
A8: 45180.572 | B8: 13 | C8: 4 | D8: https://drive.google.com/open?id=1dMR2XnXaXUR3lDISmXoUsnw1JdKM3UOP | E8: https://drive.google.com/open?id=1Rx-m89Tnd5g2uBCH_5cwwUPreAlb2pYL
A9: 45180.605 | B9: 1653 | C9: 4 | D9: https://drive.google.com/open?id=1Ch6CtzLil09fI7dHRdIyZSuQeMAY-xTF, https://drive.google.com/open?id=1V6YNA-okexB1z542fxexswdAKtqUgdgO, https://drive.google.com/open?id=1FzYDtsNIzIsexmuwH9JxIHwSjY_1TKGE, https://drive.google.com/open?id=1f12dtMoxz50LtUbpl9w6PIoefBWrQZnh | E9: https://drive.google.com/open?id=12Ae068zbE2LIvy-jz7TpBj88gvW0uCYX
A10: 45180.612 | B10: 3 | C10: 3.3 | D10: https://drive.google.com/open?id=1Z3vOQXa17M8I0M7RkO_53d2b1lm7wySI, https://drive.google.com/open?id=1tb1rX17LEcQ5qTD7pw-eGqALG26bC5CG | E10: https://drive.google.com/open?id=18h32CvHDrtKAkthjGR-G0oW42cJVCjjD
A11: 45180.647 | B11: 1620 | C11: 4 | D11: https://drive.google.com/open?id=1clUdkvRy_Flf-51li0QjqvJd4hHe3lzs | E11: https://drive.google.com/open?id=1qYvCFjfUfoGG8jnNyvEqIaQAUCurgb7C | F11: GIS has had just one assignment. EDLC has weird grading thing where it doesn’t show but I have 100% right now
A12: 45180.676 | B12: 1640 | C12: 4 | D12: https://drive.google.com/open?id=100Y9Fp5xVDjGu6v6Wt2gxvEnRuKkxko4, https://drive.google.com/open?id=1JO44RuJ41hVU7O098RItYPLqUCSLF1H_ | E12: https://drive.google.com/open?id=1ti9SU_VMzcx2VRJhI6Wk_h42Zok_1Dhh
A13: 45180.677 | B13: 1644 | C13: 4 | D13: https://drive.google.com/open?id=1am47T4bWZ_RevdI6Bpkxj1OGk-I0BHUu | E13: https://drive.google.com/open?id=1Zy-M5msJ40kcOFP2hdv1CZAPH082y5Ws | F13: Why are my balls always itchy
A14: 45180.712 | B14: 1623 | C14: 4 | D14: https://drive.google.com/open?id=1MnO3a_AWktAIkLERwpve3MWA9vsMlXN_ | E14: https://drive.google.com/open?id=1zc4CT7m0bHGP1JM68Lo1Lr2Bv8h-10eg | F14: Too lazy to do gpa calc I have all 100s its a 4 jit
A15: 45180.739 | B15: 1618 | C15: 3.751 | D15: https://drive.google.com/open?id=1QSGfR2UkykyMKMcaEA8-hdIXfKp-NLCM | E15: https://drive.google.com/open?id=1t2UCgX63lipucCNkr8Y6HcxegKdzwjAO
A16: 45181.262 | B16: 1594 | C16: 4 | D16: https://drive.google.com/open?id=1ZYSAgV7HUwdY7FqvnTgXjtjn3DmKLvAn | E16: https://drive.google.com/open?id=1-hL05o0ACDrWy5NPx2Z5t96cRNjPp-Pq
A17: 45181.519 | B17: 2 | C17: 4 | D17: https://drive.google.com/open?id=1z_AnftL-akGuRRgEZGgjqRyjsHGs8JBE | E17: https://drive.google.com/open?id=1lGosSAYrimEnHSogzLGefaSYEhyKOX_1 | F17: N/A
A18: 45181.525 | B18: 1597 | C18: 2.23 | D18: https://drive.google.com/open?id=1MUdNE6r0jGx3uhecnrO23hWEDedtH8Um | E18: https://drive.google.com/open?id=1Ol5gqzZOGd32szy9U6SaKjMVwKzdrSra
A19: 45181.63 | B19: 1639 | C19: 3.934 | D19: https://drive.google.com/open?id=1x5oSb61v684MXTRUBvDzYY3V19CFY7Pj, https://drive.google.com/open?id=1FFV5KwvI3q3i_E87rQyMRNEODNSQLopm | E19: https://drive.google.com/open?id=1lWlL7OkNQ39sprkD4V5b0Gyrm-mOVDi9, https://drive.google.com/open?id=18ZJhsZhWA8lcMjxMCY4TLsbEsZFcvMHn | F19: Free R. Kelly
A20: 45181.882 | B20: 1596 | C20: 4 | D20: https://drive.google.com/open?id=1J6DqjBGJzNGzdJYaCUC15C6uLqIMZlPX | E20: https://drive.google.com/open?id=1R4EqLAuz95bygsQOcimCZLQCMcVbcHjY | F20: I ain’t sendin all dat
A21: 45181.895 | B21: 1654 | C21: 4 | D21: https://drive.google.com/open?id=1TH7GJ-WiXTiPAkxzSlDvBsh_yxhS9XYg | E21: https://drive.google.com/open?id=150EAdVVlemSqcylzmRobgHPVxrcgkK7F
A22: 45182.313 | B22: 1621 | C22: 4 | D22: https://drive.google.com/open?id=14VAuiJKcefZ_LPO6sFCCA1-dmWfcFmtj | E22: https://drive.google.com/open?id=1ePhkZKV1YTZiKZ42v7QluRn7ReR5oZVO
A23: 45182.449 | B23: 1564 | C23: 3.85 | D23: https://drive.google.com/open?id=1lB-B6J2xGEuzfcya6t8lfwBQKnh3X2Sk | E23: https://drive.google.com/open?id=1uPMuKJ0Bcfe7ex1hlaHl5mo4GOVI1nrQ
A24: 45182.471 | B24: 1643 | C24: 3.85 | D24: https://drive.google.com/open?id=1R1pBanhb5cY4s4jv6YcUYzKufPv0AvVm | E24: https://drive.google.com/open?id=1C-5HuTGA7GrOiQ_EUziJUCfut5SGDpKT
A25: 45182.631 | B25: 1625 | C25: 3.89 | D25: https://drive.google.com/open?id=1Q-O-vTHpkiJ4OAE_92K6BDc5tbqdDAtp | E25: https://drive.google.com/open?id=1ZytF_go7p8KDu9Vlkynh09cH-pPWegsp
A26: 45183.437 | B26: 1642 | C26: 4 | D26: https://drive.google.com/open?id=1RrBOAOrLxtOR6wrV-1ClBLxZLqyclkl9 | E26: https://drive.google.com/open?id=1Wd4c2tteiDqKAxnOZONqfja133iW8vki
A27: 45183.508 | B27: 1595 | C27: 4 | D27: https://drive.google.com/open?id=16E_6MZ8r5A7uWs1ukOxBRF3cBmVRXJBN, https://drive.google.com/open?id=1jM3tE26QBhVbe6LTHeB2EGAU_AgkXCyd | E27: https://drive.google.com/open?id=1dd7riHZZ8fN4QvstVkKFVB7YygRr0srK
A28: 45183.521 | B28: 17 | C28: 3.538 | D28: https://drive.google.com/open?id=15edWldWIvl-rppQQZ08gZtWVcMDzqvvV, https://drive.google.com/open?id=1Q00smqh9XjPBOKJOovLQQci9WAMOxGy0, https://drive.google.com/open?id=1qUoO-b7YPheu5B1Q99BGVnaa94Xu4Hpk | E28: https://drive.google.com/open?id=1Q_wtmye3YRUBYfVngMCUU1sCZU4CvPCJ | F28: None
A29: 45183.985 | B29: 1608 | C29: 3.58 | D29: https://drive.google.com/open?id=1McwMk4F2im5NxOeSnZ6AbwXUFfBLfKOR | E29: https://drive.google.com/open?id=1H7niUCFu5rSWPNwypizINmZG5FyFxXHz
A30: 45184.32 | B30: 1650 | C30: 3.58 | D30: https://drive.google.com/open?id=1aZF07_Aq8hgKJduY6lqNoBqnBVbql4BS | E30: https://drive.google.com/open?id=15Cbst0f-QvDG5iTzBOMZQS4O5acoQlYL
A31: 45184.388 | B31: 1635 | C31: 4 | D31: https://drive.google.com/open?id=1infA-HrDdHGI1qjBrQQov8oWnt1uuhFY | E31: https://drive.google.com/open?id=1LOR7QzaOmM0wFeKGl52i9jdJ1AET3171
A32: 45184.396 | B32: 1599 | C32: 3.8 | D32: https://drive.google.com/open?id=1MKvMSUany1YQnQ5snA838q9AnTbXKJE3, https://drive.google.com/open?id=1G_1ykf3NxPwQY8bVX2VjSEP1k2b7oFz9 | E32: https://drive.google.com/open?id=1_dZc3jPIKwYSv-wNdcDWO9MYhCAyLtk3
A33: 45184.431 | B33: 1626 | C33: 3.667 | D33: https://drive.google.com/open?id=15OaK6IlgKW-7GkPSIYdzbsiSiu7pa2jY | E33: https://drive.google.com/open?id=1MtPnWxhEBAcIExyhIuTOMPsZJVmVKNQI
A34: 45184.449 | B34: 1630 | C34: 3.866 | D34: https://drive.google.com/open?id=1GlUEQU8qkA4H1GPj7DdTN64fZF8kXn7H | E34: https://drive.google.com/open?id=1pFVVs1YM_8ZV-snU_kEOx8FV95Up3TBi
A35: 45184.451 | B35: 6 | C35: 3.377 | D35: https://drive.google.com/open?id=1NWQt9nhzIlUA1E4lIT7H2nFeV86uw0dJ | E35: https://drive.google.com/open?id=1s50-C69uHOze64rU-h19RmWAtUlpkiai
A36: 45184.479 | B36: 1652 | C36: 3.375 | D36: https://drive.google.com/open?id=1u2D00c580QDJrWLcwGU4_sNYnizF4RIe, https://drive.google.com/open?id=1q4fXIJGLaz5yZY24HDrV3UlqkMT3dDSu | E36: https://drive.google.com/open?id=1XGEvKrJuFWaL9lbbUaHxYBlr-pSCi00g
A37: 45184.493 | B37: 1627 | C37: 3.65 | D37: https://drive.google.com/open?id=109mNk2HssC6nGzy2kun33lk7xELdlBwE | E37: https://drive.google.com/open?id=1Z4h3Mm4c0Gl7dsXKpwpiy48KC9ZwT-lz
A38: 45184.497 | B38: 1655 | C38: 3.083 | D38: https://drive.google.com/open?id=1_voqD6Ui4HXCm15MK04uVSif_Hzs95WR | E38: https://drive.google.com/open?id=1V8oKtz56e6XeHrQvVESxANzgczs--XUj | F38: Same extra credit quiz thing for the 77.5
A39: 45184.521 | B39: 14 | C39: 3.89 | D39: https://drive.google.com/open?id=1l9kmDHPpOFlWiJCmW1knHuQMBbtY8bQz, https://drive.google.com/open?id=1iXcGjFUrRhIW1ETdqH-elBDYx0AhTw0_, https://drive.google.com/open?id=1_pG2awkxIuhEfWPsUPUtiYb8UW1zcl5U, https://drive.google.com/open?id=1qcHtV80QlhO8Bm6LQN4F7cEf12-BN2Pb, https://drive.google.com/open?id=1QP-pgxsrUtQuLK6ZrZjFzz2o1U3el53A | E39: https://drive.google.com/open?id=1mmyTcVY3PPWQaYQCaj7XmN1rcEDT7DWH
A40: 45184.566 | B40: 16 | C40: 3.97 | D40: https://drive.google.com/open?id=1W4ZllRSTknUbvdaMXE_mSsw9LhbWeZvs | E40: https://drive.google.com/open?id=1fiyxwWAiWMtpuDd1EgP3YSFSWXFq1as_ | F40: None
A41: 45184.567 | B41: 1620 | C41: 4 | D41: https://drive.google.com/open?id=1LL8J0PXgdifLwCFr6fJ2g41pVxeDZC9x | E41: https://drive.google.com/open?id=11DUsDVetxKUhAIirC_6RpeGL8Q3rdJEZ, https://drive.google.com/open?id=1g8QcDAl3mxmJx0E04TtcWiG2w_UR_eS7
A42: 45184.571 | B42: 9 | C42: 3.9 | D42: https://drive.google.com/open?id=13KM9KfHBXuhxFfujpWks5aJpqWH8LQiy, https://drive.google.com/open?id=1Jlm8IYpAq2popeQSrRUblMTBYuonJplY | E42: https://drive.google.com/open?id=1lDM51vNKyYKpVMMv10zXXFuweFErtr-- | F42: The OCHEM 2 grade has not been updated to include the extra credit and this Thursday's quiz yet. The professor has said that the grade will come around an A- once that is put in place.
A43: 45184.584 | B43: 4 | C43: 3.668 | D43: https://drive.google.com/open?id=1OKlt9litl9P_bzeSYHo8KNX7R5G4iIx7, https://drive.google.com/open?id=1Ftce1pn7iM13XVSGV6IaZhksSvQq9C5C, https://drive.google.com/open?id=1YYg6z7apx_fJ-urCOJBKrfwjIUQLVMg1 | E43: https://drive.google.com/open?id=19LgDNwXDzUKpi6ogb_brWts_TmAovdiq
A44: 45184.587 | B44: 1 | C44: 2.93 | D44: https://drive.google.com/open?id=1My86wgbx63-l6jyTcCjYXC7u0UGdkML6 | E44: https://drive.google.com/open?id=1teadbVa51k1vjRDpUlABA3ZmXvH9WwuT
A45: 45184.614 | B45: 1616 | C45: 4 | D45: https://drive.google.com/open?id=1g0kNn844Qd7bhfdYA7PX3n7cdGRAjug5, https://drive.google.com/open?id=1HciyZF86BHg_bR5YnZVhNPdMl3rbIszJ | E45: https://drive.google.com/open?id=1l-Okd2cqLqtP3x7MQkvr35Fkcey9a3un
A46: 45184.647 | B46: 8 | C46: 4 | D46: https://drive.google.com/open?id=18GDnI4AG3uyg-DLIU-CdbbNc06HqMp8M | E46: https://drive.google.com/open?id=1sLQT8uBkBUgTqTf0QPYKgwVy5RCx9jo3 | F46: None
A47: 45184.666 | B47: 5 | C47: 3.467 | D47: https://drive.google.com/open?id=1TVn5yhdgB6mNydoKUkJ-rS_P4HaCn3G1 | E47: https://drive.google.com/open?id=1RORWO_TDTkKOqbWuV1HirBkZ2o9JUCt4 | F47: Chem lecture and lab is submerged into one grade at end of semester
A48: 45184.67 | B48: 1647 | C48: 3.884 | D48: https://drive.google.com/open?id=1VpWgppJZldyK3efkCDTxmHPtAKZIte8p | E48: https://drive.google.com/open?id=1oVEN4Hv4J0jbCsWRlmQIDVMA7zZT1jb4
A49: 45184.691 | B49: 1631 | C49: 4 | D49: https://drive.google.com/open?id=1JXcI3QMtMUKljc2BCpqqE__gscxy4mnG | E49: https://drive.google.com/open?id=1y5zQg41frun3QYQLjXCoL5w0ljW_puy_
A50: 45184.692 | B50: 1624 | C50: 3.25 | D50: https://drive.google.com/open?id=11qnoCc8sxUEBEQNeSRaBd_cYhYq0lH2B | E50: https://drive.google.com/open?id=1LjSQ3WAiHdyNiIx0wXwm1hSvu-_HOEBK
A51: 45184.696 | B51: 1628 | C51: 3.769 | D51: https://drive.google.com/open?id=1pEMhjpjRr0a_oj1QGl31dlQMT26cGHDr | E51: https://drive.google.com/open?id=1nLdCscLkAkMrDy_rvC7grY2UOK9IBBMT
A52: 45184.698 | B52: 10 | C52: 3.666 | D52: https://drive.google.com/open?id=1z7HJp_Tv4m0vu5CgIAOlv7X2pBlfhPxG | E52: https://drive.google.com/open?id=1dxH8HrVeT5lkF-zg5IkJHatef3vq9O_m
A53: 45184.732 | B53: 1602 | C53: 4 | D53: https://drive.google.com/open?id=1aSEHlzN-bKpqFAurkn4jPu2dGIolvAgo | E53: https://drive.google.com/open?id=1j3oD2IllqGcX-mXC4-dS2UbAUv0YDXkw | F53: 75% is a 100 due to a completion quiz
A54: 45184.817 | B54: 1605 | C54: 3.8 | D54: https://drive.google.com/open?id=1e7PUcSsezEaEBTJ005UrAElBxCm71FGb | E54: https://drive.google.com/open?id=1uRr3mkGpSkAn5oV-JJAXoJZMq8wMY7wN | F54: I rounded up 😗
A55: 45184.832 | B55: 1592 | C55: 3.6 | D55: https://drive.google.com/open?id=1zToTdsBIfudFRwUcChLeun_owEhmGP7A | E55: https://drive.google.com/open?id=1ZJbbtFePd1qNCrm4HkyXHZIydzrveL-V
A56: 45184.834 | B56: 1594 | C56: 4 | D56: https://drive.google.com/open?id=1KpXeOlgbcyz53ZQJhALf49LyK-8JBlO2 | E56: https://drive.google.com/open?id=1pokZtm5_dafLwQPCLE7xrVDLnFC5iX_K
A57: 45184.894 | B57: 1648 | C57: 4 | D57: https://drive.google.com/open?id=1A4_8wWGjnPGrTgaDZk2dgLhMjXuYrQ5p | E57: https://drive.google.com/open?id=1XYS-jLFWbqtdzkXXUFf2vg58PhjD6Oep
A58: 45184.895 | B58: 1622 | C58: 4 | D58: https://drive.google.com/open?id=1FY1RQezl04onsFGWW7lP1skgRWAz0M6k | E58: https://drive.google.com/open?id=1Il-GibU4brUBVDNk-ZJ9dHT7BZsMZJGK | F58: Damn literally screenshotted it at 2 and just stopped before I could send it. F in the chat
A59: 45184.895 | B59: 1598 | C59: 3.334 | D59: https://drive.google.com/open?id=1mnL6AGpDGA0yCb8vKe9dQ_cp83DwDwNC | E59: https://drive.google.com/open?id=1Ve_uieZBbK9lNayagdD3QrrxoRETjIr3
A60: 45185.541 | B60: 1646 | C60: 3.625 | D60: https://drive.google.com/open?id=1jb_qTFzm_4v1DJFt-0dipFxrljOK6qvt | E60: https://drive.google.com/open?id=10zHfFIPpQOJmAxesqem_uK5xiquVmGez
A61: 45186.538 | B61: 1615 | C61: 4 | D61: https://drive.google.com/open?id=1Qu3PGuTB965qF_xw6Y1Xd-4RtCTFuGK-, https://drive.google.com/open?id=1bH4y_zgsfDHPUeGrEVWdnZ3Y_unaDo0V | E61: https://drive.google.com/open?id=1nKTaBMICIJH-05cMnTuNfN3I1EBPDLjm
A62: 45186.539 | B62: 1656 | C62: 3.3 | D62: https://drive.google.com/open?id=1wVNTluy_YuRT0WNFNb1FBS0Ob0OTlVi8, https://drive.google.com/open?id=1VGvMOqVBjmO0kzt9bQHzemnUYskrq0zm, https://drive.google.com/open?id=1w2uGo9OjegjH-gF4IYa8nhRrWhk8fAOr | E62: https://drive.google.com/open?id=17f2pK6FcaA80nmfASXQnSpYwWXRYErLH
A63: 45186.568 | B63: 1591 | C63: 4 | D63: https://drive.google.com/open?id=1nmaQZED3UheUFlHYy44TeOrF_ffXAVC_ | E63: https://drive.google.com/open?id=1e4xf7OzclG4nigTV6kWYS2Lc2ktp0Tf3 | F63: My professor for the jazz class doesn’t understand how extra credit works. So instead of half my assignments being 1.5/0 they’re 1.5/2 which is pulling my grade down not up. It’s an A.
A64: 45186.575 | B64: 7 | C64: 2.63 | D64: https://drive.google.com/open?id=1LfE1IFK0jn-UbW_2NTi0klidRmnRFKpg | E64: https://drive.google.com/open?id=1wiwUf8evrXCxRW1sdfZRIiARydzThDHJ
A65: 45186.802 | B65: 1636 | C65: 3.62 | D65: https://drive.google.com/open?id=1-XMt1Gt8DBYL2lVkr4bnpNCmWPWhAxK1 | E65: https://drive.google.com/open?id=1T4vEVaqJoI3YVzdyudg42A8_kJIqsmjd | F65: Sorry for the late submission long weekend🤝
A66: 45187.403 | B66: 1641 | C66: 1.616 | D66: https://drive.google.com/open?id=1nVG97qTSOeBjVxhryRJevkU8qJNFl8cB | E66: https://drive.google.com/open?id=1Il4mkU_iuoh4w8m4qlhf2CHvsp9qnpmF
A67: 45187.468 | B67: 1577 | C67: 4 | D67: https://drive.google.com/open?id=1dCcG-hqYN9iCqXz2zMB_Q0T7VbEssa7k | E67: https://drive.google.com/open?id=1kNJi90VNbiC1xtCH4o-XT4UtTZqLoN8o
A68: 45189.446 | B68: 1632 | C68: 3 | D68: https://drive.google.com/open?id=1lDa5Bck6N11SaWbHi4mDIBq18yx0GdVK | E68: https://drive.google.com/open?id=1KwfsB12mIf7KsxWFTVmF1psVNRFSJIXs | F68: This is not my actual grade. The teacher hasn’t graded like 3 assignments
A69: 45191.711 | B69: 7 | C69: 3.27 | D69: https://drive.google.com/open?id=1JtvLulxqtQbYt6HTo95l8shAp0SGautm | E69: https://drive.google.com/open?id=1d54Qk5yYd3XB-m79Z7WR8TQgBMxE8OTO
A70: 45195.361 | B70: 6 | C70: 2.69 | D70: https://drive.google.com/open?id=1fzezeHVJ1clCq2nc5yuQ1MG9IPpdbW_a | E70: https://drive.google.com/open?id=1IsO7MD3YBIgQxGimmd77Oz-ADQwvOLyn
B72: 1617 | C72: 2

Sheet Sep 29
A1: Timestamp | B1: AE | C1: GPA | D1: Canvas Screenshot | E1: GPA Calculator Screenshot | F1: Questions/Comments
A3: 45194.651 | B3: 1613 | C3: 3.31 | D3: https://drive.google.com/open?id=1ZuUDcOfFifIb5cINIF6OoUJp8UtGGyjy | E3: https://drive.google.com/open?id=1bpz587jTKlsPKNuMfWup1lFjS5aYEFfy
A4: 45194.655 | B4: 1623 | C4: 4 | D4: https://drive.google.com/open?id=1DBNknZKuEaFpQcck5sPfd2zwq__IoAlP | E4: https://drive.google.com/open?id=1Zkqus3SbKSyKs2NJCVx6R8s0xC8SPiEz
A5: 45194.655 | B5: 1634 | C5: 4 | D5: https://drive.google.com/open?id=11aArWs6NMgMrqp2He3sgNNmTDCSDOCJu | E5: https://drive.google.com/open?id=16iLOMi8QFAvuxa0Lyt0rmef9Xgi9043T | F5: Plz
A6: 45194.658 | B6: 1644 | C6: 3.6 | D6: https://drive.google.com/open?id=1mwXFSq3lwtm_KGmgYoYt9iazUE-7aGxC | E6: https://drive.google.com/open?id=1QWOdQ7p-Jw9XxaHV7yCtuWVbXfVi_uTg | F6: I watch you sleep
A7: 45194.658 | B7: 1620 | C7: 4 | D7: https://drive.google.com/open?id=1BQ_ReE-HWWwj-_cp4Vn5Zkoqp7CkLdRn | E7: https://drive.google.com/open?id=1KyloG1ANJUG-eMrODpUWRvsYahhB59ly | F7: Green is tutoring classes. GIS class is pretty much completion based. EDLC grade will never show FYI but first exam this week. First finance exam this week. Feeling good about them
A8: 45194.661 | B8: 1637 | C8: 3.6 | D8: https://drive.google.com/open?id=1P3L3NdS6w6h5gG-lbOEFieCWP40JqDDg | E8: https://drive.google.com/open?id=1LeL5ittcsQ9EtUoQPlI-vw_fwkKmv6pH | F8: This semester might be rough ngl
A9: 45194.662 | B9: 1618 | C9: 3.563 | D9: https://drive.google.com/open?id=14-ur036n4qXzM0e4ShaWYQ2Jw4rajwVK | E9: https://drive.google.com/open?id=1jjHKvB-uhouvPV9VrZbJUV8vUelyPvhA
A10: 45194.668 | B10: 1577 | C10: 4 | D10: https://drive.google.com/open?id=1hu8O0Rp9Mp2nBW8dd6wGrWK3BQqRLpZu | E10: https://drive.google.com/open?id=1fWyg2TccmEOXgahwSFE-fxLWdhCtt9VZ
A11: 45194.67 | B11: 1653 | C11: 3.91 | D11: https://drive.google.com/open?id=1MVs4r6Tume89QImmW9viGruIMQOzKH3s, https://drive.google.com/open?id=14pZwDPMTPVLGgVnDEBVKt-Evjx-S4G8M, https://drive.google.com/open?id=1OsbIfmI8jZqrFmumvBZ1CTlMzXYXLGV8, https://drive.google.com/open?id=1oTX9NxYAA8kuvw0-dOFCR4xroN21H5pW | E11: https://drive.google.com/open?id=1ABpnKtNKpoWWw-hZ0X6zwdIccO2ko0Tc
A12: 45194.842 | B12: 1597 | C12: 2.6 | D12: https://drive.google.com/open?id=1a7x0SBRqIkys_MUgdTofpTqpreu4wbzy | E12: https://drive.google.com/open?id=1YNRV9soRn5lOzlCtymGifIG050xV-emK
A13: 45195.373 | B13: 3 | C13: 3.6 | D13: https://drive.google.com/open?id=1Jyfx-3vsV6cgDjZ4pRhyogBe9qc_MPCI, https://drive.google.com/open?id=1j33grHwlCOrdOvErbVRmd3WKNFtEcHnQ | E13: https://drive.google.com/open?id=1VJgVYa2g8ViUzyF_F23l6kaYPHEOTSrd
A14: 45195.519 | B14: 1618 | C14: 3.625 | D14: https://drive.google.com/open?id=1JoSXsx3VRFpVZ45bkYaNe8ZW6b9gICVY | E14: https://drive.google.com/open?id=15Jm6JadGnUUEzeeVrNZMp2EriVPGHarz | F14: Ignore my first submission, my gpa went up since yesterday lol
A15: 45195.902 | B15: 1639 | C15: 4 | D15: https://drive.google.com/open?id=18aIG7NykwokPDF8RA3FrF3Y9HfJUGMZT, https://drive.google.com/open?id=1PTzRgQ6uDKzZV4KrJpR6jryzJ8xS-ok7 | E15: https://drive.google.com/open?id=1MPkd3C5mC_ubV0Jpn1jHbhN-0Xa4Z0A7
A16: 45196.294 | B16: 1591 | C16: 4 | D16: https://drive.google.com/open?id=1Yd6y5E7ypTwO_BGhfqLQ22G0PQBfOSZb | E16: https://drive.google.com/open?id=1SCz8RcKeZqnBPneSWe_KOoIEtcrwotSY | F16: I’m over 100% in the jazz class with extra credit if you need proof lmk
A17: 45196.383 | B17: 1625 | C17: 3.668 | D17: https://drive.google.com/open?id=1-RyYFhMUj0IbV6L5x_yKrk151GYTp_8n | E17: https://drive.google.com/open?id=11F_FVo8J0kZFwxB8jSIXYYvadqq_gSiq
A18: 45196.388 | B18: 13 | C18: 3.79 | D18: https://drive.google.com/open?id=1dzltaPBeod_BGFHPgjea3lJR4NiMJhe_ | E18: https://drive.google.com/open?id=1oYekO25UiwynM9ZkhzcysIC7OfC0QNdW
A19: 45196.4 | B19: 1640 | C19: 3.693 | D19: https://drive.google.com/open?id=1Gw1vyhx10J0kxD8L5URQr3UU2xD5e4Kt, https://drive.google.com/open?id=1PGKJO1YjeNPtc86FZfZFZUIhOMVLp4BZ | E19: https://drive.google.com/open?id=16SwlhTSJ3zwse37SmZ-Cl-HLplEhJkUZ
A20: 45196.479 | B20: 1598 | C20: 3.072 | D20: https://drive.google.com/open?id=16dFlo0pqlBbR4fij6g9Sjz8-6m9YCXvD | E20: https://drive.google.com/open?id=1h9ZI5CsFEAZdYJohGKCkuqFJ7zSQZ1w_
A21: 45196.489 | B21: 1622 | C21: 2.33 | D21: https://drive.google.com/open?id=1wwWagOfQWUVCq0iPtbRVG5EHExKgH0go | E21: https://drive.google.com/open?id=1CStOvbh4yxTl-w1XSsh4fhIm6aStQgOO | F21: The only grade in two of my classes are my exam which they moved on me giving me two hours to study for each. Accounting is just kicking my ass but I will be getting it up as I am about to turn in a big project
A22: 45196.649 | B22: 1564 | C22: 3.845 | D22: https://drive.google.com/open?id=1QxN_vYsjcpHsBc_Vg4C-o5l9UHn7sT7v | E22: https://drive.google.com/open?id=1d8jNxuBncxqo75V7NyHL0UowLvl1LKed | F22: Miss you daddy
A23: 45196.745 | B23: 1631 | C23: 3.2 | D23: https://drive.google.com/open?id=1KizFJAU-qDYolQhOWPB8laldD8dc2Y0y | E23: https://drive.google.com/open?id=1VWtUMSdeMmPWQJhfo4mh8Uii42oLuAgQ
A24: 45196.789 | B24: 1621 | C24: 4 | D24: https://drive.google.com/open?id=1yMaFlNhAJt_akXgbIiOeoRvNhBBJFS4Z | E24: https://drive.google.com/open?id=1V9olrrbrldx14P0_99jGs1iSi5kFAKvv | F24: SKEE YEE
A25: 45197.351 | B25: 1594 | C25: 3.5 | D25: https://drive.google.com/open?id=1Wvj5KK4eGOT2KB_1jwV88H4vTgnA7Tt- | E25: https://drive.google.com/open?id=1ol-okhzur0SdN71iyY9KVx-pNkkBY7P2
A26: 45197.482 | B26: 17 | C26: 3.5 | D26: https://drive.google.com/open?id=1SAPECrO6xtaM3N9F8AiAj78lo7M8M3id, https://drive.google.com/open?id=1Cx6MuOSy33bdHhkvwtmEzWg0jsWGnN2V, https://drive.google.com/open?id=1f49XwBAmyiIQgOGLtj9bKYInz7TaAIhy | E26: https://drive.google.com/open?id=1yLVdAc_LpKxrDQBtEBL6Zj7J4q0gOFM- | F26: None
A27: 45197.573 | B27: 18 | C27: 2.048 | D27: https://drive.google.com/open?id=1rCupmR-qnyArQ9fk-3xhX5DxMsgHf0k- | E27: https://drive.google.com/open?id=1Dnid_Emv3Eq1prgK_vP9pyLJXBskq4oO, https://drive.google.com/open?id=1iEfSPcFisDHx-i6oXnwQEy3zJo2BPW1X | F27: Wasn’t sure which part of the calculator to screenshot so there’s two attached files Grades are rough this week, exams didn’t go well in math and chem, but I retake both exams next week.
A28: 45197.645 | B28: 1624 | C28: 3.168 | D28: https://drive.google.com/open?id=1oU7JrxEMQvGk6XMSP9DCuaBkTwcHPtP2 | E28: https://drive.google.com/open?id=119K8_XfXxdBffKqrHZsCkOyR-1eP_Cql
A29: 45197.948 | B29: 1608 | C29: 3.415 | D29: https://drive.google.com/open?id=1oUEpDO6Ve5pdQYlQkX1CoDHIYRaUdDjz | E29: https://drive.google.com/open?id=1HAdFYItPxqfAPTWVG6hE08nHVRv0t2x5
A30: 45198.286 | B30: 1599 | C30: 3.2 | D30: https://drive.google.com/open?id=1ZcwmXSX5vH_Aj2JZg4s04A8yQyv35Fsl, https://drive.google.com/open?id=1nEj-o9vPBILiDcAkv_8xLRqiZhZHyVCf | E30: https://drive.google.com/open?id=1syvZYCCTyAAn3RhwFzS7iGDklrAh0Gj7
A31: 45198.331 | B31: 1592 | C31: 3.6 | D31: https://drive.google.com/open?id=1TFvIU-IEKZiKpd9rCBXicbXpdkUziC66 | E31: https://drive.google.com/open?id=1aIRDrPFjxPHUoM77NEuR7ocR1TnYE-MP
A32: 45198.376 | B32: 1615 | C32: 3.95 | D32: https://drive.google.com/open?id=1NmuT3K3E5VMIk5tVkZT9G6qp0qWIbHgk, https://drive.google.com/open?id=1ST83oHa8LXW1wrtBGhWiaC-QvZ2PuAxn | E32: https://drive.google.com/open?id=1KDJeXKhdH51yPVAJI9r3Yfq4ycrsUFNI | F32: RIP GPA after this weeks exam LMAO
A33: 45198.376 | B33: 2 | C33: 4 | D33: https://drive.google.com/open?id=1xawxQWlZXM5ME79griENfd7_RkhlAHT8 | E33: https://drive.google.com/open?id=1gLy97_2WmW-9Z2rNRDh4YftXg027_-bm
A34: 45198.39 | B34: 1645 | C34: 4 | D34: https://drive.google.com/open?id=1TfYuyDhYkPuzgRRpKsBDnAPsIxn_1tpA | E34: https://drive.google.com/open?id=1Gs6b6iWQNAmAfmNxwdDRB8TDztkymOn- | F34: Beanz
A35: 45198.412 | B35: 1605 | C35: 3.4 | D35: https://drive.google.com/open?id=1G-5Qk032EwBdh8KVKE3QH05wlt12jc9j | E35: https://drive.google.com/open?id=1LJkH_SAGmIPJnCv7PvaHjChB_bsbFR4K | F35: Rounded up
A36: 45198.42 | B36: 1650 | C36: 3.33 | D36: https://drive.google.com/open?id=1pMs8Eb7-UOJK6HbbgOb7q8mNCJT90cCH | E36: https://drive.google.com/open?id=1V3GW7lqOcIfeCgjx9YVcY7gDwC7aPsbo
A37: 45198.447 | B37: 5 | C37: 3.645 | D37: https://drive.google.com/open?id=1omv56HaHWo0uKd8jCcurFeHc8vv5CViu | E37: https://drive.google.com/open?id=1fzlWukYpCCv4Gem8-0Kra_g5t-gHbYFr
A38: 45198.448 | B38: 1628 | C38: 3.924 | D38: https://drive.google.com/open?id=1o6L8vx_p9SDERkrOqrgnYNFdQ1g6ScwS | E38: https://drive.google.com/open?id=1WZjFoRwOXEt9r0RsFGRFbqalxv3DTMTD
A39: 45198.454 | B39: 1636 | C39: 3.46 | D39: https://drive.google.com/open?id=10QnkR1xQuIVBfcj0hgNs3POG8yejbwDE | E39: https://drive.google.com/open?id=13XtRQhl8GCQygJY9D4evdypC_HjYmyab
A40: 45198.463 | B40: 1647 | C40: 3.589 | D40: https://drive.google.com/open?id=11kRGGdUz3Vy0qGLSg3KBYjx-9PkBFR50 | E40: https://drive.google.com/open?id=1Ul0UvY0ESJiaCvGwYHESq5vTlTXcTvtY
A41: 45198.468 | B41: 1630 | C41: 3.86 | D41: https://drive.google.com/open?id=123bAGq8_pxhgg1l2SMcwRw-8KRPP2zJw | E41: https://drive.google.com/open?id=1QVER2oZRITvv8UtuoYgoQdx_8JCShg7C
A42: 45198.481 | B42: 16 | C42: 3.333 | D42: https://drive.google.com/open?id=1F4Pnb14ilNPtmB2XAHVYlX2SBH_UMBQP | E42: https://drive.google.com/open?id=1fJ8KoymDq-K6hgC3VOcf-zC78mj8_L5W
A43: 45198.493 | B43: 1596 | C43: 3.786 | D43: https://drive.google.com/open?id=1Sd1ptkFkxuI6nVJG6Y9afLHh5AX_4G_A | E43: https://drive.google.com/open?id=1FF8uRYWKu6gc0nJ0dVf8R4LtPUvBoS_X
A44: 45198.513 | B44: 1627 | C44: 3.33 | D44: https://drive.google.com/open?id=1YrBOZ2gHVAUKBAD4Hx4kUl2u0kff2SWq | E44: https://drive.google.com/open?id=1l2Okq6SfISibGzPmODDeNIJR-usVbaIT
A45: 45198.531 | B45: 14 | C45: 3.85 | D45: https://drive.google.com/open?id=1TxmqOMTnnJOuBEwYuu3nF4vv63CP6f48, https://drive.google.com/open?id=1Ne4sYz31ntu_uKaoDPIkKy56ElZHuths, https://drive.google.com/open?id=1mAhmBvXnXpfyoMLoZrAZ38lGRmR4O42w, https://drive.google.com/open?id=1WA-aLHfLtQTcOvtlt-SK9NolQ7bUlCva | E45: https://drive.google.com/open?id=1_dyZwgPMU02DCGIaorKSc1DsiifAsqYQ | F45: Grades with anthropology will change. My professor made a mistake on instructions so she gave us an extension to fix things.
A46: 45198.542 | B46: 1635 | C46: 3.918 | D46: https://drive.google.com/open?id=1K2kLJAesu7oBGsbmnzL2IYVCFJ4kWcnT | E46: https://drive.google.com/open?id=1CC3Y4KtmfQ8dvdbXqO4sjqwAQRfXPStK
A47: 45198.55 | B47: 1646 | C47: 3.126 | D47: https://drive.google.com/open?id=1yd5S-dLiRMeMkD8nqBC3Ot6VsdrEWL_b | E47: https://drive.google.com/open?id=1-P7DPytGHBE10lWrJ7WZJT-3-MCDM8Ah
A48: 45198.603 | B48: 1648 | C48: 3.8 | D48: https://drive.google.com/open?id=1xsi0aAok6L3nc0rc5tR6I0EgD4CT0Hk- | E48: https://drive.google.com/open?id=1ghJLHz8mU5A5wzMbO-SQd99gyTPG_Adm
A49: 45198.622 | B49: 11 | C49: 1 | D49: https://drive.google.com/open?id=1bhT_8yNQeBa8BH4rf2DP-i5IgmgB9T5R, https://drive.google.com/open?id=15Xd88yCG63GHmiC-f1YFcbvIXvtLrqak | E49: https://drive.google.com/open?id=19NGeLnYyPye1Nxhti_YX5sJIOBDaCTnX | F49: Working on it. Trust the process
A50: 45198.627 | B50: 6 | C50: 2.692 | D50: https://drive.google.com/open?id=11eq-InmkTeuW8cwhpVt74wbzzhEvCHo- | E50: https://drive.google.com/open?id=1MNyJUTHqXtew0dWJyO-1AdDlTj1OH2Wc
A51: 45198.642 | B51: 1655 | C51: 2.418 | D51: https://drive.google.com/open?id=19DIKGej8kroi2W7zVF054QTbzxFHJ8Dn | E51: https://drive.google.com/open?id=1JTfzoOSodILg-d8ziW-0tszheSkDZJgp | F51: There is one grade in the grade book for the two classes I’m doing terrible in. I’m gonna bring those up
A52: 45198.643 | B52: 1654 | C52: 3.583 | D52: https://drive.google.com/open?id=1YUX0XHfi331C8ZNwD_S3eY8a2CunDA_9 | E52: https://drive.google.com/open?id=1AgMzwoQOH_UaoAt1v9l5gXAmLCSfD_XF
A53: 45198.643 | B53: 1641 | C53: 2 | D53: https://drive.google.com/open?id=15FUmPWJIG-FzVI-3Gx7RTA54oRZgiqe9 | E53: https://drive.google.com/open?id=1qUd03wJxrqCawpoLKOMJ0elMooG4QrCd | F53: Working hard to turn myself around. ADPR 283 grade inaccurate.
A54: 45198.644 | B54: 8 | C54: 4 | D54: https://drive.google.com/open?id=1CqOjTMWhOXOj-l50jiEIn11_MeVoQfTo | E54: https://drive.google.com/open?id=1TCNx-ocwLLpJGqyVM-At792Fi7c6LRCV | F54: The 85% is worth no credits
A55: 45198.646 | B55: 1642 | C55: 3.4 | D55: https://drive.google.com/open?id=1_SRX0EWtE530jiMSzuRtJtFQUrILvFYr | E55: https://drive.google.com/open?id=1TN2Ex4y76vAcr5hWneAWjZ732PJrcECs
A56: 45198.654 | B56: 1652 | C56: 2.938 | D56: https://drive.google.com/open?id=1vcGZy11RkWp5SAfBZ93x8RmiRThdj8mP, https://drive.google.com/open?id=1Idde7izKt_Lu1oDyGJkOCBbrFmLrlamN | E56: https://drive.google.com/open?id=1PBCJlb4rB9EHeidOWXEKfhne4Cqhojc9
A57: 45198.654 | B57: 1602 | C57: 3.835 | D57: https://drive.google.com/open?id=19HkNzkDehTV5rJxCQE2xxybd-ZTIhtpi | E57: https://drive.google.com/open?id=1mEPL6uREp3Svwgk6fqzET25uXV6_QvjY
A58: 45198.657 | B58: 7 | C58: 3.2 | D58: https://drive.google.com/open?id=1tNpuqCO4OMGGBzXwJHL0-iU3-LmvIWQD | E58: https://drive.google.com/open?id=1Xl0KOZoojoNktD2K_VN4DBKCN_S0wP5E
A59: 45198.658 | B59: 1 | C59: 2.33 | D59: https://drive.google.com/open?id=1EgP19W82o0520hYBcEWByEAIFfsu-ws6 | E59: https://drive.google.com/open?id=1HrCNF0WOnRWMTbwnbx_-mSfpQm4SmFmK | F59: Took a math exam and I’m still waiting for it to update.
A60: 45198.666 | B60: 1526 | C60: 3.667 | D60: https://drive.google.com/open?id=1W4aTRKrUC0fn_MUxz3xyEfw9wR8Sod4e | E60: https://drive.google.com/open?id=1r4vy8XaofIyn_s8krHBJ-6eC-wbyximr
A61: 45198.677 | B61: 9 | C61: 3.856 | D61: https://drive.google.com/open?id=1t4OJU4REAedNtX6DfaQPZLgoSSdSqU5t, https://drive.google.com/open?id=1PspXy6mmnn0PgD_RGXVKqxusx-DCxnRe | E61: https://drive.google.com/open?id=17U7BUSIOilZG-97fsTPvzfHHzMyPoKnV
A62: 45198.723 | B62: 1616 | C62: 3.934 | D62: https://drive.google.com/open?id=16AhIhetWAFY7O-_G_HA7XofWTLJjNBbH, https://drive.google.com/open?id=1WwKZ45fXJMG1QhwZ4mYDIVFKyFjPKkIg | E62: https://drive.google.com/open?id=1E__NI0djoJC2KR5irC9jXBbmi_CHhaS7
A63: 45198.727 | B63: 1595 | C63: 3.6 | D63: https://drive.google.com/open?id=1b3RbhYRiDbLxG_HNQObdfH-ws5GaqRee, https://drive.google.com/open?id=1lJTBC7jibn5O4SBXBgHWFG-ph4KN1b7G | E63: https://drive.google.com/open?id=1dhWqmQab1a9aAw2VHVizVOzj2iYTyJmc
A64: 45198.742 | B64: 12 | C64: 3 | D64: https://drive.google.com/open?id=1AGUKqIwavm8Zbtbhg2bIfPmdcG3F256s | E64: https://drive.google.com/open?id=1GFYT-2TzKallcuIIJpuP4zD0Nvv2pmse
A65: 45198.742 | B65: 10 | C65: 3.8 | D65: https://drive.google.com/open?id=1sxBtqH6HgKUd6kRlwY05HjUT3yqD6FDr | E65: https://drive.google.com/open?id=1_vXhj4CkBSxlRh9B5gkkIMNlI_u4umFa
A66: 45198.92 | B66: 1643 | C66: 3.85 | D66: https://drive.google.com/open?id=1lXAS5tTAN6DFAaVWrtHPAg8Q0bKnGW4j | E66: https://drive.google.com/open?id=1j64AwnOfwrzT8sqY96UXDMSfs_mMzfAS
A67: 45199.384 | B67: 4 | C67: 3.33 | D67: https://drive.google.com/open?id=1dPJ__cWrSF-cz715-itnk3PME2X7xVag, https://drive.google.com/open?id=1Z38luPmmG-c6E55ZM4Mtwh_QTQ6uKT2n, https://drive.google.com/open?id=15R0y3oQoJolSJpaMGh5QcYYaft0lMCQ- | E67: https://drive.google.com/open?id=1cD62YKkpQ0kMMEHm7Yhcwc_NDgTeJtet
A68: 45199.396 | B68: 19 | C68: 4 | D68: https://drive.google.com/open?id=12W2-RHA8uq-tNlNnMdIbxD_Ri0j16ryg, https://drive.google.com/open?id=1m1eP_nac6ffTsU7tsR_2A9OQIU_7jqw5 | E68: https://drive.google.com/open?id=1p3IPcib7kfF-Ly9rVvCuMJVpy9MRpARY, https://drive.google.com/open?id=10jY8TPRK7xz0jPSfvsl-oRhQtZE5as0m
A69: 45199.647 | B69: 1656 | C69: 3.28 | D69: https://drive.google.com/open?id=1oQf9Mp-N7l4hIFcW9i6PDtL8t5BmDhhU, https://drive.google.com/open?id=1RrW7yOVCMsU6knF5BaQp-2Um-2ayH3rq, https://drive.google.com/open?id=1LjWU1WO8llATLKtvcl4xc-8isskbRo8m | E69: https://drive.google.com/open?id=1AHZFAs0DxhuLEoST1FvDCNE_XAxcnQdP
A70: 45200.815 | B70: 15 | C70: 3.929 | D70: https://drive.google.com/open?id=12mIlXwa9QHXVxjA-TiINKtCMwmhhMmWm-AXPxtDb0eo | E70: https://drive.google.com/open?id=1XIwh6y0huXX6lDfz7B50PXjjumkpHGqv2np_x2A_HVM
A71: 45201.463 | B71: 1632 | C71: 2.9 | D71: https://drive.google.com/open?id=18OY2VEVkolegJuNv04-MY8DT516eJvsA | E71: https://drive.google.com/open?id=1Ch5yiVD2PmR5Z2-wG8SAcEgpGqvd7AFm
A72: 45201.688 | B72: 1617 | C72: 3.6 | D72: https://drive.google.com/open?id=1wfkIot9WdQVW95go_SFRAJwm0HZnnQvg | E72: https://drive.google.com/open?id=1Adhg5Ew6H_gclFmA4inoMIu8oeUWfQ8Y | F72: my history class has optional assignments as 0/1 so my grade looks bad but it’s actually 100
A73: 45213.522 | B73: 1617 | C73: 3.48 | D73: https://drive.google.com/open?id=14eBuPg2F4NOHQ9bvu3XLgA9-lIlQLRM6 | E73: https://drive.google.com/open?id=11OZwsx7ydoL7VOe8M_5xB0JLcwU4VtAH
A74: 45226.468 | B74: 1613 | C74: 3.5 | D74: https://drive.google.com/open?id=1UiM0eUeS74ceOXxOFrRGgKuG0qmUFAyf | E74: https://drive.google.com/open?id=1EXrF89i4ChsiToBAYV1z9tjQXT0eBkiM
A75: 45228.646 | B75: 1613 | C75: 3.5 | D75: https://drive.google.com/open?id=1PgLWTA5IeKDiJYz2QL6l24S__UZSgaAg | E75: https://drive.google.com/open?id=1c3quzvSpnom9srRAlindVopeCrbO7Odf
B78: 1626 | C78: 2 | F78: Jordan

Sheet Oct 13
A1: Timestamp | B1: AE | C1: GPA | D1: Canvas Screenshot | E1: GPA Calculator Screenshot (random photo if 4.0) | F1: Questions/Comments
A2: 45208.514 | B2: 1618 | C2: 3.687 | D2: https://drive.google.com/open?id=13Pb_0MJrfHQC73gBTBAR3YjI0u9Kjp5a | E2: https://drive.google.com/open?id=1jjBY0SQ4NLle2jiLSbm6Ty6vV2-A2gGY
A3: 45208.514 | B3: 1637 | C3: 3.753 | D3: https://drive.google.com/open?id=1_is7ULanv8sq_oMoDvdCToaBQSArfwxA | E3: https://drive.google.com/open?id=1FZpkLJNhyFyhabNdjc1HAZMGmSiyJPPo | F3: Missed 1 class cuz of ozarks and it was graded attendance so my grade dropped from a 94 to an 88 so imma kms
A4: 45208.573 | B4: 1564 | C4: 3.462 | D4: https://drive.google.com/open?id=1qDn9IUbLaij7_RyxctQ-Bc1OQyXmRuPU | E4: https://drive.google.com/open?id=1zUcHLjxbQHXtJlCZzXkdl8mi-Wn4OCW1
A5: 45208.641 | B5: 3 | C5: 3.5 | D5: https://drive.google.com/open?id=1pq5kKziwav4QP1qv10AKY5QGGDg0o-yf, https://drive.google.com/open?id=1l64WMr3g1DBxD45-SvNLahdjE4kG0SdM | E5: https://drive.google.com/open?id=1MTfYF0Llz5HNRJU8zXqW00qFGN-5Y7dE
A6: 45208.66 | B6: 1653 | C6: 3.637 | D6: https://drive.google.com/open?id=1QZymuJZLzwTMLsP0MqEQmfmLx-1-56GD, https://drive.google.com/open?id=1xaYOfo2Gdk1GbkcTq1yNrPJ63XAkYD_c, https://drive.google.com/open?id=1m8Dv3rhORaYaJlDWbSqPW5b7NDUX4m7u, https://drive.google.com/open?id=1W6uP7yUXvFWo7gmHbQsZLFlc-nMC2IEY | E6: https://drive.google.com/open?id=17zzSj1ypq0Jr1-sTV5qgICI-8WZYp6IH
A7: 45208.66 | B7: 1653 | C7: 3.637 | D7: https://drive.google.com/open?id=1VUKTV7eIslXY-oEXgNd6JMorYP55vkM9, https://drive.google.com/open?id=1f5zKHZWFINe0FO9j6buY0HagyeO2GTSN, https://drive.google.com/open?id=1S47hSa3e3KBsou2L5DWQVRspGa2JvnNs, https://drive.google.com/open?id=1kKZso4fKHS7GQwBITPPxCKPW79KccLRo | E7: https://drive.google.com/open?id=1A2TvyTBiBQtf4BbwoKoVG0jnb75EyU4Y
A8: 45208.942 | B8: 1641 | C8: 2.2 | D8: https://drive.google.com/open?id=1gk8d-rGvXEDKtAGEASsUo8DLaFCnSyFv | E8: https://drive.google.com/open?id=1zVBlMHBoQk5BgTELyeckM3zoFVtLucHV | F8: Midterm in US History should boost grade a lot. Also talking with JOUR 200 professor to raise grade. Hoping for around a 3.0 by the next grade check
A9: 45209.416 | B9: 13 | C9: 3.71 | D9: https://drive.google.com/open?id=1bWJrET0dz9pfY-kxAXnnbLVBR4i0IMwf | E9: https://drive.google.com/open?id=1kttDkGQEGoa1DKy-J1iY1yCh74DJrp60
A10: 45209.724 | B10: 1597 | C10: 2.5 | D10: https://drive.google.com/open?id=1lbqwjGxabQZCgm85Zsi4xw_142hsU_4o, https://drive.google.com/open?id=14AzT-V_PpSYMoC0lSMnO5_XMIo9jWoFs | E10: https://drive.google.com/open?id=1Ubninzg7POadvKh1L8u934FiWd12jVKz, https://drive.google.com/open?id=1sX9oaXnxwFMGMbsZaXAehkg_Dnv0YIXI | F10: Im working on getting them up I’m averaging an 81 on test I just need more grades in my lower classes
A11: 45209.84 | B11: 1620 | C11: 3.5 | D11: https://drive.google.com/open?id=1kpQLUuc2Fwd5-jb_X2_xkK8r-wYcSpzO | E11: https://drive.google.com/open?id=1LguZ2E0qbiKCZ90Kyen--SmM9SJk0Uap | F11: ELDC almost an A- but hanging on (94%). GIS a 100% rn just completion work. Finance will eventually go up to B/B+ next exam (will actually study this time 🥺) but admittedly EDLC will probably slip to A- temporarily so it’s more good than bad but instead of 3.75 it might be 3.65/3.7 by end of month and planning for 3.833 end of semester (one A-, rest As)
A12: 45210.38 | B12: 13 | C12: 3.71 | D12: https://drive.google.com/open?id=1FBNZXsVG7ei4c9Y2R7p3gwil7cuxnsN2 | E12: https://drive.google.com/open?id=1RMi4bZedwPfR85kZJ4uUOlszyETUlMYD
A13: 45210.442 | B13: 1625 | C13: 3.001 | D13: https://drive.google.com/open?id=1tqgVeEAzcM77J3hvDAysKiDoFUBrpOVt | E13: https://drive.google.com/open?id=15wguvWWRh-fWG6REQhXtxjO1boYXw8lV
A14: 45210.482 | B14: 1591 | C14: 4 | D14: https://drive.google.com/open?id=19Vs9zFOojnst94aevuCCxuVFoRxL4Xsq | E14: https://drive.google.com/open?id=1x9IdwgS056cywYtgJV-boMpTkzX4MW-K | F14: The jazz class is over 100% with extra credit lmk if you want to see proof
A15: 45210.558 | B15: 1615 | C15: 4 | D15: https://drive.google.com/open?id=1mEQA-SsP_gGRqXuMMINMYc7-cs_6JbSM, https://drive.google.com/open?id=1kYIX2LK7UqU79bHjQ9T-PPzUdKYTglAP | E15: https://drive.google.com/open?id=1LF-22OAM16SAbn53cZTq8ty1KFykWix1
A16: 45210.771 | B16: 1599 | C16: 3 | D16: https://drive.google.com/open?id=1ppAZas-2sBG0_IqvohK1F5XF58NJxTiJ, https://drive.google.com/open?id=148IfcDunSqKX5bBXoId9seouwi0lJGOo | E16: https://drive.google.com/open?id=1gOmtzXPuA6vgtb4vxmAUpwKA7lTE1SQM
A17: 45211.342 | B17: 1621 | C17: 4 | D17: https://drive.google.com/open?id=1UJ16UtS9gsvaoiboLwmCMbYua7SKurKX | E17: https://drive.google.com/open?id=1Oc0S_hQZ4PkDBgkqijMqxXQVgh3p4sHB
A18: 45211.449 | B18: 1655 | C18: 2.58 | D18: https://drive.google.com/open?id=1z5ckK6LF9Kow6XXFk230hOAVCSbJM_U5 | E18: https://drive.google.com/open?id=1JOdk3urUcM8_fQRDmWtx4vPDs_rNeWty
A19: 45211.641 | B19: 1624 | C19: 3.335 | D19: https://drive.google.com/open?id=1SzsowdlcSYDdS97xqLgbiMEkVf49jHLS | E19: https://drive.google.com/open?id=1GPg7LxJXe9UieccnBBfldvNNPpI0MjYq
A20: 45211.765 | B20: 1648 | C20: 3.9 | D20: https://drive.google.com/open?id=1io7YW3VmtKx-O9FHM0iHRv5p5WQss1jW | E20: https://drive.google.com/open?id=1gTxf0_AG7We8NqnowSMQfgJWqPj463mC
A21: 45212.36 | B21: 11 | C21: 1.417 | D21: https://drive.google.com/open?id=1_16g4rZh-fAh1TfblbCBTuZg1BZRqucv, https://drive.google.com/open?id=1A9M8EarxWtwUaiSxh46I2aqt0pKsAN3C | E21: https://drive.google.com/open?id=1CsqnV5RJWUiu5fHR9kLqj-AMsrCU6Zc8
A22: 45212.369 | B22: 1598 | C22: 3.5 | D22: https://drive.google.com/open?id=1QQVxDI9gmo5bZZsTirH1XOoTXSK0VJW- | E22: https://drive.google.com/open?id=15ctjp-0pHNwOaEvA1dRUnKBOSVwc-GzN
A23: 45212.377 | B23: 1623 | C23: 3.687 | D23: https://drive.google.com/open?id=1TloDtstgs3Pbw4Y22f1Cr9vI-8XnjGkp | E23: https://drive.google.com/open?id=1Wr_gSp8p9BXMFeqBMazUXaWob-C7FIzo | F23: My fucking testing class cucked my gpa. Got a 3/4 on this project proposal assignment and it dropped my grade 9% somehow.
A24: 45212.383 | B24: 1592 | C24: 4 | D24: https://drive.google.com/open?id=1I7EHUmYgM9z0hebHrC3qoyxrdBBAPc1D | E24: https://drive.google.com/open?id=1aow6HJaZwn-FFGNKOiQQfGaLZZG8H2LY | F24: Please help.
A25: 45212.387 | B25: 1608 | C25: 3.165 | D25: https://drive.google.com/open?id=1g03muwf7tvCSfDrU-FiXo77qN4XOuIze | E25: https://drive.google.com/open?id=1RPOiglXRF9nOX67xkPl_BN9A0e-pESNx
A26: 45212.387 | B26: 1652 | C26: 3.001 | D26: https://drive.google.com/open?id=1nHZfUUw9sio9HD5q-zPGf4dfW8ak7mgc, https://drive.google.com/open?id=1ysBkk-ipGm2FeA8CGE00ZJESYxnnRbeh | E26: https://drive.google.com/open?id=137VzuvWICJFsHeCihIuriJ6uF_xnXU-5
A27: 45212.395 | B27: 19 | C27: 4 | D27: https://drive.google.com/open?id=1bqyhLZvs53JYa-5JICFcv-HRUMr0Vv-Y, https://drive.google.com/open?id=1fEBUxUnD9jaySgNvTMy90MfXN6lj_N9Q | E27: https://drive.google.com/open?id=1csHGeod1-OoIVg69v0AN2nM4S7mlujYQ, https://drive.google.com/open?id=1sE86Nn3_5ruuiRY0fCdBO1Cm0u4AruDX
A28: 45212.406 | B28: 16 | C28: 3.67 | D28: https://drive.google.com/open?id=1oPIhUNtp5NNf3SJTTDqloiFBuIucmj9l | E28: https://drive.google.com/open?id=1v0mCFfd2F9-obL3DkqOkL23Cib_XwcLg | F28: None
A29: 45212.411 | B29: 1646 | C29: 3.186 | D29: https://drive.google.com/open?id=1efbx5JURSgj8AZLyNBedIGzkdrv1Icwm | E29: https://drive.google.com/open?id=1vKpBDDB5ku3yFlq98yNy6rM21dGJ3zNx
A30: 45212.414 | B30: 6 | C30: 2.35 | D30: https://drive.google.com/open?id=1DUlpsG5i8pfS1-i-bAHyMLa3NmgggVmF | E30: https://drive.google.com/open?id=1OxE5Q53AA5VO-afxBR9eJWs9mQ76waUt
A31: 45212.417 | B31: 17 | C31: 3.3 | D31: https://drive.google.com/open?id=1H7koE0U77nh1IBlZGNZOcPUXxbl8zVvq, https://drive.google.com/open?id=1HlSn2zoBPqMl_xjdqOtRaxRix11Gw2jf, https://drive.google.com/open?id=1I3iqAXJdGmFi1cHwB0GWdsMVdUfJqvaM | E31: https://drive.google.com/open?id=1kqyL-YrX1JCZBhQM7qnS1TKiBvbWUfti | F31: None
A32: 45212.425 | B32: 1622 | C32: 2.75 | D32: https://drive.google.com/open?id=1p03ekJDXB7yx6I1EroJ40nzPRAN0UdrW | E32: https://drive.google.com/open?id=1wnsToYa_2pQgBHiynQGSpwsPi9vbcdV3 | F32: I’ve been getting my work done early and trying really hard to get these grades up but the first exams in these classes way them so heavy
A33: 45212.427 | B33: 1596 | C33: 3.86 | D33: https://drive.google.com/open?id=1iP-8I01ptSmA275n0ciItbp2LWO912Lr | E33: https://drive.google.com/open?id=1wKx3C-nSRSNBVXh7SO3aUI8zOXSROpv2
A34: 45212.469 | B34: 1605 | C34: 3.4 | D34: https://drive.google.com/open?id=1Z8LknACE_wXO-viTCEaXQbMamfW1ELVA | E34: https://drive.google.com/open?id=1hSb8SO2wDres4modWe1GvwXBpARKop1d | F34: Rounded up
A35: 45212.493 | B35: 8 | C35: 3.65 | D35: https://drive.google.com/open?id=1znKMhiFMr6zWuZH2rnPWkN7wRQhJ4mdH | E35: https://drive.google.com/open?id=1Ph1jCTxhYRjBvCHa0xElT5to4C7c4z7v | F35: Sorry for the grade drop
A36: 45212.521 | B36: 14 | C36: 3.85 | D36: https://drive.google.com/open?id=1zPC613duScoMy1aYvRTdFBFYZNJ--W6u, https://drive.google.com/open?id=14vQH2pJutyXnhqm8SdlssNZXWB2JkBwU, https://drive.google.com/open?id=1oNhKvKy0Fe-LPZPTXze4Pcy6Jbf3UgwX, https://drive.google.com/open?id=1cGiMqUXadMLEEpapDym953PJ2xbZYGEp, https://drive.google.com/open?id=1Vx9QXei2CdpJOfVpC9nhJc3EfE3diSRe | E36: https://drive.google.com/open?id=1b58XjtLaIt5EyDtcYMpPlC5tYmaQglS_
A37: 45212.523 | B37: 1654 | C37: 3.5 | D37: https://drive.google.com/open?id=1mefnGdaCeZcZ_G33NyhDl9tcjceuLPn- | E37: https://drive.google.com/open?id=1TNAo_Ec3TEXHHs8GFk1bWz3i4ccMiWuH
A38: 45212.524 | B38: 1654 | C38: 3.5 | D38: https://drive.google.com/open?id=1d_4RNReW5ltIHLnY_pfW7-KWDRotiakM | E38: https://drive.google.com/open?id=1UZ-NLpC0MAj9PIqGcccPBhXGvgN9f9UK
A39: 45212.525 | B39: 1 | C39: 2.67 | D39: https://drive.google.com/open?id=19axX42FxTlGVV7zCCg0SKq8ydBpogeHT | E39: https://drive.google.com/open?id=1JFtqXFQPZ5Cq3-gUHgsSznv_JL7udnvQ
A40: 45212.541 | B40: 12 | C40: 2.75 | D40: https://drive.google.com/open?id=15YBrmIMLUWZOJMjMxOPyjUgxNZN2ytYx | E40: https://drive.google.com/open?id=1WAB1ad4EBDnK2_xZ1tj6mOWj178UUi3x
A41: 45212.589 | B41: 18 | C41: 2.548 | D41: https://drive.google.com/open?id=1siemyIByQxdNzjewjcS68dj16xaUN4le | E41: https://drive.google.com/open?id=1107AuuZglkTEmHownpg1Eg1fnPZziD-e
A42: 45212.615 | B42: 1627 | C42: 3.083 | D42: https://drive.google.com/open?id=1lwbQcfFhXJ6D4jxCwxFj_-Ij28k1OM18 | E42: https://drive.google.com/open?id=1OqTBxvZCsaXoXEjILOo6ZS2s8RPwnMFM
A43: 45212.615 | B43: 4 | C43: 3.491 | D43: https://drive.google.com/open?id=1ECtfzWFOlr8TFsuGvcbZ9sf10QhCmT3_, https://drive.google.com/open?id=1L8DnX69QKRuNJ_l5tLVqmsUZI1M2Nme6, https://drive.google.com/open?id=1kk4KME03YJplF0yeiLvhhdhihcO0WKbA | E43: https://drive.google.com/open?id=143ldczsBOzXVl1-tgzZqOhhzmPFHHPZR
A44: 45212.645 | B44: 1616 | C44: 3.734 | D44: https://drive.google.com/open?id=1YSPu2FBs4ATdvOgTZK_nPlxywBROiqv0, https://drive.google.com/open?id=1aqHtocHhzJ_lz9ys1hgsYyUp_VXFEbkh | E44: https://drive.google.com/open?id=1I2UcTxYtUfV3s6EgjMdJXEh_3MPjCAPv
A45: 45212.658 | B45: 7 | C45: 3.251 | D45: https://drive.google.com/open?id=1gGCtMhOdcl4Mnwyz-DzBZT-0TnPoMFxP | E45: https://drive.google.com/open?id=1YIfCC7CZlp7D7SaA7FNbBnsftbsd5fTE
A46: 45212.659 | B46: 1595 | C46: 3.266 | D46: https://drive.google.com/open?id=1N9VuGICwRpDCi2zPXwn5AUVTubpbNiqz, https://drive.google.com/open?id=1zX2o-yLX7UGUMuORfYycSL56NJr1s9o0 | E46: https://drive.google.com/open?id=1C5oZC5_b40HjYcsAxHourZ_l2dUrfYWF
A47: 45212.661 | B47: 10 | C47: 3.732 | D47: https://drive.google.com/open?id=1J9lAnfmPjwinYCUBviSt38f_DLpg7EX8 | E47: https://drive.google.com/open?id=1RV6oeGWn0CgeHFj0IKlD0esi9ROyEBLD | F47: Nah
A48: 45212.663 | B48: 1645 | C48: 3.75 | D48: https://drive.google.com/open?id=10zcTrVDpP2NhppEYxXoW39AfaIWc1RtK | E48: https://drive.google.com/open?id=10Icpw9eu-inj8sZvf3aiin0OwqDe-74n | F48: Don’t know why calc recitation went back to N/A but it went down to a B+ before:( finally broke my MJ run🤣
A49: 45212.663 | B49: 1642 | C49: 3.46 | D49: https://drive.google.com/open?id=1j-FU82p-MS5W-K9p7T_eDA8TATXeHb-l | E49: https://drive.google.com/open?id=1i-n5RLfZpnRwFc11PpCYrIOFO4HswlU1
A50: 45212.668 | B50: 5 | C50: 3.8 | D50: https://drive.google.com/open?id=1HgkD3CF8bN06ScmKGP5EBZ_yzdg0guGj | E50: https://drive.google.com/open?id=1_O7VnLPVR13aBYq5viIKFMWAGdimfz_p
A51: 45212.669 | B51: 1644 | C51: 3 | D51: https://drive.google.com/open?id=1-b8yZ7o-DYoLSTNMGEIRwYEzVX_IclzH | E51: https://drive.google.com/open?id=1lXDfOVpz2OfWbmcObxlGIhYzP70FAQHk | F51: Fade school
A52: 45212.675 | B52: 1635 | C52: 2.583 | D52: https://drive.google.com/open?id=1RzWqNWm8be062wCRdCfFErsqi2AbtMCs | E52: https://drive.google.com/open?id=1imJ2j-v9lTQ7EvAFnfttew1lIpgmBsLw | F52: It’s worse than I thought but I’m going to try my hardest to work on these next tests. I hate tests that are worth 20% of my grade
A53: 45212.681 | B53: 1640 | C53: 3.693 | D53: https://drive.google.com/open?id=1295Rqf5M5yOkE-Yrz1LjXnGOzi_TEj9D | E53: https://drive.google.com/open?id=1vp_MEGEWULSVmjYfrr2j_4YIUKsL-4Ce
A54: 45212.685 | B54: 1602 | C54: 3.918 | D54: https://drive.google.com/open?id=1vQaPxrWQEIewvGNO1O9hofuP47FB5hmC | E54: https://drive.google.com/open?id=1Pro2SAi3kcJEEh2maUKKEtEbWnd7Tall
A55: 45212.695 | B55: 2 | C55: 4 | D55: https://drive.google.com/open?id=16FxXfnKEsQJfbHxBOKx6tmxYF66DtVdX | E55: https://drive.google.com/open?id=11n-lk128PnMGeTIs9FEk0dBLB3ad7jdr | F55: For that 87.5, it’s a pass/fail class and my professor is being an asshat. I literally have a 100 in that class they just put a ducking 0 in on a random assignment for no reason. I already emailed the prof and she said she will fix it at the end of the semester *bruh*
A56: 45212.699 | B56: 1594 | C56: 3.5 | D56: https://drive.google.com/open?id=1GoKvQ11wVdZTpKeHLgAgBwXzChgbSYbv | E56: https://drive.google.com/open?id=128OlETBSihAIgnRqlUnbTuwE5fzUabDI
A57: 45212.808 | B57: 1613 | C57: 3.534 | D57: https://drive.google.com/open?id=1blRsNuHBQbbnrrGMRhWCREswmveQcpE7 | E57: https://drive.google.com/open?id=1HO9DwDhyCVPAn5wSxBcKM8gSeGajZ-kb
A58: 45212.968 | B58: 1650 | C58: 3.5 | D58: https://drive.google.com/open?id=17RlGU3FHRHVx9RNfbq9asMbUOX0POsKE | E58: https://drive.google.com/open?id=1Ba25zejEM2lhdPJLhPL-vomVutPfRaph | F58: I haven’t included it in past reports but I forgot my business writing portion is an average from both the canvas classrooms.
A59: 45213.519 | B59: 1628 | C59: 3.924 | D59: https://drive.google.com/open?id=11Tw2E-pqLrdvz8tcQ4YE7PRPmXMpg7Ir | E59: https://drive.google.com/open?id=1oI4HPKdVUr1y8tCwxD2SunXvWyAHQb_G
A60: 45213.519 | B60: 1632 | C60: 2.9 | D60: https://drive.google.com/open?id=1mNJlG4TptVGNT884iB0oCLnj-l0RovMz | E60: https://drive.google.com/open?id=1XngcYq2q7rtOH4ojdDN_Whzrvn1nJdWn
A61: 45213.537 | B61: 9 | C61: 3.843 | D61: https://drive.google.com/open?id=1vDONaTjh09pdvaWLRCJuL_lW0IybuC1o, https://drive.google.com/open?id=1JuATP7Tk0pqtrDN87aUxC70pn6SLSyzK | E61: https://drive.google.com/open?id=1j_A4aQ03xOagyaa2JKMknmjouOJ12_98 | F61: My grade in OCHEM has tanked but that's because our TA has not input the grades for the last two recitation quizzes yet. This will change soon. Thanks. Sorry for the late submission.
A62: 45213.9 | B62: 1647 | C62: 3.294 | D62: https://drive.google.com/open?id=1yZEIChZS40XfdfqtZPLmWZtH7Y2DnPKR | E62: https://drive.google.com/open?id=15O2JJIeMBJ0y0YSUEJryJ63jSgieTY_N
A63: 45215.47 | B63: 1630 | C63: 3.2 | D63: https://drive.google.com/open?id=1pwo4mRtAGwPW25gw5sWiV5ovclL26oX9 | E63: https://drive.google.com/open?id=1AC8V2ul4-aFxKv16hNlI40xbNtYMQByv
A64: 45215.519 | B64: 15 | C64: 3.538 | D64: https://drive.google.com/open?id=1jtrI2Ir8dZ8Hu-BDshAHdh6QzCDt3otF | E64: https://drive.google.com/open?id=19MkzBWttdwTGyz9FlwdxcA2gXSSRoZ7Q
A65: 45215.557 | B65: 1639 | C65: 3.918 | D65: https://drive.google.com/open?id=1mIm0y9U2xReo6SFi_4UhR4_2IdpOa4aO, https://drive.google.com/open?id=1UoJMM57F_h8MFwucqoPI6Dl39rIYH-et, https://drive.google.com/open?id=1-qiDmtn8jhD8noGdmAynl1aPp9guNR8J, https://drive.google.com/open?id=11hmCq8eQ837JPtidcalqsnlbd37vjY2e | E65: https://drive.google.com/open?id=1_wH4cwDIUC4f-Yh-zlnYDyQIEskbq3xe | F65: CSCE 101 is being taken as pass/fail, and I provided a ss showing that I actually have 100 percent in TEAC331 even though it says I have a 50 percent
A66: 45216.686 | B66: 1631 | C66: 3 | D66: https://drive.google.com/open?id=1JyBKNpTpv6kTYLp-HlcboAeQzciHe1CD | E66: https://drive.google.com/open?id=1H5LlDt4jJdrqZYshAzF0aO-lKtd23GnM
A67: 45217.716 | B67: 1636 | C67: 3.41 | D67: https://drive.google.com/open?id=1lAYDXosoGI-F6L-lmmSqYpaHzIIVAUex | E67: https://drive.google.com/open?id=1gcD_KXFIaQYTHPsg-_JY25A503alOZ5G | F67: My info to ADPR class is a 89 btw it’s on a dif app I can see my score rn
B74: 1634 | C74: 4
B75: 1577 | C75: 2 | D75: sorbin
B76: 1617 | C76: 2 | D76: siepold
B78: 1636 | C78: 2 | D78: nik
B79: 1643 | C79: 2 | D79: colby
B80: 1656 | C80: 2 | D80: JD

Sheet Oct 27
A1: Timestamp | B1: AE | C1: GPA | D1: Canvas Screenshot | E1: GPA Calculator Screenshot (random photo if 4.0) | F1: Questions/Comments
A2: 45222.455 | B2: 3 | C2: 3.44 | D2: https://drive.google.com/open?id=1lF868fp-x8TA70KUpPvPLI9HbdjFuFH0, https://drive.google.com/open?id=14cd23TG34peMBOBzFttvLZGc_oU_GJTs | E2: https://drive.google.com/open?id=1c6su5dsbBSXoqEujsTbXfOCwMq706D6D
A3: 45222.468 | B3: 1637 | C3: 3.734 | D3: https://drive.google.com/open?id=1F7_ZTBXEnoXCQXG6fQh3uXctVVAUY430 | E3: https://drive.google.com/open?id=12G8wyqyrynmrB5AC8152Dt2AwGKK49jU | F3: Fuck the hoes
A4: 45222.471 | B4: 1639 | C4: 3.918 | D4: https://drive.google.com/open?id=1pzu3qNmfQzf44SotzqhZiEiD9f6hFPCH, https://drive.google.com/open?id=1LHUf6UmpuErOU0vOLARUI0Gvp0RJJ8uD, https://drive.google.com/open?id=1h04LkDL2UNfU541Jjylh51smEHX80qmi, https://drive.google.com/open?id=16iFUqbHdyUOf3ovkZOGoAxnW_RAvLCM8 | E4: https://drive.google.com/open?id=17_Py-GF923PxFluEeD27TRXXps5xkOTD | F4: CSCE 101 is P/F and a reminder that it says I have 50 percent in Teac331, but as explained in one of my ss, thats the maximum amount of points I can have until I complete the rest of the assignment in November as scheduled
A5: 45222.506 | B5: 1622 | C5: 2.83 | D5: https://drive.google.com/open?id=1_R4srK2hHZF0wyWjXMDypeACFi0pG-cK | E5: https://drive.google.com/open?id=1Z3s2nhmVpjz6_MWGwfuVNWqlhv2AFx89
A6: 45222.547 | B6: 13 | C6: 3.69 | D6: https://drive.google.com/open?id=1a-_z3IwDgnPiBq6dq7jDu_SC0qT7r9DX | E6: https://drive.google.com/open?id=1sxOn2zPZrs8hy3OVoFa8-Z-GVIUihmbq
A7: 45222.614 | B7: 1653 | C7: 3.6 | D7: https://drive.google.com/open?id=1sWp3l8xBYfZFCL57-PDBIle-MZMvmXLN, https://drive.google.com/open?id=1bd5cabm3z5758N-0TsrcARol5k96ZjHX, https://drive.google.com/open?id=1ZlNLK1wMhkodbLAx3gcx_icOohQI7ox2, https://drive.google.com/open?id=1WW4pSxaPhnfSETKvO7SpbZ9pDKROFJyC | E7: https://drive.google.com/open?id=14hqtgjCruorDrV9ufsoOeFrR8ifnKADx
A8: 45222.622 | B8: 1564 | C8: 3.538 | D8: https://drive.google.com/open?id=19Imp2qqnDCpMVtq-pI-li9SgT6MKMrkE | E8: https://drive.google.com/open?id=1banDhQvgxiXOF9q5fpAjbN9CV5lEZKyG
A9: 45223.577 | B9: 1625 | C9: 3 | D9: https://drive.google.com/open?id=1p0p0PTt4Zlke36QA-huVTJQMcg8js4Tk | E9: https://drive.google.com/open?id=1kNpW9ohuBn6mzOYeCQQVrHt9ajNEq1LX
A10: 45224.386 | B10: 1592 | C10: 3.695 | D10: https://drive.google.com/open?id=1hadK7XIynhY8Z3HmLvLd2NkzMWMaIaFX | E10: https://drive.google.com/open?id=1EoxvqjErTx5CuRh-T3LwsBRSmQMfV6Wu
A11: 45224.422 | B11: 1621 | C11: 4 | D11: https://drive.google.com/open?id=1yV19H72Sa1wKNxwv28uz_rUpvDi8tZtC | E11: https://drive.google.com/open?id=1QP-9v3Pz-XkLbLiVxVlWv_LC00cJaiWk
A12: 45225.616 | B12: 1624 | C12: 3.168 | D12: https://drive.google.com/open?id=1bvbKtn4WQNqFVjPaXSGJXTRM26OKLbVI | E12: https://drive.google.com/open?id=16aC7-FbZkZeqO6DBaSgQYLdyts7mzo2I
A13: 45225.659 | B13: 1627 | C13: 3.085 | D13: https://drive.google.com/open?id=1fpkqUHeuRZoxfu5VC0x7KE6bkBx2E2VK | E13: https://drive.google.com/open?id=1A00G8JPPP7Qw6f8923RUz-6dOMF5VE_Q
A14: 45225.708 | B14: 4 | C14: 3.556 | D14: https://drive.google.com/open?id=11XnHOXEbywRDVBvUYCBWex4FR1h-IY3X, https://drive.google.com/open?id=1v3ZW3QyDNmhQmv-MoULjeh3ukuYpqI7O | E14: https://drive.google.com/open?id=1aju80r58lmVSq28zqCaVCFE9e4-9YDOG
A15: 45226.416 | B15: 2 | C15: 4 | D15: https://drive.google.com/open?id=1DFRz9xdQWtOYov1wVWa54n5D0DmObMSd | E15: https://drive.google.com/open?id=1VSzp2i9VofNyfypSycu2vTvYVaHRKAp2 | F15: The 89 on the gen chem is just the attendance questions grade. For some reason it doesn’t apply my exam and assignment scores to that percentage but I literally got a 99 and 98 on my exams and have got 100 on all my assignments.
A16: 45226.432 | B16: 1597 | C16: 2.35 | D16: https://drive.google.com/open?id=1Uhre5CWpNyILTuOOhgxFnefKYxeDbmHP | E16: https://drive.google.com/open?id=1uSaQ5NALsNfsF759td85BhZyAFEIEVp3 | F16: Im going to end above a 2.75 after my blaw extra credit goes in at the end of the semester
A17: 45226.448 | B17: 1618 | C17: 3.312 | D17: https://drive.google.com/open?id=1yNSxu9z2Q7xVUG76trdMHIIxu23lLZNT | E17: https://drive.google.com/open?id=1CVJ1K8tMfZ2N6p_huOY5eaPRXBQ1GB39
A18: 45226.449 | B18: 1605 | C18: 3.2 | D18: https://drive.google.com/open?id=1PhUATu2KKHZCMZI33pOiu42x4X97w2Up | E18: https://drive.google.com/open?id=1RVMU5U8Ngw0oKDyQNXDPN24vKLirhpLP | F18: Rounded up
A19: 45226.455 | B19: 17 | C19: 3 | D19: https://drive.google.com/open?id=1kiT24zbgRBpWNDMQHeNBCT_CdBXDbakI, https://drive.google.com/open?id=1H8YAWTcE0OENAS5YcKMP1IVhAI4qbHsJ | E19: https://drive.google.com/open?id=1uMHmh91srLrFYGfT5ROMcXO3aMNNoc6w | F19: None
A20: 45226.462 | B20: 1648 | C20: 3.9 | D20: https://drive.google.com/open?id=105_tP4v1x8e8kGZmwVNWut46OX0ERxqt | E20: https://drive.google.com/open?id=1QcQ8BLSvqwSxbuCan-9tZlImicAqkYFS
A21: 45226.463 | B21: 1652 | C21: 2.98 | D21: https://drive.google.com/open?id=1tTbjYuKFIynwrn20lmAcOQcBb6Bd55Ay, https://drive.google.com/open?id=1bjQ_vlwRa4VAKUPVq75SqVOYtHP38aIA | E21: https://drive.google.com/open?id=1oj-bJAkyFwRYn2HwK_0PfIB9p1nKB0iZ
A22: 45226.468 | B22: 1615 | C22: 4 | D22: https://drive.google.com/open?id=1BOtqGZxyLcjYDymB6du4bf5Ili7UItnP | E22: https://drive.google.com/open?id=19XOqa5bSyTcxJq5TVSc39j2MUGfySoQx
A23: 45226.474 | B23: 1647 | C23: 3.294 | D23: https://drive.google.com/open?id=1iV4zbk3mZPRM42SoH8PM48AVu2QUEL2i | E23: https://drive.google.com/open?id=1JPy962F0bXPpQpENzcWWarvQCmbilNWk
A24: 45226.478 | B24: 1631 | C24: 3.4 | D24: https://drive.google.com/open?id=1gKb9V6UpZRKRsYiuLCwwYe3vjh5NJ2Hf | E24: https://drive.google.com/open?id=1LEO8I6jAGUbnLpDp3YtRAP7HD2t7Lyjg
A25: 45226.494 | B25: 1595 | C25: 3.332 | D25: https://drive.google.com/open?id=1v49urHvFP4MKA7rvcCFz7g4YnPsrolIx, https://drive.google.com/open?id=13USU_VMIynaSRLM7Xrw31Llwps6RuHsf | E25: https://drive.google.com/open?id=12h5BoApktqYhF7F3HYzFC767FWAkW6D_
A26: 45226.507 | B26: 1643 | C26: 2.714 | D26: https://drive.google.com/open?id=18Vye9LVytt86VUBM68bz4Kwnv6Ef3mtS | E26: https://drive.google.com/open?id=1sFK5ZSBc3nUzuHOy5evvgCk1i2a5nTcg
A27: 45226.509 | B27: 16 | C27: 3.61 | D27: https://drive.google.com/open?id=162J-cYDEpToEt3FLnmjeEkLRhttvZD7j | E27: https://drive.google.com/open?id=1mtOnrvlQX51zqKkOEA3m-y_dUcwrpWGi
A28: 45226.522 | B28: 1620 | C28: 3.5 | D28: https://drive.google.com/open?id=1iEsd7HON0Mg5vhEgUihVmDsrxJv-Kn1A | E28: https://drive.google.com/open?id=1cjz9taVtZIH2z41OIndtCMwn8gETKPu1 | F28: (3A’s, one C). C should go to C+ by next week (3.583) and exam is early Nov. GIS 100%, EDLC a 92% which is still an A
A29: 45226.586 | B29: 1645 | C29: 3.6675 | D29: https://drive.google.com/open?id=18_qb0AfB4XrjlgbckMiDLZUopWnJ5Atd | E29: https://drive.google.com/open?id=1mOAZKZuPM7V4mZK9VvCc3yYzp-Q-ec3C
A30: 45226.645 | B30: 1654 | C30: 3.25 | D30: https://drive.google.com/open?id=1e5wRpeYhLdf7a-UkTaSufhPwQViAbMtY | E30: https://drive.google.com/open?id=1PIsVrTv5wKdClclAnzNc-1HPB9sRXbbY
A31: 45226.649 | B31: 1646 | C31: 2.561 | D31: https://drive.google.com/open?id=1DEdm2ysCVIA19F0x1bJ9n9l7uyKmllzu | E31: https://drive.google.com/open?id=1JpvSmIlM5RtLMTtduVOLVUXWMvLLhFSr
A32: 45226.657 | B32: 9 | C32: 3.884 | D32: https://drive.google.com/open?id=1FEw6qk0IkP5nfqQJTwyxmkAzn43_eLIM, https://drive.google.com/open?id=1fKA49Nn9dQhpTzS310dK3GAJaGD2BtBO | E32: https://drive.google.com/open?id=1rKNc95Y52Do4CJiNmI3Q5wxoM-pI-SWR | F32: There is a grading discrepancy in CHEM252 and AGEN225. I have talked with profs and my actual grades have been used in the GPA calculator. Also there's an assignment upgraded in CHEM252 which would drive up my grade soon.
A33: 45226.67 | B33: 1608 | C33: 3.498 | D33: https://drive.google.com/open?id=10G1LRC7HW4EnNf8QAVpDQWuQdlwlUI9J | E33: https://drive.google.com/open?id=1CIx9Ey2OxYpOClkt8Ne406f3NC4qqyfd
A34: 45226.705 | B34: 1594 | C34: 3.5 | D34: https://drive.google.com/open?id=1exdxLM-6-tH99tjokjm-9PZ40o3TTPui | E34: https://drive.google.com/open?id=1pDuEGCiDE8TKdoQ2SrGNOt8v9KLX3Tnp
A35: 45226.719 | B35: 1596 | C35: 3.88 | D35: https://drive.google.com/open?id=1I6GRml-TepsLLIjDFcE2h_KcNs9VmF0H | E35: https://drive.google.com/open?id=1b_orNv6uVcj3mwzr_mYIPFJ3lyM3J56-
A36: 45226.726 | B36: 1599 | C36: 3 | D36: https://drive.google.com/open?id=1zkGxX58hz2Dbus4wGL8FId-nFYBzbk29, https://drive.google.com/open?id=1HkbLmKJtouXIZteZxL4uyNyqpZPMJo9N | E36: https://drive.google.com/open?id=1GoVzBiUkLZPmQdPAZgRxjVGMp8g3ITWa
A37: 45226.728 | B37: 1644 | C37: 3.09 | D37: https://drive.google.com/open?id=1YPogNTuolp4Sf-xU9YpZsnxf2AXDPTZ8 | E37: https://drive.google.com/open?id=1AZRldnUIzMIjXRqKU9zoZTu1J_OPu1Sr | F37: No late fine daddy
A38: 45226.728 | B38: 1640 | C38: 3.538 | D38: https://drive.google.com/open?id=17rVyw5i7-OXTtoOKfyBX4Jfcic4KxT31 | E38: https://drive.google.com/open?id=1t7-DlASdxyUDgB77g-JGLfd23zr4bHF3
A39: 45226.842 | B39: 1630 | C39: 3.068 | D39: https://drive.google.com/open?id=1LAwFhtvekJK4Ec5zFIVCxidO9M3aCIoB | E39: https://drive.google.com/open?id=1jod_uvCczzTpalhonpCxOyWMPyki14-N
A40: 45226.843 | B40: 13 | C40: 3.825 | D40: https://drive.google.com/open?id=11tzERG1kkvmt1DYRHYC09KkF43jt4umh, https://drive.google.com/open?id=1rtoLARw4iQ088Z6YrDAbUpeU0giMzCiM, https://drive.google.com/open?id=1ID_e2deI3xboUzm87tupU3EokPuANJge, https://drive.google.com/open?id=1sbSea_mo-CDqx-o3JiROCrmbAHGwp6Wm, https://drive.google.com/open?id=1uqy0NCYsE5VUIc3V7SBTdwsqx9wxHPjO | E40: https://drive.google.com/open?id=1yz0HKBc3XJ3f7_oETUOpcuONc4PZR9S1
A41: 45227.38 | B41: 18 | C41: 3 | D41: https://drive.google.com/open?id=1HEbnS9rrGAngLK0nxIf6vXGYi2pMpsDi | E41: https://drive.google.com/open?id=1QqH0qrRFpszdh4ARhAqilhW2qynBRWTc | F41: Using the calculated score for Hist of Jazz grade instead of canvas grade, canvas grade does not factor in extra credit.
A42: 45227.437 | B42: 1623 | C42: 3.625 | D42: https://drive.google.com/open?id=1ggRPALnu9QlDiGSJAkAdaqRRq4FoPUDF | E42: https://drive.google.com/open?id=1qLe65AkKzOgj8JPaVU6hLaPS4hM_Umep
A43: 45227.474 | B43: 16 | C43: 2.29 | D43: https://drive.google.com/open?id=1TabgeG45ZMU8Fwxr_hu4o_jqNyeHhrGe | E43: https://drive.google.com/open?id=1YiZOnz5pk0OHS0tVatOknFkWADRVvQt9 | F43: If teachers aren’t grading big assignments is it rude for me to email them ask for that grade?
A44: 45227.493 | B44: 1656 | C44: 3.29 | D44: https://drive.google.com/open?id=1Z6v8O5Pfp5U0oV6YaeY6BZi4iWzPG01B, https://drive.google.com/open?id=1j2bTUfXr23MBU_R3A1IJMNMbIk1gUlxk, https://drive.google.com/open?id=1YQPeH59YipLq89zJwIAcCdtvInhHRbwx | E44: https://drive.google.com/open?id=1kwYVuf8ToD9I-KpwMDsB5lDuZpse-sgf
A45: 45227.527 | B45: 1628 | C45: 4 | D45: https://drive.google.com/open?id=13iUkpQ8FArm6g2PwztcJDNpF9xWCgDfM | E45: https://drive.google.com/open?id=1oZJEA7iaF2BTGHM4JTrBsfEO2xhU6OHt | F45: It’s lit
A46: 45227.831 | B46: 1641 | C46: 1.868 | D46: https://drive.google.com/open?id=1KTQD4H2y24Ql5GE-vMqpK-o7AGFikFes | E46: https://drive.google.com/open?id=1vUIArkcjVHpvPEytLr4oLiTaLxTdatiy | F46: The GPA I listed isn’t very accurate. There’s a massive backlog of grades in both JOUR200A and HIST110. Talked with my professors and they should be better by next week, I have countless assignments that are ungraded but marked as 0s in each of them, including a quiz. Both should be sitting around a 70 come next grade check, and still potential for Bs in each
A47: 45227.929 | B47: 1598 | C47: 3.5 | D47: https://drive.google.com/open?id=1ecmQyRexHFacw2LZwELvfOp-QiDlhkLs | E47: https://drive.google.com/open?id=1LvnwqNtgrqETR77Gbnv5V8jQTxXVGANV
A48: 45227.929 | B48: 1635 | C48: 2.5 | D48: https://drive.google.com/open?id=19_ezwK6XHb48uE5ZKK0xJE1Kam-e639o | E48: https://drive.google.com/open?id=12q--ZmPXcdcbyN1l8awR6y29qHG-4R74
A49: 45227.93 | B49: 11 | C49: 1.4 | D49: https://drive.google.com/open?id=1eZpJDCF2EPsLJg_iw3o_DEB63ZIxud5w, https://drive.google.com/open?id=1489_OGs9XfeN6vI5EfNrR0E16X9F4pF0 | E49: https://drive.google.com/open?id=1tPllTc_mUIiITtHvhay2b6nHW5tTZD_o
A50: 45228.45 | B50: 1 | C50: 2.66 | D50: https://drive.google.com/open?id=1pStXo8s1qrPs6e13BWqvYBM6Uhz2HDgD | E50: https://drive.google.com/open?id=1z-VoKyCfMXA9lO1veYnNhTW2QFQM9YlZ
A51: 45228.628 | B51: 8 | C51: 3.2 | D51: https://drive.google.com/open?id=1kOzIQqROME2P_fCk3G0IBac0p_HXQ0n5 | E51: https://drive.google.com/open?id=1FMKLeJwAvrJv_ZgfNBPOalHET7QmJax1 | F51: Working on getting shit back up
A52: 45228.65 | B52: 7 | C52: 3.25 | D52: https://drive.google.com/open?id=1zyJq_opr-szDaktj-lnYTd7XjTubLGCB | E52: https://drive.google.com/open?id=1Vkw1lM2CWcj_BjGGYNZ8OHMwwQ9Ol-82 | F52: Asalamaylekum
A53: 45228.704 | B53: 1591 | C53: 4 | D53: https://drive.google.com/open?id=1Adc3fQmBBi2j0v9t7DnFkAAVZTPKCwtS | E53: https://drive.google.com/open?id=1MdlfK-i_E1SF1y0oc-FWIwn_6DciJmn8
A54: 45228.75 | B54: 5 | C54: 3.821 | D54: https://drive.google.com/open?id=14sFHtCEO0BoPyg3VQTWomTfuaha9Nwj6 | E54: https://drive.google.com/open?id=1lp_l3GrBOG5L9_v0tTPTNWSyylJXTG3B
A55: 45229.456 | B55: 1642 | C55: 3.4 | D55: https://drive.google.com/open?id=1kJJvWDeMNs8MA5qY_R4z3WyLliYBKn-Q | E55: https://drive.google.com/open?id=1Pj38Yvjm5-mPOUE_ftv4JuqCfm6aXbHI
A56: 45229.513 | B56: 1630 | C56: 3.068 | D56: https://drive.google.com/open?id=1tX71dZihaCLSvLXG5_aCeCd-4D5DeXeE | E56: https://drive.google.com/open?id=1Vgcg1NDBDFxD1GA1sv4uPfVkd2RoG9X_ | F56: Can’t remember if I turned it in or not lmao
A57: 45229.547 | B57: 1602 | C57: 3.918 | D57: https://drive.google.com/open?id=1K5bt30w2EGnTRvMDKg5gCwxz_awnGFic | E57: https://drive.google.com/open?id=1eFNxI2b5Ly1VfsW7h-65c5EP-i_I5Xxc
A58: 45229.551 | B58: 1650 | C58: 3.165 | D58: https://drive.google.com/open?id=1kTK7uGz82UN-WMllxq9HWCxnQNf_x-ec | E58: https://drive.google.com/open?id=1Qiwtl13w0GLl3WGBRtUVLMMtHZtJ393I
A59: 45229.615 | B59: 1655 | C59: 2.89 | D59: https://drive.google.com/open?id=1jeRxIge5BINv3KkIv5GNlYUrhzG-fhqO, https://drive.google.com/open?id=1fwDQgWNwy7s1YthTLejjtd2T-L00WvB2 | E59: https://drive.google.com/open?id=1dTd3VtEx2mECh3outQKGN7BCUM8dyVIz
A60: 45229.673 | B60: 10 | C60: 3.2 | D60: https://drive.google.com/open?id=1-t2-KLAKVP96X_ilE7BTZOCE5bPYQk0Q | E60: https://drive.google.com/open?id=1G234UUsUu4kzsoI95lRP2j7OElrkvzd4 | F60: Nah
B65: 6 | C65: 2.292
B66: 1634 | C66: 4
B67: 1613 | C67: 3.5
B68: 1616 | C68: 3.534
B69: 1636 | C69: 3.1
B70: 1617 | C70: 2
B71: 1577 | C71: 2
B72: 18 | C72: 3
B73: 14 | C73: 3.85

Sheet Nov 10
A1: Timestamp | B1: AE | C1: GPA | D1: Canvas Screenshot | E1: GPA Calculator | F1: Questions/Comments
A2: 45235.796 | B2: 1639 | C2: 3.918 | D2: https://drive.google.com/open?id=1j0ad9W_PGobD9MoIJ9J586m14-P6aLDU, https://drive.google.com/open?id=1ZI9Uqc-bDIHImwK6VNSz5KSkzigOrTr8 | E2: https://drive.google.com/open?id=1eA5ZuRnBdlHxsClqLUNPdbWpurooqUeK | F2: CSCE is pass, no pass
A3: 45236.391 | B3: 1564 | C3: 3.538 | D3: https://drive.google.com/open?id=1CfQRklphYG-fgpJhKRF_celKHY7-LAOs | E3: https://drive.google.com/open?id=1ejEHB2EEf1wE94sAsZ5DzF4j0tZUPayw
A4: 45236.397 | B4: 13 | C4: 3.642 | D4: https://drive.google.com/open?id=1Ji_tV3NkVXubUkqasrBzsBSOFSbcJ8p_ | E4: https://drive.google.com/open?id=1OBahePxre0A-i-8XNu-3yxVX8e81SVnS
A5: 45236.397 | B5: 1591 | C5: 4 | D5: https://drive.google.com/open?id=15vpBg9GrwrZv7vHbKLhWiC6s832qV3wA | E5: https://drive.google.com/open?id=1YJf4-iLu8XDd3eE-thiiuhh0XZJiULBQ | F5: Jazz class has hella extra credit I’ll prove it to you if need be.
A6: 45236.439 | B6: 3 | C6: 3.5 | D6: https://drive.google.com/open?id=1bI98LB2UlUBC3agqg3oe7kYZju5Vbz6-, https://drive.google.com/open?id=1LLSRP4oGBBqjawWfAzKQoK6fd6ORrn2r | E6: https://drive.google.com/open?id=1YfQ_n4yRzS0BKo-HewkEGR-hc6ql5LnU
A7: 45236.44 | B7: 3 | C7: 3.5 | D7: https://drive.google.com/open?id=1hz8ai-RoRypSy2zRoekL3ur2G4q9MzJM, https://drive.google.com/open?id=1_zXaUYB7-mRb-obn_f3kOcG1_bj_uWVD | E7: https://drive.google.com/open?id=12-G8Zmj6bo28f_8BtAa8Z34ch0Kd4J5B
A8: 45236.518 | B8: 1653 | C8: 3.6 | D8: https://drive.google.com/open?id=1GBGByTSWoBmAbBOhxY_k946AHtArqoJh, https://drive.google.com/open?id=1xZYxFDeGKbY2Szq3XEdgsKE8W2uSrBei, https://drive.google.com/open?id=11abvR4_Dpzqdyj3DGCy6L97rMCa6A4ij, https://drive.google.com/open?id=19Xipnxg5FJOzXU20uM1oiH1GeEmFDh6I | E8: https://drive.google.com/open?id=10I2xqCANfYxM02z5f1aPFiag6gtbpDG2
A9: 45236.574 | B9: 1653 | C9: 3.6 | D9: https://drive.google.com/open?id=1FTJc_UAxQiO9bYzYhMUVtHB7aF_P8B-Y, https://drive.google.com/open?id=1TZM6k1NJdpOn5R_PfFpAgDhBd535uYn8, https://drive.google.com/open?id=1I-Tmzj4G5gWWAlVqGXsBE0anoDBZMtr1, https://drive.google.com/open?id=12oQK6QXmxwQH6UVQdpZrRa3LVZuwtFht | E9: https://drive.google.com/open?id=1p_r9SsL1sFkmHJJzxq9kiC8Yup9OGE2A
A10: 45236.575 | B10: 1621 | C10: 4 | D10: https://drive.google.com/open?id=1a3MyIuESYkcFpRnZsiok7DPEGXGQtd_Y | E10: https://drive.google.com/open?id=1BupsuyNOq9kifLLI5_jOrT8Gy0PADgj4
A11: 45236.595 | B11: 4 | C11: 3.623 | D11: https://drive.google.com/open?id=1fMV5BDjqSVAmw80-Uv_J6uqbuZ6M_AJP, https://drive.google.com/open?id=1yqeWW7y_eHAODiYRbcK43ti-ER0g2M_l | E11: https://drive.google.com/open?id=1JVBsxIJxZKUaBY20YWxAkkRNyzFSu8yq
A12: 45236.865 | B12: 2 | C12: 4 | D12: https://drive.google.com/open?id=1FmQIoEFl6miZFEgmzDnajpcFxKUKqc7A | E12: https://drive.google.com/open?id=1h-ZIRwP5XB0PjfVGJFEC1KoZOzxeIYeO | F12: So again, the 90% in gen Chem is an isolated attendance grade. My actual grade in chem is significantly higher than just the attendance grade, probably like a 96+ I’d say
A13: 45237.427 | B13: 10 | C13: 3.266 | D13: https://drive.google.com/open?id=1EbqjCWpM7BDnSC1bUKWB4X0VeqeKIhLq | E13: https://drive.google.com/open?id=1vFiwI6fG6Cny8hoSWEeKJo6HpajfztOA | F13: Nah blud
A14: 45237.428 | B14: 1 | C14: 2.4 | D14: https://drive.google.com/open?id=1IjmqUUZFFgC3Jfg-OgxuoEo9L6zauq6h | E14: https://drive.google.com/open?id=1wKecE_ujfR3OJZV2a7WxWtO06IvPhq8s
A15: 45237.428 | B15: 7 | C15: 3.2 | D15: https://drive.google.com/open?id=1ZgfS8a96YsxBpltj3m9b611B8qaSVt80 | E15: https://drive.google.com/open?id=1-nrApZVpwmaM85Cwe3lngnPoictzBO5O | F15: 🫡
A16: 45237.458 | B16: 5 | C16: 3.8 | D16: https://drive.google.com/open?id=1hWpRxFE0Qcj3ux-Lqt2v7PgTcfjlS_17 | E16: https://drive.google.com/open?id=1hi4PZzOXBhcZPsbnESRCC06LDr4on-Lr | F16: Chemistry grade is inaccurate. iClicker grade (10% of total grade) is currently 55/108, but is not solidified until end of semester. I.e the TA entered the grade as current/total needed by December so it will improve as time goes on. One exam is also dropped so I expect to have a 4.0 by semester.
A17: 45237.666 | B17: 8 | C17: 3.25 | D17: https://drive.google.com/open?id=1FbNQBYfOFZtueJefL7FkhNEQSrWfRkIx | E17: https://drive.google.com/open?id=1g89K-o0TPsejAeRmzOOy0DuFs6a3l-av
A18: 45237.756 | B18: 1637 | C18: 3.868 | D18: https://drive.google.com/open?id=1zlWzN4KG2KiHWAwYg_kFBHDjiEJjP4sE | E18: https://drive.google.com/open?id=1yWVqoHQXVOLRj88jQwkqIxOMJHjDYEr0 | F18: Yuck
A19: 45237.875 | B19: 1618 | C19: 3.374 | D19: https://drive.google.com/open?id=1S6g0cs9lO6aHoQ0kBx5Cd-WTMdY4sBwY | E19: https://drive.google.com/open?id=1l1-uK9UahsO3mcQqj8RE8qceapZ8sdY6
A20: 45237.933 | B20: 9 | C20: 3.785 | D20: https://drive.google.com/open?id=1oD_vW8GLCLRKNUwIysfXJWgbBh3cyA8R, https://drive.google.com/open?id=1ItWBBshHe2gHJvsN5IHMIGVbV_QFt4bA | E20: https://drive.google.com/open?id=1CfkZSN58wI_fmWCe5T2w-h8qhsrEUkEs | F20: Fucked up my last OCHEM exam. But the lowest one gets averaged out though so I'll be fine.
A21: 45238.397 | B21: 6 | C21: 2.854 | D21: https://drive.google.com/open?id=168oFvFKxfGQqkaZKF6MTq83fsuX6nBhj | E21: https://drive.google.com/open?id=1FmU3QaA3SB9XtJawd5OLPahZ0czL77Jh
A22: 45238.673 | B22: 1623 | C22: 3.625 | D22: https://drive.google.com/open?id=10TOROG660TA9h6xpDlE1aB4VtAEoJC85 | E22: https://drive.google.com/open?id=13LbsO_PRZGoQWJyqvWmPU8MeW7DjY9FQ
A23: 45238.733 | B23: 1630 | C23: 3.334 | D23: https://drive.google.com/open?id=1mV7pdfjFcFk1SEDRLRjPtoWEa6sl_AQY | E23: https://drive.google.com/open?id=1wHsUnzZrI2PVxeHSx89-yoW-jJ9lJc6O
A24: 45239.332 | B24: 1596 | C24: 3.929 | D24: https://drive.google.com/open?id=1ERTNiE4tYmCzW1bsw1GFg9gSVBowNK-g | E24: https://drive.google.com/open?id=1v8_1LMlvfJ4eQkHYzCsioESIUliH3ueS
A25: 45239.652 | B25: 1625 | C25: 3.083 | D25: https://drive.google.com/open?id=1dbcCi7VF9Pruyd7GFQo6b-ufoHWjHL9t | E25: https://drive.google.com/open?id=13XS43z_81kkAThk_7SyQwMJC0DFMzkqq
A26: 45240.163 | B26: 1608 | C26: 3.583 | D26: https://drive.google.com/open?id=1hJgWVcniTf-qUlXGW6XjYfDjtmS_R0As | E26: https://drive.google.com/open?id=1_bnRbx02rZ6ELOvJLkL_LbiyWQBzoJXG
A27: 45240.376 | B27: 1595 | C27: 2.932 | D27: https://drive.google.com/open?id=1oqd_S0lYD3MnVtOu-ENEZEXJTg6pAt7P, https://drive.google.com/open?id=1qtvOg-__IR04JL_NosbBnXHCxVqOipIl | E27: https://drive.google.com/open?id=1158O3DdUackB-bzlR8zHYUjuSDwaMnnB | F27: Not accurate GPA my class that dropped from 100 to 75 has an assignment that is 0/50 because it hasn’t been graded should jump back to between 85-90% soon
A28: 45240.397 | B28: 1592 | C28: 3.69 | D28: https://drive.google.com/open?id=1d0cdyCljpEwG8sS3ZPvZ2RO0jz-9KGlB | E28: https://drive.google.com/open?id=1nfRXOxGIkT8wsXbyKHLv4du8WVTPK99S | F28: Kill me
A29: 45240.421 | B29: 1647 | C29: 3.352 | D29: https://drive.google.com/open?id=18yFWeJr6c8DFSf9c9rSBXqNYgQoAO9j2 | E29: https://drive.google.com/open?id=1fDxLev1Pm4664YMkuFN0XHW7TmWGagzA
A30: 45240.458 | B30: 1597 | C30: 2.23 | D30: https://drive.google.com/open?id=1yACfpxHYn7H8XtERrhScYcBhXlzzh4pa | E30: https://drive.google.com/open?id=1S38H2Q54TAsqATOthUBSUniWjMQTjqQ3 | F30: Blaw is a B- he hasnt manually done the curve on any of the test, im going to end at around an B+ with extra credit you already know what I have to say about my shit grades
A31: 45240.516 | B31: 1650 | C31: 3.33 | D31: https://drive.google.com/open?id=1j-9Rp-1F2U2Au0b6MW49QKGuP8LF_H8S | E31: https://drive.google.com/open?id=1w43OrDDUDDyAifbOBu3pJV1sJoHJzu8v
A32: 45240.52 | B32: 1646 | C32: 2.499 | D32: https://drive.google.com/open?id=12apy2Nvqg9_7nSOHnZnx_lUMKYc98yW_ | E32: https://drive.google.com/open?id=1GJtzIIjWRvzh0nVoRUwcIo-YNsDLSogp
A33: 45240.566 | B33: 1643 | C33: 2.882 | D33: https://drive.google.com/open?id=1YibOgVDONUtke6WlvGzz4TCKfLJd6f__ | E33: https://drive.google.com/open?id=1Y6D5Eu82xQn1MpvEA-kwSq9_fjgWmxec
A34: 45240.567 | B34: 1642 | C34: 3.4 | D34: https://drive.google.com/open?id=1kveAM6VjnfWic-jsNM7CXB9j3QAJYeQf | E34: https://drive.google.com/open?id=1YlrsMVGWJZI268P8yfldJ9RZtR3MSYj8
A35: 45240.571 | B35: 1654 | C35: 3.168 | D35: https://drive.google.com/open?id=1IKTjIwQAV1jlMOgS5paUxR3EsmERr6Uf | E35: https://drive.google.com/open?id=1K1HQJsn7bo5PawkqaG_VDkQCqvRAW2St
A36: 45240.603 | B36: 1655 | C36: 2.89 | D36: https://drive.google.com/open?id=1KkEI9qLTCGn0xQe5BdPqF38tA0WaTQGR | E36: https://drive.google.com/open?id=1mtW8zZ-nWZvex-1yxEPN-3BERgv2pmPD
A37: 45240.638 | B37: 1645 | C37: 3.6675 | D37: https://drive.google.com/open?id=1pNjy3m8BznoQJoZY-strkG2OohehVG0N | E37: https://drive.google.com/open?id=131XqnABfjUdQxwsFx5SY6aPWQxYsN999 | F37: Hi Happy
A38: 45240.646 | B38: 1635 | C38: 2.668 | D38: https://drive.google.com/open?id=1_BV0OBmqGPZwQWhCGQUyAGuj7XTvHuaI | E38: https://drive.google.com/open?id=1mu8GIrpQIuELnXHXB6q1pFhdBMXFIXil | F38: Grades r goin up💪💪
A39: 45240.647 | B39: 1615 | C39: 4 | D39: https://drive.google.com/open?id=1AmSoqlew814OJiCEYbIdboQkxjqgfB8d | E39: https://drive.google.com/open?id=15DgvMerlYVcTEySF3ES0ee13yazZlBc4, https://drive.google.com/open?id=1IachfhqNZqTrQuYql5LdpEhVdbXeMURA, https://drive.google.com/open?id=1cS51Bwd-ComdXOiZMnZIzf3qhOGvxAUZ
A40: 45240.647 | B40: 1599 | C40: 2.86 | D40: https://drive.google.com/open?id=1d-a3aFc59aD-GzyzJO-C_51wuKQiaCe3, https://drive.google.com/open?id=1Y1dAgKIPm9m3AFMcBXl0J6UMcxuMJqbS | E40: https://drive.google.com/open?id=1Qh9bSc3Igs-_f9kBtj8dbIwv_kom9rOL
A41: 45240.652 | B41: 1602 | C41: 3.83 | D41: https://drive.google.com/open?id=18_WNxPHRhgjxbR60CLK-EsEJUIlAl0E2 | E41: https://drive.google.com/open?id=1zMB6N4rP7T_oYWsEyKYgsvHj3JnZA8iV
A42: 45240.661 | B42: 1648 | C42: 3.8 | D42: https://drive.google.com/open?id=1iV_M9hKUrl57yTMWMW0JUZW0fyy3gBXF | E42: https://drive.google.com/open?id=1Mq37M-CVMtlVagIDtUQ8yp8FkOC5Cgqo
A43: 45240.663 | B43: 1594 | C43: 3.6 | D43: https://drive.google.com/open?id=1bKj3kegyx5xgZBV-7iYc2Rnd9L2oQ78J | E43: https://drive.google.com/open?id=16sLE-ZoI7_0eyMizg_7CvvMkyVi_H3nV
A44: 45240.686 | B44: 1613 | C44: 3.534 | D44: https://drive.google.com/open?id=1uShOD8yc_LOFT7GQG8lw5XFsl1dATZHc | E44: https://drive.google.com/open?id=18tp2abEk-eWFD5U2DyG32u7rWS4v8uv5
A45: 45240.689 | B45: 1605 | C45: 3.2 | D45: https://drive.google.com/open?id=1Tq9vXEiFQZ1Ec6I18vntJ2ZnqLmiT452 | E45: https://drive.google.com/open?id=1S0QXfvIYXknn9JezYskk53c2TCYj0QKT | F45: Rounded up
A46: 45240.692 | B46: 1641 | C46: 2.181 | D46: https://drive.google.com/open?id=10pBdYHadnT2Z5DSvhqSn4ZP-T2NmiHD5 | E46: https://drive.google.com/open?id=1Gvr4nvieMe2-8XBJM6MHK85cIpr-DkbH
A47: 45240.7 | B47: 1644 | C47: 3.585 | D47: https://drive.google.com/open?id=1uhp7YvoLj_MmpWs77ds1oLC8jmmnVIBk | E47: https://drive.google.com/open?id=1MGQzQTZehSierbQo7MBiPHEYCOz-bLAW | F47: Miles dustzinki
A48: 45240.732 | B48: 1577 | C48: 3.47 | D48: https://drive.google.com/open?id=1cB7p5_7rw06mOQ9oBBttcZNbMi2Ve-5- | E48: https://drive.google.com/open?id=1THvuolHP5RAPMR6YkI4avNvApwjXZYyD
A49: 45240.735 | B49: 1627 | C49: 3.083 | D49: https://drive.google.com/open?id=11AS6kOex3aesluW-uQKw2K_TfbkvUjk2 | E49: https://drive.google.com/open?id=1H72WYkFjruQp7n10zy01oXdiKSpgz5LT | F49: Sorry it was submitted late, was planning on turning it in earlier today but I was studying for my exam that I just took.
A50: 45240.769 | B50: 1652 | C50: 2.793 | D50: https://drive.google.com/open?id=10-nHfJ09U5Jtvcz8lO4m6NW0P0sX7nbC, https://drive.google.com/open?id=1hxYZ9DZuqsdCh5q-q7qIZ2BM8JVIj6ZM | E50: https://drive.google.com/open?id=1ZQqXNvj-N9gVvCG0rJXobUqyMr-bR2Yp
A51: 45240.785 | B51: 1620 | C51: 3.75 | D51: https://drive.google.com/open?id=15f3HDofnmX8Hfuu1mdgC13GAeONDoI74 | E51: https://drive.google.com/open?id=1gbmXLvnBAQajwibFH8jTftgM9Q7VDBr4 | F51: Got 90% on finance so brought grade from C to B! Now at a 3.75 (4+4+4+3)/4
A52: 45241.733 | B52: 1628 | C52: 3.845 | D52: https://drive.google.com/open?id=11H353ASQB9HVHTENvKlmibjLt3t6j-c1 | E52: https://drive.google.com/open?id=1NHBht10edTwE7XrNyk_YZC-2umGXymk0
A53: 45241.957 | B53: 1598 | C53: 3.856 | D53: https://drive.google.com/open?id=1i0lFzer-I8duLMA1Pnlo9Z5i3wYqduf1 | E53: https://drive.google.com/open?id=1qz-QPOW1gGbOn8P-cQ1bt_MWv6wWZ0zv
A54: 45242.583 | B54: 1624 | C54: 2.75 | D54: https://drive.google.com/open?id=1zwBbvoxDWFDn31eZLCVy8WzZihb9kkl_ | E54: https://drive.google.com/open?id=1x1Y0KNoi0qIakTPQE7OXV4hzS1Jx3JR6 | F54: IM FUST BUHD
A55: 45242.984 | B55: 1640 | C55: 3.538 | D55: https://drive.google.com/open?id=1yqm-QGOvzo3bktcgCEt8lvmyZBhz6tyF, https://drive.google.com/open?id=1Br7slA48OegtgFO8AyhXTtMaeNaHTpOF | E55: https://drive.google.com/open?id=1AgvzdZs-MicsrkZmeYrjWdY0YLfDnys- | F55: I’ll give you some slop slop for no fine.
B60: 1634 | C60: 4
B61: 1622 | C61: 2.918
B62: 1616 | C62: 2 | F62: Grant
B63: 1617 | C63: 2 | F63: Siepold
B64: 1631 | C64: 2 | F64: pate
B65: 1636 | C65: 2 | F65: nik
B66: 1656 | C66: 2 | F66: JD

Sheet Dec 1
A1: Timestamp | B1: AE | C1: GPA | D1: Canvas Screenshot | E1: GPA Calculator | F1: Question/Comments
A2: 45256.694 | B2: 1639 | C2: 3.833 | D2: https://drive.google.com/open?id=1ShI73PbLUMo-WSWdWgJjAMmq3TRM7SrL, https://drive.google.com/open?id=1uILPdb4cp0REIvr3kxFqnfYaKuvE6s5a | E2: https://drive.google.com/open?id=1PVH5jsQX3Qlv0s7fpi7ppIjKxPCuAaBn
A3: 45256.701 | B3: 1634 | C3: 4 | D3: https://drive.google.com/open?id=1Hp03mziP87UvV5RN2UnhQZjrQI3gIOsF | E3: https://drive.google.com/open?id=1nsRDbzsKCkf_YJ2xGziQZvI3rjUBoWCY
A4: 45257.409 | B4: 1618 | C4: 3.534 | D4: https://drive.google.com/open?id=17metTmYVUr3JLmYebPq7q7hTWJdgp7eB | E4: https://drive.google.com/open?id=1hV1Hond9kbDxA0iUVax_2S5fTgEZsYaC
A5: 45257.41 | B5: 1615 | C5: 4 | D5: https://drive.google.com/open?id=1hfc6sp3qpl0wsqvC8vowt7ryMHAB0EbJ, https://drive.google.com/open?id=11hAstXuUxJTCb9UWN-jrcbndQqcP4kBD | E5: https://drive.google.com/open?id=1qyiZtfn9-VZKipXx_VMfy4pW1op3GUvE
A6: 45257.435 | B6: 1621 | C6: 4 | D6: https://drive.google.com/open?id=1dxi91hx31_w3n1LaPYoNf3-nz2fbYMdy | E6: https://drive.google.com/open?id=1PQJf1uFzqc_eUTljQZFX5r2noGRFf1TK
A7: 45257.45 | B7: 1564 | C7: 3.744 | D7: https://drive.google.com/open?id=1cwTfTXiNZLJwnFobD1TRXo_D8qQ0uRI8 | E7: https://drive.google.com/open?id=1Z-M5YXQ2CaRHGRUU2tRaaTIOeeVAkrLq
A8: 45257.646 | B8: 1653 | C8: 3.365 | D8: https://drive.google.com/open?id=1utRFipQbCBCBpA7hW7SeaJf_pQJB715u, https://drive.google.com/open?id=1Jh9XRRt7tHwPyiDAgfQ54I4AGYmUQVWT, https://drive.google.com/open?id=1V0Oo3dij5ezAQC2sXdTRcqCETMGbfNkQ, https://drive.google.com/open?id=1xIj-opFT7Nv88BaHFDWW0d-3jwKwBGCt | E8: https://drive.google.com/open?id=16hxILN1QlA4VGM3-nQjIQYR33JkUzC0i
A9: 45257.652 | B9: 1660 | C9: 3.4 | D9: https://drive.google.com/open?id=1KwxWwxbti5-K-YyFUGbq7TG-jNuaf0Zl, https://drive.google.com/open?id=1YVqfzJTQcg-BUQcgBYUWYhs5_6Kr0PgI | E9: https://drive.google.com/open?id=1ExDFmHWIH5pEEKOc49XJrSr4jdH5bbGD | F9: N/A
A10: 45258.502 | B10: 1599 | C10: 2.626 | D10: https://drive.google.com/open?id=1HNLJHynUuj7NvAWloETNz2M1ahLH7xGZ, https://drive.google.com/open?id=140j15qhJVvUYfo0owLv_ZEZ4oEISOOSk | E10: https://drive.google.com/open?id=1ADyNmTo7le8Bn_gSKi0K3k-fx8_KkXaR
A11: 45258.507 | B11: 1658 | C11: 3.64 | D11: https://drive.google.com/open?id=1DOHSQ2EPS3cuL1ujTbKnvSuxlkD6R5DD | E11: https://drive.google.com/open?id=1i-t3pUlV_TzmrkVpOkASGh9vsdUe7f_n
A12: 45258.521 | B12: 1591 | C12: 4 | D12: https://drive.google.com/open?id=1N7NW-cFtw_h9192BGG15Az4ZNJ8d-G6G | E12: https://drive.google.com/open?id=1xp-OfrR1nikInp9lWxJ5GVU8lpdd_e-W | F12: The grade in the jazz class is over 100% with extra credit. Lmk if you need further evidence.
A13: 45259.424 | B13: 1618 | C13: 3.563 | D13: https://drive.google.com/open?id=1YJd_jcjubFC2XBvrl7dHcq-o28tGFRhj | E13: https://drive.google.com/open?id=1a9RyYYCzQqow4KlUmLek0hH8vAzNjZkx | F13: Resubmitted, my management grade went up to an A-
A14: 45259.427 | B14: 1625 | C14: 3.083 | D14: https://drive.google.com/open?id=1HuV2MnJWU98ZzhfrVrzAqHE7-X8XOyvK | E14: https://drive.google.com/open?id=1-4fUWMDgAtyEdmtmWYIjgBMm5M9EQ939
A15: 45259.438 | B15: 1602 | C15: 3.75 | D15: https://drive.google.com/open?id=13_s6C5CwQYwIlJt27JsaCf9jZFJtmhr5 | E15: https://drive.google.com/open?id=1n-smqvheZxIuyW5_RQIaifK1FBjcK9uw
A16: 45259.461 | B16: 1637 | C16: 4 | D16: https://drive.google.com/open?id=1hQQcMak8wAkeIQJmGtvUuvGALOpiQZHu | E16: https://drive.google.com/open?id=1ZPL75pgeg4J2gv9SzZRTxzw9tG42RW7Z
A17: 45259.775 | B17: 1657 | C17: 4 | D17: https://drive.google.com/open?id=1DgsJWpMmMzcKWIYPVvlN4TCUK2Yk372T | E17: https://drive.google.com/open?id=1OyqvfekJwA6bF6rjV7Bwz3G_bqFfgnA3 | F17: The 92 in the top right is only an attendance grade it’s not my actual grade in the class I actually have much higher cause I did good on my exams.
A18: 45260.613 | B18: 1597 | C18: 2.58 | D18: https://drive.google.com/open?id=1MaqmOyjnauKZku57AnHV3Mo3GJJj5eML | E18: https://drive.google.com/open?id=1kxCRfE1KxzQ2E-pNVfn2sXeQUlFixKP3 | F18: Sorry my grades are trash I’ll still end above a 2.75 I’m waiting for BLaw extra credit to kick in and for him to round the test which he will at the end of the semester
A19: 45260.87 | B19: 1637 | C19: 3.918 | D19: https://drive.google.com/open?id=1aQd_JzvB9D0y4x7gKLCZkp1xJrfbS-wS | E19: https://drive.google.com/open?id=15tRh8xlzcHRllCB4TPBI9YtfWPCHUQ0X | F19: Yuck
A20: 45260.874 | B20: 1663 | C20: 3.132 | D20: https://drive.google.com/open?id=1PZrGd-3j5dwMWtYvjUBeRH-1Lcr9SNdz | E20: https://drive.google.com/open?id=1fLvwheNYHUP9TJAk_vpWiD-Lz_IllzaG | F20: Nah
A21: 45261.522 | B21: 1647 | C21: 3.471 | D21: https://drive.google.com/open?id=1zDhvojqwdPjrAwhdMFzYm4nIztd3Ty2C | E21: https://drive.google.com/open?id=1uPgT2MCVfjJnhkMRCWhzeGcnlvZzkHpQ
A22: 45261.562 | B22: 1655 | C22: 2.89 | D22: https://drive.google.com/open?id=1KWX6XzAwVkHxfbYG_b_h6zi_-VTAUpGa | E22: https://drive.google.com/open?id=1-pxexxe8LCxlqwGmdNTy0MPu86pqX9aU
A23: 45261.562 | B23: 1645 | C23: 3.258 | D23: https://drive.google.com/open?id=1AjI7p_xhxO-ZaiIs4cu8-GATRLr4itb6 | E23: https://drive.google.com/open?id=1jMTG_LKZVkZpTnA70-iIdyo7RofY_6dU
A24: 45261.563 | B24: 1641 | C24: 2.488 | D24: https://drive.google.com/open?id=1zxw6Daos2lxpHd13s4hJ-vKoyBbl1WXT | E24: https://drive.google.com/open?id=1fiHCPj3VYgE_nOIeeylzPZKTy_1x9mlU | F24: Hard work pays off. Hist grade up from F, Jour grade up from D
A25: 45261.564 | B25: 1627 | C25: 3 | D25: https://drive.google.com/open?id=16dX5Xjpi4CTR-TmySKRVHDp-XLrXLdyL | E25: https://drive.google.com/open?id=1Jc4YbN_WMHvGWAl0s7_LplGx_19OZLfR
A26: 45261.564 | B26: 1623 | C26: 3.687 | D26: https://drive.google.com/open?id=17bGfkTUugx4fm6Nslpl60cWqZXBHGkiL | E26: https://drive.google.com/open?id=1-V8V5iTlc3mYNFo8IJzODgtdd8uAeI7I
A27: 45261.568 | B27: 1650 | C27: 3.083 | D27: https://drive.google.com/open?id=1M4Vu5ktut24_jMoF2i8RJXHDC0qU1TQ8 | E27: https://drive.google.com/open?id=1ZAK62t_hPAMwxhXyXe66cGFqTRp-F-ni
A28: 45261.57 | B28: 1659 | C28: 3.667 | D28: https://drive.google.com/open?id=1Zk5gAFbX5mb-piyeywTMQHbsXYNzMYZz, https://drive.google.com/open?id=152BN2Y0pl_MrBv3HPpGB2D_aMY86BC69 | E28: https://drive.google.com/open?id=19sAETLdi6kTVuQEiRaRElJ9vv_LYEEVn
A29: 45261.573 | B29: 1620 | C29: 3.668 | D29: https://drive.google.com/open?id=1P1M6Mdcc6EKbaUdDVWpsjXod_NCVc0P5, https://drive.google.com/open?id=194sSlGbrk9bXinAi6K1oLh5Y-IFX5fZY, https://drive.google.com/open?id=13RrpQPlcF3NwrcXeguKvZu4-bEVeZKv2, https://drive.google.com/open?id=1f1PSPNG-uYOq4ULKQbtVorJnrE-gTT6u | E29: https://drive.google.com/open?id=1p1YT74gznYb0K_ow71ooTetwq-4i7r8- | F29: 2 A, 1 A-, 1 B. Expecting a 3.83+
A30: 45261.584 | B30: 1613 | C30: 3.53 | D30: https://drive.google.com/open?id=1Zv6rvevXvOr9PSgtxgESVqmWxan7weBl | E30: https://drive.google.com/open?id=1VmLlXV8dkjERZUeqFDQE6wj7tTZyXNq5
A31: 45261.6 | B31: 1646 | C31: 2.645 | D31: https://drive.google.com/open?id=1TgfZlSx5Pn0rE2iAvck_uWbsg0NkKe5y | E31: https://drive.google.com/open?id=1VtjRDxhpABIOnRcLtW6S11vbx2WhKaVj | F31: meow meow meow meow meow meow meow
A32: 45261.609 | B32: 1622 | C32: 2.88 | D32: https://drive.google.com/open?id=1kO3C1tKwKDIZZYsOPfuA6kOdflPHWO12 | E32: https://drive.google.com/open?id=15dWX5mLSMTeGnlVVInmPPgjPEdIjhJqM, https://drive.google.com/open?id=1kGnj9rdmyNNOQFOHOV53lW2bSu0l205_, https://drive.google.com/open?id=1i86YG5Q54mPqyxieK2hsnsKvTqqoNLYp
A33: 45261.61 | B33: 1622 | C33: 2.88 | D33: https://drive.google.com/open?id=1ME7nwFw28NQNUnScj6v_oPSX4aoO7WtT | E33: https://drive.google.com/open?id=1ILWuq4WndQNPSWPyD-jZ9qDoJlpsYddW
A34: 45261.615 | B34: 1640 | C34: 3.308 | D34: https://drive.google.com/open?id=1c1RVo8ED7JF4eGG95ZddLq1ZtJ0skWu0, https://drive.google.com/open?id=1QzxMMO_Z6w2jkQ6q-4Fn1fszqoqnhUdJ | E34: https://drive.google.com/open?id=1v78ZRTYvzxEqv0lN8CvjqL0hjsxUcJYO
A35: 45261.618 | B35: 1661 | C35: 3.765 | D35: https://drive.google.com/open?id=1VzTnbfNUNhvpFnVpR5mZmhiM41Lu-CvG, https://drive.google.com/open?id=1EZzTym_SWZawou4B0dzifIS-0r0xggm1 | E35: https://drive.google.com/open?id=1bMb2ZAz4ySQn5R9n6MQFh3Q8eA_BlLwu | F35: The recitation grade in statics and ochem has been factored when calculating the gpa
A36: 45261.622 | B36: 1630 | C36: 3.134 | D36: https://drive.google.com/open?id=1RiDLXZnQ_MG7os-pG91E_xsTbEs2r0a9 | E36: https://drive.google.com/open?id=1qJSL_axlQLCo-o2WFS_rBX3jYPVHyvxH
A37: 45261.633 | B37: 1668 | C37: 3.65 | D37: https://drive.google.com/open?id=1UihWszquklQmA3aP7wNXclCWVDzUTxG5 | E37: https://drive.google.com/open?id=1RUATIbmTKNQdvD0n7XOOvKMzRcctobxn
A38: 45261.675 | B38: 1654 | C38: 3.085 | D38: https://drive.google.com/open?id=1bEJS1_r2O61Rpiw-HqgJNeokYUke__c4 | E38: https://drive.google.com/open?id=1e60CjBCw9E82-7S7h1A_HBQJz3NUzJ5q
A39: 45261.695 | B39: 1648 | C39: 3.75 | D39: https://drive.google.com/open?id=1dxrVcdqANmqwtZNVUO8ncDXLEWzcqAjn | E39: https://drive.google.com/open?id=1PHAYyaINbIF86gMCfGbpu7P3v19O0hRs
A40: 45261.701 | B40: 1644 | C40: 3.585 | D40: https://drive.google.com/open?id=1u6LMYmU4sBE1cTiVNMNFp6rz5TTGwuPE | E40: https://drive.google.com/open?id=1hztqSSHifIC4m60BPcjC7Z4JCgSn6A-0 | F40: My balls are itchy
A41: 45261.702 | B41: 1596 | C41: 3.856 | D41: https://drive.google.com/open?id=1TNZKL3xqVEA0sCwpZeyC0a1uwh_mXLGR | E41: https://drive.google.com/open?id=1YEkiNVj5RkFgTKImeOQRhvOb3WbbiSUl
A42: 45261.704 | B42: 1664 | C42: 2.715 | D42: https://drive.google.com/open?id=1TOTrXxorHGAlHGDUAntcr_eSMrNNQ7hM | E42: https://drive.google.com/open?id=1IvoEobmZYZ5azTRdmC3EiGaxJYfZR73P
A43: 45261.755 | B43: 1662 | C43: 3.333 | D43: https://drive.google.com/open?id=1_4Nq0dFoFJL4PWlU_tTr9-TIVFIWM05R | E43: https://drive.google.com/open?id=1beMnRNeRCboHU7DZeni-WUjR1otB-lHF | F43: .
A44: 45261.773 | B44: 1628 | C44: 3.845 | D44: https://drive.google.com/open?id=1xEyDPaAkwTS2VWtJo7xpno6juZBl_Rpy | E44: https://drive.google.com/open?id=17RJwwTbNJx77pAQsCgEBetKaUd2u-IPA
A45: 45261.775 | B45: 1608 | C45: 3.58 | D45: https://drive.google.com/open?id=1__tduvt7O_gux6okjHWcZipBTRIDe_VQ | E45: https://drive.google.com/open?id=1cYcuvU2Y8aj8_nuQF7HSXaxqWUiXNEX1
A46: 45261.781 | B46: 1598 | C46: 3.786 | D46: https://drive.google.com/open?id=1CYzixbXw1q3J6g_ojRy2GccLPfmctxUi | E46: https://drive.google.com/open?id=1bKDoXzVeQHyVSO6WRY2z-ZU8_TtCevIx
A47: 45262.659 | B47: 1605 | C47: 3.066 | D47: https://drive.google.com/open?id=1kH8xljz0c-y6BX2axwprutZl0UlOcxiF | E47: https://drive.google.com/open?id=1PchFGp2rIwq9ieg47nYvQLF4_yHc8CWl | F47: Rounded up, also missin 2 classes since they have been pulled.
A48: 45263.622 | B48: 1656 | C48: 2.95 | D48: https://drive.google.com/open?id=1lshUpFStMy5PAQ_7HjoRoc69GlPQmhB8, https://drive.google.com/open?id=1bf5p-IW1S0tMvhg4HRwkfYXrSUNoH_oi, https://drive.google.com/open?id=1VD1ZG6Ptoy9mqi0gKu6W1r51ZtzVeJBU | E48: https://drive.google.com/open?id=1ouLYpoA0U344CGyUFMJamRR8eoX6GK__
A49: 45263.631 | B49: 1652 | C49: 2.667 | D49: https://drive.google.com/open?id=1DgUrVuQAAXSsmfWvqe45Gr0oGLCBTDfT, https://drive.google.com/open?id=1vJGYhSbuROHsMala2Ra_vNslSF7I7ZZA | E49: https://drive.google.com/open?id=1x9JN8lp5N5edqI0fw5tf0-kAl6Yg4XDo
A50: 45263.632 | B50: 1670 | C50: 3.195 | D50: https://drive.google.com/open?id=1oC7noJ9XYW2sEB5bzQfuwbVBrFBPGelt, https://drive.google.com/open?id=1KUdqxuQRqY6OT5r9hvm4BkNekIZcqbg9 | E50: https://drive.google.com/open?id=1Ilt1RwYcpz63Arlj7g7ie9-NpsU3yVPE | F50: None
A51: 45263.644 | B51: 1642 | C51: 3.14 | D51: https://drive.google.com/open?id=1WhYd8Y7TKomWeTbFs1YucYbHgcIL_3bi | E51: https://drive.google.com/open?id=1OR6D0PMoKArGqGKxvAnOHfBYTWe_aiP2
A52: 45263.652 | B52: 1643 | C52: 2.882 | D52: https://drive.google.com/open?id=1I-9ZrP1Ys3S3EVXJnByKOhcveqOtUf8c | E52: https://drive.google.com/open?id=1RrnjSXGqP74UotrzoAWCGW3OVzVn3tZq | F52: I actually have a 4.0 trust
A53: 45263.662 | B53: 1616 | C53: 3.335 | D53: https://drive.google.com/open?id=1jSdeILKEwCraE5aw7HVJmwHaF1knu7YE | E53: https://drive.google.com/open?id=1uKTKbZefKTIk8i6nC00nWz-AcX4hJEyG
A54: 45263.675 | B54: 1666 | C54: 3.138 | D54: https://drive.google.com/open?id=1al8y2BHyyi9m4B-aysHaVIG-I-1_qSfB | E54: https://drive.google.com/open?id=1aKfZv7ahDjDpo2psb4JBvnrQL_nIKmUN | F54: Asalamaylekum
A55: 45263.716 | B55: 1592 | C55: 3.69 | D55: https://drive.google.com/open?id=1xe4VgAz6GWdqX-yAAm98o8JBwTOXZHKz | E55: https://drive.google.com/open?id=1LqZ2s3lnbdAD4Xb9NAJSrQP6XWRNap5K | F55: My actual Anatomy grade together is that 88% so B+ and the rest are all As
A56: 45263.716 | B56: 1624 | C56: 2.665 | D56: https://drive.google.com/open?id=1YEtMtsKgEhK-ISVsQ0NKSuMK9iauPXkS | E56: https://drive.google.com/open?id=16PnMLb_qWZNXHKqK9Wzu4oLxIokD0ypS
A57: 45264.622 | B57: 1637 | C57: 4 | D57: https://drive.google.com/open?id=19QorYuu7YZTjks4ATtYZa-79UzV0aWO1 | E57: https://drive.google.com/open?id=1zpZzaXrNEIRArK-lwut9TdLB_8JeH090 | F57: 92 is an A in that class (just like it says)
A58: 45264.623 | B58: 1631 | C58: 2.934 | D58: https://drive.google.com/open?id=1iQyeM1_2sFXU4h4klYEZ4DkOac1s7Lxn | E58: https://drive.google.com/open?id=1RjI9wV_kLQ5R_IzEHg9hefbHsphr3RAS
A59: 45264.728 | B59: 1594 | C59: 3.5 | D59: https://drive.google.com/open?id=1SGU8n0xHPaxhtlUgVTFbDI8PzztTX2e5 | E59: https://drive.google.com/open?id=1un8qpa_odX2oePVTbpL4jyP8uawVaV0Q
B65: 1636 | C65: 2 | D65: nik
B66: 1617 | C66: 2 | D66: siepold
B68: 1577 | C68: 2 | D68: sorbin
B69: 1594 | C69: 2 | D69: thope
B70: 1669 | C70: 2 | D70: aiden
