Workbook

Sheet Read Me
A1: Theta Xi vs UNL fraternities: GPA and recruitment
A3: What this is
A4: Purpose | B4: Compares Theta Xi (UNL) with every other IFC house on grades and recruitment. Every house is covered semester by semester from Fall 2018, and our own history goes back to 2010. It replaces the multi-university GPA Data.xlsx and the recruitment index in AE List.xlsx, both kept in legacy/.
A5: Our chapter | B5: Set on the Lists tab (yellow cell). Type any IFC house name there and every tab recalculates for that house.
A7: Tabs
A8: Summary | B8: Latest-semester snapshot, calendar-year recruitment, combined ranks, targets and the written evaluation.
A9: TX vs IFC | B9: One row per semester: GPA, size, new members and retention against the IFC, with charts.
A10: Combined Score | B10: Every IFC house over a window you choose. GPA and recruitment are scored as percentiles and blended with weights you set.
A11: Recruitment Index | B11: Recruitment Index v2 by calendar year (Spring + Fall, one exec term): recruiting, size-adjusted, replacement and growth vs the IFC.
A12: GPA / Members / New Members Matrix | B12: Every IFC house by semester, with IFC averages, medians and our rank at the bottom.
A13: TX History | B13: Our GPA and size since 2010 against the campus benchmarks, plus pledge-class retention.
A14: Chapter Data | B14: The raw numbers from UNL's reports: one row per chapter per semester, all four councils.
A15: Campus Stats | B15: All-UNL GPAs by group (men, women, Greek, non-Greek).
A16: IFC Size (legacy) | B16: Average IFC chapter size before 2018, from AE List.xlsx.
A17: Lists | B17: Semester order, IFC chapter list and settings.
A18: Old Index Review | B18: What was off in the old recruitment score and GPA math, and what v2 does instead.
A20: Adding a new semester
A21: 1. Chapter Data | B21: Paste the new scorecard's rows at the bottom (Semester, Council, Chapter, Total Members, New Members, GPA, ranks, retention). Type the semester exactly like 'Fall 2026', and spell chapters the way the Lists tab does (for example 'Farmhouse'). Column B fills itself in. Formulas read rows 2 to 2500.
A22: 2. New chapters | B22: If a new IFC house appears, add it to column D on the Lists tab. The matrices and Combined Score have five spare rows for new houses.
A23: 3. Campus Stats | B23: Type in the all-campus GPAs from UNL's All-Community Grade Report (fsl.unl.edu, Councils & Chapters page, Academic Reports).
A24: 4. Settings | B24: Update 'Latest semester' on the Lists tab, the recruitment year on Summary and the window on Combined Score. Then reread the written evaluation on Summary, since it does not update itself.
A25: Room to grow | B25: Semesters are set up through Spring 2028. To go further, add semesters to Lists column A, add rows to Campus Stats, copy the last column of each matrix one to the right, and extend the TX vs IFC and Recruitment Index rows.
A27: Definitions
A28: GPA | B28: The term GPA printed on UNL's report. 'IFC average' is weighted by members, so it equals the GPA of all IFC men. 'IFC median' is the middle house.
A29: New members | B29: As printed by UNL. Scorecards from 2024 on say 'new members initiated', so pledges who dropped before initiation are not counted. Spring classes are small for every house.
A30: Calendar year | B30: Spring + Fall of the same year. This matches the exec term: elected in November, trained in December, running recruitment from January.
A31: Indexes | B31: 100 = matches the benchmark, 150 = 50% better, 50 = half as good.
A32: Percentiles | B32: Among IFC houses in the Combined Score window. 100% = best, 0% = worst.
A34: Sources and gaps
A35: Reports | B35: UNL IFC report cards for Fall 2018 to Fall 2022, Community Scorecards for Spring 2023 to Spring 2026, and the Fall 2023 All-Community Grade Report, all in source-data/. The data is also kept as a CSV in data/.
A36: Campus GPAs | B36: UNL All-Community Grade Reports (the UNL tab of GPA Data.xlsx through Spring 2024, then the Spring 2025, Fall 2025 and Spring 2026 reports).
A37: Missing | B37: Fall 2023 new-member counts (no scorecard that term). GPAs for Spring 2020 (pass/no-pass semester). New-member counts for Spring 2020 and Spring 2022. The Sigma Tau Gamma row in Fall 2022, which is blacked out on the PDF.
A38: Chapter records | B38: Theta Xi numbers before Fall 2018 come from AE List.xlsx and GPA Data.xlsx. From Fall 2018 on, only UNL's numbers are used so every house is measured the same way. Where our records differ, the Chapter Data notes say so.
A40: Color key
A41: Blue text | B41: typed-in data
A42: Black text | B42: formula
A43: Green text | B43: formula that pulls from another tab
A44: Yellow fill | B44: setting you can change
A45: Orange fill | B45: number missing from the repo; fill it in when you find it
A46: Light gold row | B46: our chapter (set on the Lists tab)

Sheet Summary
A1: =OurChapter&" at UNL: GPA and recruitment compared with the other IFC houses" -> Theta Xi at UNL: GPA and recruitment compared with the other IFC houses
A2: The tables are live formulas. The written evaluation below them was written from data through Spring 2026.
A4: Latest semester | B4: =LatestTerm -> Spring 2026
A5: Recruitment year to show (calendar year) | B5: 2025 | C5: Pick the last year with both a Spring and a Fall report.
A7: Latest semester | B7: Us | C7: IFC benchmark | D7: Our IFC rank | E7: Houses ranked
A8: Chapter GPA (benchmark = IFC average, member weighted) | B8: =IFERROR(INDEX('TX vs IFC'!$B$5:$B$24,MATCH(LatestTerm,'TX vs IFC'!$A$5:$A$24,0)),"") -> 3.163 | C8: =IFERROR(INDEX('TX vs IFC'!$C$5:$C$24,MATCH(LatestTerm,'TX vs IFC'!$A$5:$A$24,0)),"") -> 3.3919755 | D8: =IFERROR(INDEX('TX vs IFC'!$H$5:$H$24,MATCH(LatestTerm,'TX vs IFC'!$A$5:$A$24,0)),"") -> 17 | E8: =IFERROR(INDEX('TX vs IFC'!$I$5:$I$24,MATCH(LatestTerm,'TX vs IFC'!$A$5:$A$24,0)),"") -> 23
A9: Members (benchmark = IFC median house) | B9: =IFERROR(INDEX('TX vs IFC'!$K$5:$K$24,MATCH(LatestTerm,'TX vs IFC'!$A$5:$A$24,0)),"") -> 43 | C9: =IFERROR(INDEX('TX vs IFC'!$L$5:$L$24,MATCH(LatestTerm,'TX vs IFC'!$A$5:$A$24,0)),"") -> 78 | D9: =IFERROR(INDEX('TX vs IFC'!$M$5:$M$24,MATCH(LatestTerm,'TX vs IFC'!$A$5:$A$24,0)),"") -> 14 | E9: =IFERROR(INDEX('TX vs IFC'!$I$5:$I$24,MATCH(LatestTerm,'TX vs IFC'!$A$5:$A$24,0)),"") -> 23
A10: New members this semester (benchmark = IFC average house) | B10: =IFERROR(INDEX('TX vs IFC'!$O$5:$O$24,MATCH(LatestTerm,'TX vs IFC'!$A$5:$A$24,0)),"") -> 6 | C10: =IFERROR(INDEX('TX vs IFC'!$P$5:$P$24,MATCH(LatestTerm,'TX vs IFC'!$A$5:$A$24,0)),"") -> 4.1304348 | D10: =IFERROR(INDEX('TX vs IFC'!$R$5:$R$24,MATCH(LatestTerm,'TX vs IFC'!$A$5:$A$24,0)),"") -> 5 | E10: =IFERROR(INDEX('TX vs IFC'!$I$5:$I$24,MATCH(LatestTerm,'TX vs IFC'!$A$5:$A$24,0)),"") -> 23
A11: New-member retention (benchmark = IFC median) | B11: =IFERROR(INDEX('TX vs IFC'!$U$5:$U$24,MATCH(LatestTerm,'TX vs IFC'!$A$5:$A$24,0)),"") -> 1 | C11: =IFERROR(INDEX('TX vs IFC'!$V$5:$V$24,MATCH(LatestTerm,'TX vs IFC'!$A$5:$A$24,0)),"") -> 1
A13: Recruitment for the chosen calendar year | B13: Us | C13: Benchmark
A14: New members (Spring + Fall) vs the average IFC house | B14: =IFERROR(INDEX('Recruitment Index'!$I$5:$I$14,MATCH($B$5,'Recruitment Index'!$A$5:$A$14,0)),"") -> 15 | C14: =IFERROR(INDEX('Recruitment Index'!$J$5:$J$14,MATCH($B$5,'Recruitment Index'!$A$5:$A$14,0)),"") -> 26.831667
A15: Recruiting index (100 = average IFC house) | B15: =IFERROR(INDEX('Recruitment Index'!$D$5:$D$14,MATCH($B$5,'Recruitment Index'!$A$5:$A$14,0)),"") -> 55.904093 | C15: 100
A16: Size-adjusted recruiting index (100 = IFC rate) | B16: =IFERROR(INDEX('Recruitment Index'!$E$5:$E$14,MATCH($B$5,'Recruitment Index'!$A$5:$A$14,0)),"") -> 89.339339 | C16: 100
A17: Replacement index (100 = replaced everyone who left) | B17: =IFERROR(INDEX('Recruitment Index'!$F$5:$F$14,MATCH($B$5,'Recruitment Index'!$A$5:$A$14,0)),"") -> 78.947368 | C17: 100
A18: Membership growth, Fall to Fall (us vs the IFC) | B18: =IFERROR(INDEX('Recruitment Index'!$O$5:$O$14,MATCH($B$5,'Recruitment Index'!$A$5:$A$14,0)),"") -> -0.083333333 | C18: =IFERROR(INDEX('Recruitment Index'!$T$5:$T$14,MATCH($B$5,'Recruitment Index'!$A$5:$A$14,0)),"") -> 0.039915966
A19: Share of all IFC new members | B19: =IFERROR(INDEX('Recruitment Index'!$K$5:$K$14,MATCH($B$5,'Recruitment Index'!$A$5:$A$14,0)),"") -> 0.022522523 | C19: =IFERROR(1/INDEX('New Members Matrix'!$B$39:$U$39,MATCH("Fall "&$B$5,'New Members Matrix'!$B$2:$U$2,0)),"") -> 0.04 | D19: <- benchmark = an equal share (1 / number of houses)
A21: Combined scorecard (window on the Combined Score tab) | B21: Our rank | C21: Houses scored
A22: GPA rank | B22: =IFERROR(INDEX('Combined Score'!$Q$10:$Q$44,MATCH(OurChapter,'Combined Score'!$A$10:$A$44,0)),"") -> 18 | C22: =COUNT('Combined Score'!$O$10:$O$44) -> 23
A23: Recruitment rank | B23: =IFERROR(INDEX('Combined Score'!$R$10:$R$44,MATCH(OurChapter,'Combined Score'!$A$10:$A$44,0)),"") -> 20 | C23: =COUNT('Combined Score'!$O$10:$O$44) -> 23
A24: Combined rank | B24: =IFERROR(INDEX('Combined Score'!$P$10:$P$44,MATCH(OurChapter,'Combined Score'!$A$10:$A$44,0)),"") -> 20 | C24: =COUNT('Combined Score'!$O$10:$O$44) -> 23
A25: Window | B25: ='Combined Score'!B3&" to "&'Combined Score'!B4 -> Spring 2024 to Spring 2026
A27: Targets for the current exec team | B27: Value
A28: GPA points we are behind the IFC average (latest semester) | B28: =IF(OR(B8="",C8=""),"",C8-B8) -> 0.22897551
A29: New members this Fall to match last year's average IFC house | B29: =IFERROR(MAX(0,ROUNDUP(IFERROR(INDEX('Recruitment Index'!$J$5:$J$14,MATCH($B$5,'Recruitment Index'!$A$5:$A$14,0)),"")-INDEX('New Members Matrix'!$B$43:$U$43,MATCH("Spring "&($B$5+1),'New Members Matrix'!$B$2:$U$2,0)),0)),"") -> 21 | C29: ="(the " & $B$5 & " IFC average per house, minus our Spring " & ($B$5+1) & " new members)" -> (the 2025 IFC average per house, minus our Spring 2026 new members)
A30: New members this Fall to replace last year's departures | B30: =IFERROR(MAX(0,IFERROR(INDEX('Recruitment Index'!$N$5:$N$14,MATCH($B$5,'Recruitment Index'!$A$5:$A$14,0)),"")-INDEX('New Members Matrix'!$B$43:$U$43,MATCH("Spring "&($B$5+1),'New Members Matrix'!$B$2:$U$2,0))),"") -> 13 | C30: (assumes as many men leave this year as left last year)
A32: Evaluation
A33: Bottom line: Theta Xi is a below-average IFC house on grades, and it has shrunk from 86 men (Fall 2019) to 43 (Spring 2026) while the IFC grew. Over Spring 2024 to Spring 2026 we rank 18th of 23 active IFC houses on GPA, 20th on recruitment and 20th combined.
A34: GPA: we were below the IFC average (all IFC men) in every reported semester since Fall 2018 except Spring 2022 (+0.010). The gap shrank from -0.42 in Fall 2018 to within 0.06 in Spring 2021, Fall 2021 and Spring 2024 (11th of 25 that term). It opened up again in 2025: -0.32 in Spring 2025, -0.30 in Fall 2025 and -0.23 in Spring 2026 (3.163 vs 3.392, 17th of 23).
A35: Against all UNL men we were ahead in 5 of the 11 semesters from Spring 2021 to Spring 2026, but behind for the last three in a row: 3.053 vs 3.220 (Spring 2025), 3.033 vs 3.196 (Fall 2025) and 3.163 vs 3.226 (Spring 2026).
A36: Size: from 2018 to 2023 we were a median IFC house (60 to 86 men, about 13th of 25). Since Spring 2024 we have had 43 to 48 men, about 55% of the median house (78 in Spring 2026). Over the same years total IFC membership grew from 1,641 men (Fall 2018) to 1,980 (Fall 2025), so the drop is ours, not the market's.
A37: Recruiting volume: new members per calendar year were 34 (2019), 24 (2021), 17 (2024) and 15 (2025). UNL's reports are missing a term in 2020, 2022 and 2023, so those years are blank. The average IFC house took 24 to 27 a year, so our recruiting index fell from 143 in 2019 to 99 in 2021, 68 in 2024 and 56 in 2025. Our share of all IFC new members fell from 5.4% to 2.3%, where an equal share is about 4%.
A38: Replacement: in the years UNL's reports cover fully, the replacement index was 86 (2021), 59 (2024) and 79 (2025), so we lost more men than we brought in. Our Fall roster has dropped every year since 2019: 86, 78, 74, 71, 60, 48, 44.
A39: For our size, recruiting is closer to normal: the 2025 size-adjusted index was 89. So the problem is less that each member recruits badly and more that a smaller house brings in a smaller class, which shrinks the next class too. Getting back to a stable size means recruiting above the IFC rate for a few years, not just matching it.
A40: Retention is not the main leak now. UNL's new-member retention for us was 100% (Fall 2024), 75% (Spring 2025, 3 men), 92% (Fall 2025) and 100% (Spring 2026), close to the IFC median each term, and active retention was 90% to 98%. Our own records show heavier pledge losses in the 2020 to 2023 classes (30 of 86, 35%), so this has improved.
A41: The current exec team is off to a good start: 6 new members in Spring 2026, 5th most in the IFC (the average house took 4.1). To match the 2025 average IFC house for the year, Fall 2026 needs about 21 new members; to replace a 2025-sized loss it needs about 13 (Fall 2025 brought in 12, against an IFC median of 25).
A42: Houses that score well on both GPA and recruitment over Spring 2024 to Spring 2026 are Pi Kappa Alpha, Phi Kappa Theta and Sigma Chi: all three recruit big classes and keep GPAs above 3.38. Farmhouse, Sigma Phi Epsilon and Beta Theta Pi lead on GPA but sit in the bottom half on recruitment, mostly because they bring in fewer new men per member.
A43: Caveats: UNL has no Fall 2023 scorecard, so that semester uses the Fall 2023 All-Community Grade Report (GPA and members for every house, but no new-member counts). UNL's Spring 2020 report has no GPAs (pass/no-pass semester), and the Spring 2020 and Spring 2022 reports leave out new members. Some of our chapter records disagree with UNL's reports (for example Fall 2019: 77 vs 86 members). UNL's numbers are used everywhere so every house is measured the same way.

Sheet TX vs IFC
A1: =OurChapter&" vs. the IFC, semester by semester" -> Theta Xi vs. the IFC, semester by semester
A2: Everything on this tab is a formula. Change 'Our chapter' on the Lists tab to see any other house.
B3: GPA | K3: Size | O3: Recruitment | T3: Retention (reported Fall 2024+)
A4: Semester | B4: Our GPA | C4: IFC avg (member wtd) | D4: IFC median | E4: All UNL men | F4: Greek men | G4: Gap vs IFC avg | H4: IFC GPA rank | I4: Chapters w/ GPA | K4: Our members | L4: IFC median size | M4: Size rank | N4: Size vs median (100 = median) | O4: Our new members | P4: IFC avg new members | Q4: IFC median new members | R4: NM rank (1 = most) | S4: Share of all IFC NMs | T4: Our active retention | U4: Our NM retention | V4: IFC median NM retention
A5: Fall 2018 | B5: =IF(IFERROR(INDEX('GPA Matrix'!$B$43:$U$43,MATCH($A5,'GPA Matrix'!$B$2:$U$2,0)),"")="","",IFERROR(INDEX('GPA Matrix'!$B$43:$U$43,MATCH($A5,'GPA Matrix'!$B$2:$U$2,0)),"")) -> 2.733 | C5: =IF(IFERROR(INDEX('GPA Matrix'!$B$40:$U$40,MATCH($A5,'GPA Matrix'!$B$2:$U$2,0)),"")="","",IFERROR(INDEX('GPA Matrix'!$B$40:$U$40,MATCH($A5,'GPA Matrix'!$B$2:$U$2,0)),"")) -> 3.1567782 | D5: =IF(IFERROR(INDEX('GPA Matrix'!$B$41:$U$41,MATCH($A5,'GPA Matrix'!$B$2:$U$2,0)),"")="","",IFERROR(INDEX('GPA Matrix'!$B$41:$U$41,MATCH($A5,'GPA Matrix'!$B$2:$U$2,0)),"")) -> 3.074 | E5: =IFERROR(IF(INDEX('Campus Stats'!$C$2:$C$37,MATCH($A5,'Campus Stats'!$A$2:$A$37,0))="","",INDEX('Campus Stats'!$C$2:$C$37,MATCH($A5,'Campus Stats'!$A$2:$A$37,0))),"") -> 2.976 | F5: =IFERROR(IF(INDEX('Campus Stats'!$F$2:$F$37,MATCH($A5,'Campus Stats'!$A$2:$A$37,0))="","",INDEX('Campus Stats'!$F$2:$F$37,MATCH($A5,'Campus Stats'!$A$2:$A$37,0))),"") -> 3.149 | G5: =IF(OR(B5="",C5=""),"",B5-C5) -> -0.42377818 | H5: =IF(IFERROR(INDEX('GPA Matrix'!$B$44:$U$44,MATCH($A5,'GPA Matrix'!$B$2:$U$2,0)),"")="","",IFERROR(INDEX('GPA Matrix'!$B$44:$U$44,MATCH($A5,'GPA Matrix'!$B$2:$U$2,0)),"")) -> 23 | I5: =IF(H5="","",IFERROR(INDEX('GPA Matrix'!$B$39:$U$39,MATCH($A5,'GPA Matrix'!$B$2:$U$2,0)),"")) -> 25 | K5: =IF(IFERROR(INDEX('Members Matrix'!$B$43:$U$43,MATCH($A5,'Members Matrix'!$B$2:$U$2,0)),"")="","",IFERROR(INDEX('Members Matrix'!$B$43:$U$43,MATCH($A5,'Members Matrix'!$B$2:$U$2,0)),"")) -> 62 | L5: =IF(IFERROR(INDEX('Members Matrix'!$B$42:$U$42,MATCH($A5,'Members Matrix'!$B$2:$U$2,0)),"")="","",IFERROR(INDEX('Members Matrix'!$B$42:$U$42,MATCH($A5,'Members Matrix'!$B$2:$U$2,0)),"")) -> 62 | M5: =IF(IFERROR(INDEX('Members Matrix'!$B$44:$U$44,MATCH($A5,'Members Matrix'!$B$2:$U$2,0)),"")="","",IFERROR(INDEX('Members Matrix'!$B$44:$U$44,MATCH($A5,'Members Matrix'!$B$2:$U$2,0)),"")) -> 13 | N5: =IF(IFERROR(INDEX('Members Matrix'!$B$45:$U$45,MATCH($A5,'Members Matrix'!$B$2:$U$2,0)),"")="","",IFERROR(INDEX('Members Matrix'!$B$45:$U$45,MATCH($A5,'Members Matrix'!$B$2:$U$2,0)),"")) -> 100 | O5: =IF(IFERROR(INDEX('New Members Matrix'!$B$43:$U$43,MATCH($A5,'New Members Matrix'!$B$2:$U$2,0)),"")="","",IFERROR(INDEX('New Members Matrix'!$B$43:$U$43,MATCH($A5,'New Members Matrix'!$B$2:$U$2,0)),"")) -> 22 | P5: =IF(IFERROR(INDEX('New Members Matrix'!$B$41:$U$41,MATCH($A5,'New Members Matrix'!$B$2:$U$2,0)),"")="","",IFERROR(INDEX('New Members Matrix'!$B$41:$U$41,MATCH($A5,'New Members Matrix'!$B$2:$U$2,0)),"")) -> 19.44 | Q5: =IF(IFERROR(INDEX('New Members Matrix'!$B$42:$U$42,MATCH($A5,'New Members Matrix'!$B$2:$U$2,0)),"")="","",IFERROR(INDEX('New Members Matrix'!$B$42:$U$42,MATCH($A5,'New Members Matrix'!$B$2:$U$2,0)),"")) -> 22 | R5: =IF(IFERROR(INDEX('New Members Matrix'!$B$44:$U$44,MATCH($A5,'New Members Matrix'!$B$2:$U$2,0)),"")="","",IFERROR(INDEX('New Members Matrix'!$B$44:$U$44,MATCH($A5,'New Members Matrix'!$B$2:$U$2,0)),"")) -> 13 | S5: =IF(IFERROR(INDEX('New Members Matrix'!$B$45:$U$45,MATCH($A5,'New Members Matrix'!$B$2:$U$2,0)),"")="","",IFERROR(INDEX('New Members Matrix'!$B$45:$U$45,MATCH($A5,'New Members Matrix'!$B$2:$U$2,0)),"")) -> 0.04526749 | T5: =IFERROR(IF(COUNTIFS('Chapter Data'!$A$2:$A$2500,$A5,'Chapter Data'!$D$2:$D$2500,OurChapter,'Chapter Data'!$J$2:$J$2500,"<>")=0,"",SUMIFS('Chapter Data'!$J$2:$J$2500,'Chapter Data'!$A$2:$A$2500,$A5,'Chapter Data'!$D$2:$D$2500,OurChapter)),"") | U5: =IFERROR(IF(COUNTIFS('Chapter Data'!$A$2:$A$2500,$A5,'Chapter Data'!$D$2:$D$2500,OurChapter,'Chapter Data'!$K$2:$K$2500,"<>")=0,"",SUMIFS('Chapter Data'!$K$2:$K$2500,'Chapter Data'!$A$2:$A$2500,$A5,'Chapter Data'!$D$2:$D$2500,OurChapter)),"") | V5: {=IF(COUNTIFS('Chapter Data'!$A$2:$A$2500,$A5,'Chapter Data'!$C$2:$C$2500,"IFC",'Chapter Data'!$K$2:$K$2500,">=0")<MinChapters,"",MEDIAN(IF(('Chapter Data'!$A$2:$A$2500=$A5)*('Chapter Data'!$C$2:$C$2500="IFC")*ISNUMBER('Chapter Data'!$K$2:$K$2500),'Chapter Data'!$K$2:$K$2500)))}
A6: Spring 2019 | B6: =IF(IFERROR(INDEX('GPA Matrix'!$B$43:$U$43,MATCH($A6,'GPA Matrix'!$B$2:$U$2,0)),"")="","",IFERROR(INDEX('GPA Matrix'!$B$43:$U$43,MATCH($A6,'GPA Matrix'!$B$2:$U$2,0)),"")) -> 2.919 | C6: =IF(IFERROR(INDEX('GPA Matrix'!$B$40:$U$40,MATCH($A6,'GPA Matrix'!$B$2:$U$2,0)),"")="","",IFERROR(INDEX('GPA Matrix'!$B$40:$U$40,MATCH($A6,'GPA Matrix'!$B$2:$U$2,0)),"")) -> 3.1669912 | D6: =IF(IFERROR(INDEX('GPA Matrix'!$B$41:$U$41,MATCH($A6,'GPA Matrix'!$B$2:$U$2,0)),"")="","",IFERROR(INDEX('GPA Matrix'!$B$41:$U$41,MATCH($A6,'GPA Matrix'!$B$2:$U$2,0)),"")) -> 3.06 | E6: =IFERROR(IF(INDEX('Campus Stats'!$C$2:$C$37,MATCH($A6,'Campus Stats'!$A$2:$A$37,0))="","",INDEX('Campus Stats'!$C$2:$C$37,MATCH($A6,'Campus Stats'!$A$2:$A$37,0))),"") -> 3.012 | F6: =IFERROR(IF(INDEX('Campus Stats'!$F$2:$F$37,MATCH($A6,'Campus Stats'!$A$2:$A$37,0))="","",INDEX('Campus Stats'!$F$2:$F$37,MATCH($A6,'Campus Stats'!$A$2:$A$37,0))),"") -> 3.154 | G6: =IF(OR(B6="",C6=""),"",B6-C6) -> -0.24799122 | H6: =IF(IFERROR(INDEX('GPA Matrix'!$B$44:$U$44,MATCH($A6,'GPA Matrix'!$B$2:$U$2,0)),"")="","",IFERROR(INDEX('GPA Matrix'!$B$44:$U$44,MATCH($A6,'GPA Matrix'!$B$2:$U$2,0)),"")) -> 21 | I6: =IF(H6="","",IFERROR(INDEX('GPA Matrix'!$B$39:$U$39,MATCH($A6,'GPA Matrix'!$B$2:$U$2,0)),"")) -> 24 | K6: =IF(IFERROR(INDEX('Members Matrix'!$B$43:$U$43,MATCH($A6,'Members Matrix'!$B$2:$U$2,0)),"")="","",IFERROR(INDEX('Members Matrix'!$B$43:$U$43,MATCH($A6,'Members Matrix'!$B$2:$U$2,0)),"")) -> 64 | L6: =IF(IFERROR(INDEX('Members Matrix'!$B$42:$U$42,MATCH($A6,'Members Matrix'!$B$2:$U$2,0)),"")="","",IFERROR(INDEX('Members Matrix'!$B$42:$U$42,MATCH($A6,'Members Matrix'!$B$2:$U$2,0)),"")) -> 64 | M6: =IF(IFERROR(INDEX('Members Matrix'!$B$44:$U$44,MATCH($A6,'Members Matrix'!$B$2:$U$2,0)),"")="","",IFERROR(INDEX('Members Matrix'!$B$44:$U$44,MATCH($A6,'Members Matrix'!$B$2:$U$2,0)),"")) -> 13 | N6: =IF(IFERROR(INDEX('Members Matrix'!$B$45:$U$45,MATCH($A6,'Members Matrix'!$B$2:$U$2,0)),"")="","",IFERROR(INDEX('Members Matrix'!$B$45:$U$45,MATCH($A6,'Members Matrix'!$B$2:$U$2,0)),"")) -> 100 | O6: =IF(IFERROR(INDEX('New Members Matrix'!$B$43:$U$43,MATCH($A6,'New Members Matrix'!$B$2:$U$2,0)),"")="","",IFERROR(INDEX('New Members Matrix'!$B$43:$U$43,MATCH($A6,'New Members Matrix'!$B$2:$U$2,0)),"")) -> 9 | P6: =IF(IFERROR(INDEX('New Members Matrix'!$B$41:$U$41,MATCH($A6,'New Members Matrix'!$B$2:$U$2,0)),"")="","",IFERROR(INDEX('New Members Matrix'!$B$41:$U$41,MATCH($A6,'New Members Matrix'!$B$2:$U$2,0)),"")) -> 2.72 | Q6: =IF(IFERROR(INDEX('New Members Matrix'!$B$42:$U$42,MATCH($A6,'New Members Matrix'!$B$2:$U$2,0)),"")="","",IFERROR(INDEX('New Members Matrix'!$B$42:$U$42,MATCH($A6,'New Members Matrix'!$B$2:$U$2,0)),"")) -> 1 | R6: =IF(IFERROR(INDEX('New Members Matrix'!$B$44:$U$44,MATCH($A6,'New Members Matrix'!$B$2:$U$2,0)),"")="","",IFERROR(INDEX('New Members Matrix'!$B$44:$U$44,MATCH($A6,'New Members Matrix'!$B$2:$U$2,0)),"")) -> 3 | S6: =IF(IFERROR(INDEX('New Members Matrix'!$B$45:$U$45,MATCH($A6,'New Members Matrix'!$B$2:$U$2,0)),"")="","",IFERROR(INDEX('New Members Matrix'!$B$45:$U$45,MATCH($A6,'New Members Matrix'!$B$2:$U$2,0)),"")) -> 0.13235294 | T6: =IFERROR(IF(COUNTIFS('Chapter Data'!$A$2:$A$2500,$A6,'Chapter Data'!$D$2:$D$2500,OurChapter,'Chapter Data'!$J$2:$J$2500,"<>")=0,"",SUMIFS('Chapter Data'!$J$2:$J$2500,'Chapter Data'!$A$2:$A$2500,$A6,'Chapter Data'!$D$2:$D$2500,OurChapter)),"") | U6: =IFERROR(IF(COUNTIFS('Chapter Data'!$A$2:$A$2500,$A6,'Chapter Data'!$D$2:$D$2500,OurChapter,'Chapter Data'!$K$2:$K$2500,"<>")=0,"",SUMIFS('Chapter Data'!$K$2:$K$2500,'Chapter Data'!$A$2:$A$2500,$A6,'Chapter Data'!$D$2:$D$2500,OurChapter)),"") | V6: {=IF(COUNTIFS('Chapter Data'!$A$2:$A$2500,$A6,'Chapter Data'!$C$2:$C$2500,"IFC",'Chapter Data'!$K$2:$K$2500,">=0")<MinChapters,"",MEDIAN(IF(('Chapter Data'!$A$2:$A$2500=$A6)*('Chapter Data'!$C$2:$C$2500="IFC")*ISNUMBER('Chapter Data'!$K$2:$K$2500),'Chapter Data'!$K$2:$K$2500)))}
A7: Fall 2019 | B7: =IF(IFERROR(INDEX('GPA Matrix'!$B$43:$U$43,MATCH($A7,'GPA Matrix'!$B$2:$U$2,0)),"")="","",IFERROR(INDEX('GPA Matrix'!$B$43:$U$43,MATCH($A7,'GPA Matrix'!$B$2:$U$2,0)),"")) -> 2.819 | C7: =IF(IFERROR(INDEX('GPA Matrix'!$B$40:$U$40,MATCH($A7,'GPA Matrix'!$B$2:$U$2,0)),"")="","",IFERROR(INDEX('GPA Matrix'!$B$40:$U$40,MATCH($A7,'GPA Matrix'!$B$2:$U$2,0)),"")) -> 3.143051 | D7: =IF(IFERROR(INDEX('GPA Matrix'!$B$41:$U$41,MATCH($A7,'GPA Matrix'!$B$2:$U$2,0)),"")="","",IFERROR(INDEX('GPA Matrix'!$B$41:$U$41,MATCH($A7,'GPA Matrix'!$B$2:$U$2,0)),"")) -> 3.084 | E7: =IFERROR(IF(INDEX('Campus Stats'!$C$2:$C$37,MATCH($A7,'Campus Stats'!$A$2:$A$37,0))="","",INDEX('Campus Stats'!$C$2:$C$37,MATCH($A7,'Campus Stats'!$A$2:$A$37,0))),"") -> 3.032 | F7: =IFERROR(IF(INDEX('Campus Stats'!$F$2:$F$37,MATCH($A7,'Campus Stats'!$A$2:$A$37,0))="","",INDEX('Campus Stats'!$F$2:$F$37,MATCH($A7,'Campus Stats'!$A$2:$A$37,0))),"") -> 3.133 | G7: =IF(OR(B7="",C7=""),"",B7-C7) -> -0.32405103 | H7: =IF(IFERROR(INDEX('GPA Matrix'!$B$44:$U$44,MATCH($A7,'GPA Matrix'!$B$2:$U$2,0)),"")="","",IFERROR(INDEX('GPA Matrix'!$B$44:$U$44,MATCH($A7,'GPA Matrix'!$B$2:$U$2,0)),"")) -> 24 | I7: =IF(H7="","",IFERROR(INDEX('GPA Matrix'!$B$39:$U$39,MATCH($A7,'GPA Matrix'!$B$2:$U$2,0)),"")) -> 27 | K7: =IF(IFERROR(INDEX('Members Matrix'!$B$43:$U$43,MATCH($A7,'Members Matrix'!$B$2:$U$2,0)),"")="","",IFERROR(INDEX('Members Matrix'!$B$43:$U$43,MATCH($A7,'Members Matrix'!$B$2:$U$2,0)),"")) -> 86 | L7: =IF(IFERROR(INDEX('Members Matrix'!$B$42:$U$42,MATCH($A7,'Members Matrix'!$B$2:$U$2,0)),"")="","",IFERROR(INDEX('Members Matrix'!$B$42:$U$42,MATCH($A7,'Members Matrix'!$B$2:$U$2,0)),"")) -> 83 | M7: =IF(IFERROR(INDEX('Members Matrix'!$B$44:$U$44,MATCH($A7,'Members Matrix'!$B$2:$U$2,0)),"")="","",IFERROR(INDEX('Members Matrix'!$B$44:$U$44,MATCH($A7,'Members Matrix'!$B$2:$U$2,0)),"")) -> 12 | N7: =IF(IFERROR(INDEX('Members Matrix'!$B$45:$U$45,MATCH($A7,'Members Matrix'!$B$2:$U$2,0)),"")="","",IFERROR(INDEX('Members Matrix'!$B$45:$U$45,MATCH($A7,'Members Matrix'!$B$2:$U$2,0)),"")) -> 103.61446 | O7: =IF(IFERROR(INDEX('New Members Matrix'!$B$43:$U$43,MATCH($A7,'New Members Matrix'!$B$2:$U$2,0)),"")="","",IFERROR(INDEX('New Members Matrix'!$B$43:$U$43,MATCH($A7,'New Members Matrix'!$B$2:$U$2,0)),"")) -> 25 | P7: =IF(IFERROR(INDEX('New Members Matrix'!$B$41:$U$41,MATCH($A7,'New Members Matrix'!$B$2:$U$2,0)),"")="","",IFERROR(INDEX('New Members Matrix'!$B$41:$U$41,MATCH($A7,'New Members Matrix'!$B$2:$U$2,0)),"")) -> 21 | Q7: =IF(IFERROR(INDEX('New Members Matrix'!$B$42:$U$42,MATCH($A7,'New Members Matrix'!$B$2:$U$2,0)),"")="","",IFERROR(INDEX('New Members Matrix'!$B$42:$U$42,MATCH($A7,'New Members Matrix'!$B$2:$U$2,0)),"")) -> 25 | R7: =IF(IFERROR(INDEX('New Members Matrix'!$B$44:$U$44,MATCH($A7,'New Members Matrix'!$B$2:$U$2,0)),"")="","",IFERROR(INDEX('New Members Matrix'!$B$44:$U$44,MATCH($A7,'New Members Matrix'!$B$2:$U$2,0)),"")) -> 14 | S7: =IF(IFERROR(INDEX('New Members Matrix'!$B$45:$U$45,MATCH($A7,'New Members Matrix'!$B$2:$U$2,0)),"")="","",IFERROR(INDEX('New Members Matrix'!$B$45:$U$45,MATCH($A7,'New Members Matrix'!$B$2:$U$2,0)),"")) -> 0.044091711 | T7: =IFERROR(IF(COUNTIFS('Chapter Data'!$A$2:$A$2500,$A7,'Chapter Data'!$D$2:$D$2500,OurChapter,'Chapter Data'!$J$2:$J$2500,"<>")=0,"",SUMIFS('Chapter Data'!$J$2:$J$2500,'Chapter Data'!$A$2:$A$2500,$A7,'Chapter Data'!$D$2:$D$2500,OurChapter)),"") | U7: =IFERROR(IF(COUNTIFS('Chapter Data'!$A$2:$A$2500,$A7,'Chapter Data'!$D$2:$D$2500,OurChapter,'Chapter Data'!$K$2:$K$2500,"<>")=0,"",SUMIFS('Chapter Data'!$K$2:$K$2500,'Chapter Data'!$A$2:$A$2500,$A7,'Chapter Data'!$D$2:$D$2500,OurChapter)),"") | V7: {=IF(COUNTIFS('Chapter Data'!$A$2:$A$2500,$A7,'Chapter Data'!$C$2:$C$2500,"IFC",'Chapter Data'!$K$2:$K$2500,">=0")<MinChapters,"",MEDIAN(IF(('Chapter Data'!$A$2:$A$2500=$A7)*('Chapter Data'!$C$2:$C$2500="IFC")*ISNUMBER('Chapter Data'!$K$2:$K$2500),'Chapter Data'!$K$2:$K$2500)))}
A8: Spring 2020 | B8: =IF(IFERROR(INDEX('GPA Matrix'!$B$43:$U$43,MATCH($A8,'GPA Matrix'!$B$2:$U$2,0)),"")="","",IFERROR(INDEX('GPA Matrix'!$B$43:$U$43,MATCH($A8,'GPA Matrix'!$B$2:$U$2,0)),"")) | C8: =IF(IFERROR(INDEX('GPA Matrix'!$B$40:$U$40,MATCH($A8,'GPA Matrix'!$B$2:$U$2,0)),"")="","",IFERROR(INDEX('GPA Matrix'!$B$40:$U$40,MATCH($A8,'GPA Matrix'!$B$2:$U$2,0)),"")) | D8: =IF(IFERROR(INDEX('GPA Matrix'!$B$41:$U$41,MATCH($A8,'GPA Matrix'!$B$2:$U$2,0)),"")="","",IFERROR(INDEX('GPA Matrix'!$B$41:$U$41,MATCH($A8,'GPA Matrix'!$B$2:$U$2,0)),"")) | E8: =IFERROR(IF(INDEX('Campus Stats'!$C$2:$C$37,MATCH($A8,'Campus Stats'!$A$2:$A$37,0))="","",INDEX('Campus Stats'!$C$2:$C$37,MATCH($A8,'Campus Stats'!$A$2:$A$37,0))),"") -> 3.365 | F8: =IFERROR(IF(INDEX('Campus Stats'!$F$2:$F$37,MATCH($A8,'Campus Stats'!$A$2:$A$37,0))="","",INDEX('Campus Stats'!$F$2:$F$37,MATCH($A8,'Campus Stats'!$A$2:$A$37,0))),"") -> 3.439 | G8: =IF(OR(B8="",C8=""),"",B8-C8) | H8: =IF(IFERROR(INDEX('GPA Matrix'!$B$44:$U$44,MATCH($A8,'GPA Matrix'!$B$2:$U$2,0)),"")="","",IFERROR(INDEX('GPA Matrix'!$B$44:$U$44,MATCH($A8,'GPA Matrix'!$B$2:$U$2,0)),"")) | I8: =IF(H8="","",IFERROR(INDEX('GPA Matrix'!$B$39:$U$39,MATCH($A8,'GPA Matrix'!$B$2:$U$2,0)),"")) | K8: =IF(IFERROR(INDEX('Members Matrix'!$B$43:$U$43,MATCH($A8,'Members Matrix'!$B$2:$U$2,0)),"")="","",IFERROR(INDEX('Members Matrix'!$B$43:$U$43,MATCH($A8,'Members Matrix'!$B$2:$U$2,0)),"")) -> 73 | L8: =IF(IFERROR(INDEX('Members Matrix'!$B$42:$U$42,MATCH($A8,'Members Matrix'!$B$2:$U$2,0)),"")="","",IFERROR(INDEX('Members Matrix'!$B$42:$U$42,MATCH($A8,'Members Matrix'!$B$2:$U$2,0)),"")) -> 75.5 | M8: =IF(IFERROR(INDEX('Members Matrix'!$B$44:$U$44,MATCH($A8,'Members Matrix'!$B$2:$U$2,0)),"")="","",IFERROR(INDEX('Members Matrix'!$B$44:$U$44,MATCH($A8,'Members Matrix'!$B$2:$U$2,0)),"")) -> 15 | N8: =IF(IFERROR(INDEX('Members Matrix'!$B$45:$U$45,MATCH($A8,'Members Matrix'!$B$2:$U$2,0)),"")="","",IFERROR(INDEX('Members Matrix'!$B$45:$U$45,MATCH($A8,'Members Matrix'!$B$2:$U$2,0)),"")) -> 96.688742 | O8: =IF(IFERROR(INDEX('New Members Matrix'!$B$43:$U$43,MATCH($A8,'New Members Matrix'!$B$2:$U$2,0)),"")="","",IFERROR(INDEX('New Members Matrix'!$B$43:$U$43,MATCH($A8,'New Members Matrix'!$B$2:$U$2,0)),"")) | P8: =IF(IFERROR(INDEX('New Members Matrix'!$B$41:$U$41,MATCH($A8,'New Members Matrix'!$B$2:$U$2,0)),"")="","",IFERROR(INDEX('New Members Matrix'!$B$41:$U$41,MATCH($A8,'New Members Matrix'!$B$2:$U$2,0)),"")) | Q8: =IF(IFERROR(INDEX('New Members Matrix'!$B$42:$U$42,MATCH($A8,'New Members Matrix'!$B$2:$U$2,0)),"")="","",IFERROR(INDEX('New Members Matrix'!$B$42:$U$42,MATCH($A8,'New Members Matrix'!$B$2:$U$2,0)),"")) | R8: =IF(IFERROR(INDEX('New Members Matrix'!$B$44:$U$44,MATCH($A8,'New Members Matrix'!$B$2:$U$2,0)),"")="","",IFERROR(INDEX('New Members Matrix'!$B$44:$U$44,MATCH($A8,'New Members Matrix'!$B$2:$U$2,0)),"")) | S8: =IF(IFERROR(INDEX('New Members Matrix'!$B$45:$U$45,MATCH($A8,'New Members Matrix'!$B$2:$U$2,0)),"")="","",IFERROR(INDEX('New Members Matrix'!$B$45:$U$45,MATCH($A8,'New Members Matrix'!$B$2:$U$2,0)),"")) | T8: =IFERROR(IF(COUNTIFS('Chapter Data'!$A$2:$A$2500,$A8,'Chapter Data'!$D$2:$D$2500,OurChapter,'Chapter Data'!$J$2:$J$2500,"<>")=0,"",SUMIFS('Chapter Data'!$J$2:$J$2500,'Chapter Data'!$A$2:$A$2500,$A8,'Chapter Data'!$D$2:$D$2500,OurChapter)),"") | U8: =IFERROR(IF(COUNTIFS('Chapter Data'!$A$2:$A$2500,$A8,'Chapter Data'!$D$2:$D$2500,OurChapter,'Chapter Data'!$K$2:$K$2500,"<>")=0,"",SUMIFS('Chapter Data'!$K$2:$K$2500,'Chapter Data'!$A$2:$A$2500,$A8,'Chapter Data'!$D$2:$D$2500,OurChapter)),"") | V8: {=IF(COUNTIFS('Chapter Data'!$A$2:$A$2500,$A8,'Chapter Data'!$C$2:$C$2500,"IFC",'Chapter Data'!$K$2:$K$2500,">=0")<MinChapters,"",MEDIAN(IF(('Chapter Data'!$A$2:$A$2500=$A8)*('Chapter Data'!$C$2:$C$2500="IFC")*ISNUMBER('Chapter Data'!$K$2:$K$2500),'Chapter Data'!$K$2:$K$2500)))}
A9: Fall 2020 | B9: =IF(IFERROR(INDEX('GPA Matrix'!$B$43:$U$43,MATCH($A9,'GPA Matrix'!$B$2:$U$2,0)),"")="","",IFERROR(INDEX('GPA Matrix'!$B$43:$U$43,MATCH($A9,'GPA Matrix'!$B$2:$U$2,0)),"")) -> 2.957 | C9: =IF(IFERROR(INDEX('GPA Matrix'!$B$40:$U$40,MATCH($A9,'GPA Matrix'!$B$2:$U$2,0)),"")="","",IFERROR(INDEX('GPA Matrix'!$B$40:$U$40,MATCH($A9,'GPA Matrix'!$B$2:$U$2,0)),"")) -> 3.1999045 | D9: =IF(IFERROR(INDEX('GPA Matrix'!$B$41:$U$41,MATCH($A9,'GPA Matrix'!$B$2:$U$2,0)),"")="","",IFERROR(INDEX('GPA Matrix'!$B$41:$U$41,MATCH($A9,'GPA Matrix'!$B$2:$U$2,0)),"")) -> 3.223 | E9: =IFERROR(IF(INDEX('Campus Stats'!$C$2:$C$37,MATCH($A9,'Campus Stats'!$A$2:$A$37,0))="","",INDEX('Campus Stats'!$C$2:$C$37,MATCH($A9,'Campus Stats'!$A$2:$A$37,0))),"") -> 3.032 | F9: =IFERROR(IF(INDEX('Campus Stats'!$F$2:$F$37,MATCH($A9,'Campus Stats'!$A$2:$A$37,0))="","",INDEX('Campus Stats'!$F$2:$F$37,MATCH($A9,'Campus Stats'!$A$2:$A$37,0))),"") -> 3.213 | G9: =IF(OR(B9="",C9=""),"",B9-C9) -> -0.24290453 | H9: =IF(IFERROR(INDEX('GPA Matrix'!$B$44:$U$44,MATCH($A9,'GPA Matrix'!$B$2:$U$2,0)),"")="","",IFERROR(INDEX('GPA Matrix'!$B$44:$U$44,MATCH($A9,'GPA Matrix'!$B$2:$U$2,0)),"")) -> 20 | I9: =IF(H9="","",IFERROR(INDEX('GPA Matrix'!$B$39:$U$39,MATCH($A9,'GPA Matrix'!$B$2:$U$2,0)),"")) -> 24 | K9: =IF(IFERROR(INDEX('Members Matrix'!$B$43:$U$43,MATCH($A9,'Members Matrix'!$B$2:$U$2,0)),"")="","",IFERROR(INDEX('Members Matrix'!$B$43:$U$43,MATCH($A9,'Members Matrix'!$B$2:$U$2,0)),"")) -> 78 | L9: =IF(IFERROR(INDEX('Members Matrix'!$B$42:$U$42,MATCH($A9,'Members Matrix'!$B$2:$U$2,0)),"")="","",IFERROR(INDEX('Members Matrix'!$B$42:$U$42,MATCH($A9,'Members Matrix'!$B$2:$U$2,0)),"")) -> 77.5 | M9: =IF(IFERROR(INDEX('Members Matrix'!$B$44:$U$44,MATCH($A9,'Members Matrix'!$B$2:$U$2,0)),"")="","",IFERROR(INDEX('Members Matrix'!$B$44:$U$44,MATCH($A9,'Members Matrix'!$B$2:$U$2,0)),"")) -> 13 | N9: =IF(IFERROR(INDEX('Members Matrix'!$B$45:$U$45,MATCH($A9,'Members Matrix'!$B$2:$U$2,0)),"")="","",IFERROR(INDEX('Members Matrix'!$B$45:$U$45,MATCH($A9,'Members Matrix'!$B$2:$U$2,0)),"")) -> 100.64516 | O9: =IF(IFERROR(INDEX('New Members Matrix'!$B$43:$U$43,MATCH($A9,'New Members Matrix'!$B$2:$U$2,0)),"")="","",IFERROR(INDEX('New Members Matrix'!$B$43:$U$43,MATCH($A9,'New Members Matrix'!$B$2:$U$2,0)),"")) -> 28 | P9: =IF(IFERROR(INDEX('New Members Matrix'!$B$41:$U$41,MATCH($A9,'New Members Matrix'!$B$2:$U$2,0)),"")="","",IFERROR(INDEX('New Members Matrix'!$B$41:$U$41,MATCH($A9,'New Members Matrix'!$B$2:$U$2,0)),"")) -> 21 | Q9: =IF(IFERROR(INDEX('New Members Matrix'!$B$42:$U$42,MATCH($A9,'New Members Matrix'!$B$2:$U$2,0)),"")="","",IFERROR(INDEX('New Members Matrix'!$B$42:$U$42,MATCH($A9,'New Members Matrix'!$B$2:$U$2,0)),"")) -> 24 | R9: =IF(IFERROR(INDEX('New Members Matrix'!$B$44:$U$44,MATCH($A9,'New Members Matrix'!$B$2:$U$2,0)),"")="","",IFERROR(INDEX('New Members Matrix'!$B$44:$U$44,MATCH($A9,'New Members Matrix'!$B$2:$U$2,0)),"")) -> 9 | S9: =IF(IFERROR(INDEX('New Members Matrix'!$B$45:$U$45,MATCH($A9,'New Members Matrix'!$B$2:$U$2,0)),"")="","",IFERROR(INDEX('New Members Matrix'!$B$45:$U$45,MATCH($A9,'New Members Matrix'!$B$2:$U$2,0)),"")) -> 0.051282051 | T9: =IFERROR(IF(COUNTIFS('Chapter Data'!$A$2:$A$2500,$A9,'Chapter Data'!$D$2:$D$2500,OurChapter,'Chapter Data'!$J$2:$J$2500,"<>")=0,"",SUMIFS('Chapter Data'!$J$2:$J$2500,'Chapter Data'!$A$2:$A$2500,$A9,'Chapter Data'!$D$2:$D$2500,OurChapter)),"") | U9: =IFERROR(IF(COUNTIFS('Chapter Data'!$A$2:$A$2500,$A9,'Chapter Data'!$D$2:$D$2500,OurChapter,'Chapter Data'!$K$2:$K$2500,"<>")=0,"",SUMIFS('Chapter Data'!$K$2:$K$2500,'Chapter Data'!$A$2:$A$2500,$A9,'Chapter Data'!$D$2:$D$2500,OurChapter)),"") | V9: {=IF(COUNTIFS('Chapter Data'!$A$2:$A$2500,$A9,'Chapter Data'!$C$2:$C$2500,"IFC",'Chapter Data'!$K$2:$K$2500,">=0")<MinChapters,"",MEDIAN(IF(('Chapter Data'!$A$2:$A$2500=$A9)*('Chapter Data'!$C$2:$C$2500="IFC")*ISNUMBER('Chapter Data'!$K$2:$K$2500),'Chapter Data'!$K$2:$K$2500)))}
A10: Spring 2021 | B10: =IF(IFERROR(INDEX('GPA Matrix'!$B$43:$U$43,MATCH($A10,'GPA Matrix'!$B$2:$U$2,0)),"")="","",IFERROR(INDEX('GPA Matrix'!$B$43:$U$43,MATCH($A10,'GPA Matrix'!$B$2:$U$2,0)),"")) -> 3.267 | C10: =IF(IFERROR(INDEX('GPA Matrix'!$B$40:$U$40,MATCH($A10,'GPA Matrix'!$B$2:$U$2,0)),"")="","",IFERROR(INDEX('GPA Matrix'!$B$40:$U$40,MATCH($A10,'GPA Matrix'!$B$2:$U$2,0)),"")) -> 3.3159273 | D10: =IF(IFERROR(INDEX('GPA Matrix'!$B$41:$U$41,MATCH($A10,'GPA Matrix'!$B$2:$U$2,0)),"")="","",IFERROR(INDEX('GPA Matrix'!$B$41:$U$41,MATCH($A10,'GPA Matrix'!$B$2:$U$2,0)),"")) -> 3.311 | E10: =IFERROR(IF(INDEX('Campus Stats'!$C$2:$C$37,MATCH($A10,'Campus Stats'!$A$2:$A$37,0))="","",INDEX('Campus Stats'!$C$2:$C$37,MATCH($A10,'Campus Stats'!$A$2:$A$37,0))),"") -> 3.187 | F10: =IFERROR(IF(INDEX('Campus Stats'!$F$2:$F$37,MATCH($A10,'Campus Stats'!$A$2:$A$37,0))="","",INDEX('Campus Stats'!$F$2:$F$37,MATCH($A10,'Campus Stats'!$A$2:$A$37,0))),"") -> 3.307 | G10: =IF(OR(B10="",C10=""),"",B10-C10) -> -0.048927293 | H10: =IF(IFERROR(INDEX('GPA Matrix'!$B$44:$U$44,MATCH($A10,'GPA Matrix'!$B$2:$U$2,0)),"")="","",IFERROR(INDEX('GPA Matrix'!$B$44:$U$44,MATCH($A10,'GPA Matrix'!$B$2:$U$2,0)),"")) -> 15 | I10: =IF(H10="","",IFERROR(INDEX('GPA Matrix'!$B$39:$U$39,MATCH($A10,'GPA Matrix'!$B$2:$U$2,0)),"")) -> 26 | K10: =IF(IFERROR(INDEX('Members Matrix'!$B$43:$U$43,MATCH($A10,'Members Matrix'!$B$2:$U$2,0)),"")="","",IFERROR(INDEX('Members Matrix'!$B$43:$U$43,MATCH($A10,'Members Matrix'!$B$2:$U$2,0)),"")) -> 74 | L10: =IF(IFERROR(INDEX('Members Matrix'!$B$42:$U$42,MATCH($A10,'Members Matrix'!$B$2:$U$2,0)),"")="","",IFERROR(INDEX('Members Matrix'!$B$42:$U$42,MATCH($A10,'Members Matrix'!$B$2:$U$2,0)),"")) -> 74 | M10: =IF(IFERROR(INDEX('Members Matrix'!$B$44:$U$44,MATCH($A10,'Members Matrix'!$B$2:$U$2,0)),"")="","",IFERROR(INDEX('Members Matrix'!$B$44:$U$44,MATCH($A10,'Members Matrix'!$B$2:$U$2,0)),"")) -> 12 | N10: =IF(IFERROR(INDEX('Members Matrix'!$B$45:$U$45,MATCH($A10,'Members Matrix'!$B$2:$U$2,0)),"")="","",IFERROR(INDEX('Members Matrix'!$B$45:$U$45,MATCH($A10,'Members Matrix'!$B$2:$U$2,0)),"")) -> 100 | O10: =IF(IFERROR(INDEX('New Members Matrix'!$B$43:$U$43,MATCH($A10,'New Members Matrix'!$B$2:$U$2,0)),"")="","",IFERROR(INDEX('New Members Matrix'!$B$43:$U$43,MATCH($A10,'New Members Matrix'!$B$2:$U$2,0)),"")) -> 10 | P10: =IF(IFERROR(INDEX('New Members Matrix'!$B$41:$U$41,MATCH($A10,'New Members Matrix'!$B$2:$U$2,0)),"")="","",IFERROR(INDEX('New Members Matrix'!$B$41:$U$41,MATCH($A10,'New Members Matrix'!$B$2:$U$2,0)),"")) -> 3.3461538 | Q10: =IF(IFERROR(INDEX('New Members Matrix'!$B$42:$U$42,MATCH($A10,'New Members Matrix'!$B$2:$U$2,0)),"")="","",IFERROR(INDEX('New Members Matrix'!$B$42:$U$42,MATCH($A10,'New Members Matrix'!$B$2:$U$2,0)),"")) -> 2 | R10: =IF(IFERROR(INDEX('New Members Matrix'!$B$44:$U$44,MATCH($A10,'New Members Matrix'!$B$2:$U$2,0)),"")="","",IFERROR(INDEX('New Members Matrix'!$B$44:$U$44,MATCH($A10,'New Members Matrix'!$B$2:$U$2,0)),"")) -> 2 | S10: =IF(IFERROR(INDEX('New Members Matrix'!$B$45:$U$45,MATCH($A10,'New Members Matrix'!$B$2:$U$2,0)),"")="","",IFERROR(INDEX('New Members Matrix'!$B$45:$U$45,MATCH($A10,'New Members Matrix'!$B$2:$U$2,0)),"")) -> 0.11494253 | T10: =IFERROR(IF(COUNTIFS('Chapter Data'!$A$2:$A$2500,$A10,'Chapter Data'!$D$2:$D$2500,OurChapter,'Chapter Data'!$J$2:$J$2500,"<>")=0,"",SUMIFS('Chapter Data'!$J$2:$J$2500,'Chapter Data'!$A$2:$A$2500,$A10,'Chapter Data'!$D$2:$D$2500,OurChapter)),"") | U10: =IFERROR(IF(COUNTIFS('Chapter Data'!$A$2:$A$2500,$A10,'Chapter Data'!$D$2:$D$2500,OurChapter,'Chapter Data'!$K$2:$K$2500,"<>")=0,"",SUMIFS('Chapter Data'!$K$2:$K$2500,'Chapter Data'!$A$2:$A$2500,$A10,'Chapter Data'!$D$2:$D$2500,OurChapter)),"") | V10: {=IF(COUNTIFS('Chapter Data'!$A$2:$A$2500,$A10,'Chapter Data'!$C$2:$C$2500,"IFC",'Chapter Data'!$K$2:$K$2500,">=0")<MinChapters,"",MEDIAN(IF(('Chapter Data'!$A$2:$A$2500=$A10)*('Chapter Data'!$C$2:$C$2500="IFC")*ISNUMBER('Chapter Data'!$K$2:$K$2500),'Chapter Data'!$K$2:$K$2500)))}
A11: Fall 2021 | B11: =IF(IFERROR(INDEX('GPA Matrix'!$B$43:$U$43,MATCH($A11,'GPA Matrix'!$B$2:$U$2,0)),"")="","",IFERROR(INDEX('GPA Matrix'!$B$43:$U$43,MATCH($A11,'GPA Matrix'!$B$2:$U$2,0)),"")) -> 3.167 | C11: =IF(IFERROR(INDEX('GPA Matrix'!$B$40:$U$40,MATCH($A11,'GPA Matrix'!$B$2:$U$2,0)),"")="","",IFERROR(INDEX('GPA Matrix'!$B$40:$U$40,MATCH($A11,'GPA Matrix'!$B$2:$U$2,0)),"")) -> 3.2240222 | D11: =IF(IFERROR(INDEX('GPA Matrix'!$B$41:$U$41,MATCH($A11,'GPA Matrix'!$B$2:$U$2,0)),"")="","",IFERROR(INDEX('GPA Matrix'!$B$41:$U$41,MATCH($A11,'GPA Matrix'!$B$2:$U$2,0)),"")) -> 3.183 | E11: =IFERROR(IF(INDEX('Campus Stats'!$C$2:$C$37,MATCH($A11,'Campus Stats'!$A$2:$A$37,0))="","",INDEX('Campus Stats'!$C$2:$C$37,MATCH($A11,'Campus Stats'!$A$2:$A$37,0))),"") -> 3.084 | F11: =IFERROR(IF(INDEX('Campus Stats'!$F$2:$F$37,MATCH($A11,'Campus Stats'!$A$2:$A$37,0))="","",INDEX('Campus Stats'!$F$2:$F$37,MATCH($A11,'Campus Stats'!$A$2:$A$37,0))),"") -> 3.221 | G11: =IF(OR(B11="",C11=""),"",B11-C11) -> -0.057022172 | H11: =IF(IFERROR(INDEX('GPA Matrix'!$B$44:$U$44,MATCH($A11,'GPA Matrix'!$B$2:$U$2,0)),"")="","",IFERROR(INDEX('GPA Matrix'!$B$44:$U$44,MATCH($A11,'GPA Matrix'!$B$2:$U$2,0)),"")) -> 14 | I11: =IF(H11="","",IFERROR(INDEX('GPA Matrix'!$B$39:$U$39,MATCH($A11,'GPA Matrix'!$B$2:$U$2,0)),"")) -> 25 | K11: =IF(IFERROR(INDEX('Members Matrix'!$B$43:$U$43,MATCH($A11,'Members Matrix'!$B$2:$U$2,0)),"")="","",IFERROR(INDEX('Members Matrix'!$B$43:$U$43,MATCH($A11,'Members Matrix'!$B$2:$U$2,0)),"")) -> 74 | L11: =IF(IFERROR(INDEX('Members Matrix'!$B$42:$U$42,MATCH($A11,'Members Matrix'!$B$2:$U$2,0)),"")="","",IFERROR(INDEX('Members Matrix'!$B$42:$U$42,MATCH($A11,'Members Matrix'!$B$2:$U$2,0)),"")) -> 74 | M11: =IF(IFERROR(INDEX('Members Matrix'!$B$44:$U$44,MATCH($A11,'Members Matrix'!$B$2:$U$2,0)),"")="","",IFERROR(INDEX('Members Matrix'!$B$44:$U$44,MATCH($A11,'Members Matrix'!$B$2:$U$2,0)),"")) -> 13 | N11: =IF(IFERROR(INDEX('Members Matrix'!$B$45:$U$45,MATCH($A11,'Members Matrix'!$B$2:$U$2,0)),"")="","",IFERROR(INDEX('Members Matrix'!$B$45:$U$45,MATCH($A11,'Members Matrix'!$B$2:$U$2,0)),"")) -> 100 | O11: =IF(IFERROR(INDEX('New Members Matrix'!$B$43:$U$43,MATCH($A11,'New Members Matrix'!$B$2:$U$2,0)),"")="","",IFERROR(INDEX('New Members Matrix'!$B$43:$U$43,MATCH($A11,'New Members Matrix'!$B$2:$U$2,0)),"")) -> 14 | P11: =IF(IFERROR(INDEX('New Members Matrix'!$B$41:$U$41,MATCH($A11,'New Members Matrix'!$B$2:$U$2,0)),"")="","",IFERROR(INDEX('New Members Matrix'!$B$41:$U$41,MATCH($A11,'New Members Matrix'!$B$2:$U$2,0)),"")) -> 21 | Q11: =IF(IFERROR(INDEX('New Members Matrix'!$B$42:$U$42,MATCH($A11,'New Members Matrix'!$B$2:$U$2,0)),"")="","",IFERROR(INDEX('New Members Matrix'!$B$42:$U$42,MATCH($A11,'New Members Matrix'!$B$2:$U$2,0)),"")) -> 20 | R11: =IF(IFERROR(INDEX('New Members Matrix'!$B$44:$U$44,MATCH($A11,'New Members Matrix'!$B$2:$U$2,0)),"")="","",IFERROR(INDEX('New Members Matrix'!$B$44:$U$44,MATCH($A11,'New Members Matrix'!$B$2:$U$2,0)),"")) -> 16 | S11: =IF(IFERROR(INDEX('New Members Matrix'!$B$45:$U$45,MATCH($A11,'New Members Matrix'!$B$2:$U$2,0)),"")="","",IFERROR(INDEX('New Members Matrix'!$B$45:$U$45,MATCH($A11,'New Members Matrix'!$B$2:$U$2,0)),"")) -> 0.026666667 | T11: =IFERROR(IF(COUNTIFS('Chapter Data'!$A$2:$A$2500,$A11,'Chapter Data'!$D$2:$D$2500,OurChapter,'Chapter Data'!$J$2:$J$2500,"<>")=0,"",SUMIFS('Chapter Data'!$J$2:$J$2500,'Chapter Data'!$A$2:$A$2500,$A11,'Chapter Data'!$D$2:$D$2500,OurChapter)),"") | U11: =IFERROR(IF(COUNTIFS('Chapter Data'!$A$2:$A$2500,$A11,'Chapter Data'!$D$2:$D$2500,OurChapter,'Chapter Data'!$K$2:$K$2500,"<>")=0,"",SUMIFS('Chapter Data'!$K$2:$K$2500,'Chapter Data'!$A$2:$A$2500,$A11,'Chapter Data'!$D$2:$D$2500,OurChapter)),"") | V11: {=IF(COUNTIFS('Chapter Data'!$A$2:$A$2500,$A11,'Chapter Data'!$C$2:$C$2500,"IFC",'Chapter Data'!$K$2:$K$2500,">=0")<MinChapters,"",MEDIAN(IF(('Chapter Data'!$A$2:$A$2500=$A11)*('Chapter Data'!$C$2:$C$2500="IFC")*ISNUMBER('Chapter Data'!$K$2:$K$2500),'Chapter Data'!$K$2:$K$2500)))}
A12: Spring 2022 | B12: =IF(IFERROR(INDEX('GPA Matrix'!$B$43:$U$43,MATCH($A12,'GPA Matrix'!$B$2:$U$2,0)),"")="","",IFERROR(INDEX('GPA Matrix'!$B$43:$U$43,MATCH($A12,'GPA Matrix'!$B$2:$U$2,0)),"")) -> 3.316 | C12: =IF(IFERROR(INDEX('GPA Matrix'!$B$40:$U$40,MATCH($A12,'GPA Matrix'!$B$2:$U$2,0)),"")="","",IFERROR(INDEX('GPA Matrix'!$B$40:$U$40,MATCH($A12,'GPA Matrix'!$B$2:$U$2,0)),"")) -> 3.3063156 | D12: =IF(IFERROR(INDEX('GPA Matrix'!$B$41:$U$41,MATCH($A12,'GPA Matrix'!$B$2:$U$2,0)),"")="","",IFERROR(INDEX('GPA Matrix'!$B$41:$U$41,MATCH($A12,'GPA Matrix'!$B$2:$U$2,0)),"")) -> 3.266 | E12: =IFERROR(IF(INDEX('Campus Stats'!$C$2:$C$37,MATCH($A12,'Campus Stats'!$A$2:$A$37,0))="","",INDEX('Campus Stats'!$C$2:$C$37,MATCH($A12,'Campus Stats'!$A$2:$A$37,0))),"") -> 3.161 | F12: =IFERROR(IF(INDEX('Campus Stats'!$F$2:$F$37,MATCH($A12,'Campus Stats'!$A$2:$A$37,0))="","",INDEX('Campus Stats'!$F$2:$F$37,MATCH($A12,'Campus Stats'!$A$2:$A$37,0))),"") -> 3.29 | G12: =IF(OR(B12="",C12=""),"",B12-C12) -> 0.0096843641 | H12: =IF(IFERROR(INDEX('GPA Matrix'!$B$44:$U$44,MATCH($A12,'GPA Matrix'!$B$2:$U$2,0)),"")="","",IFERROR(INDEX('GPA Matrix'!$B$44:$U$44,MATCH($A12,'GPA Matrix'!$B$2:$U$2,0)),"")) -> 10 | I12: =IF(H12="","",IFERROR(INDEX('GPA Matrix'!$B$39:$U$39,MATCH($A12,'GPA Matrix'!$B$2:$U$2,0)),"")) -> 25 | K12: =IF(IFERROR(INDEX('Members Matrix'!$B$43:$U$43,MATCH($A12,'Members Matrix'!$B$2:$U$2,0)),"")="","",IFERROR(INDEX('Members Matrix'!$B$43:$U$43,MATCH($A12,'Members Matrix'!$B$2:$U$2,0)),"")) -> 68 | L12: =IF(IFERROR(INDEX('Members Matrix'!$B$42:$U$42,MATCH($A12,'Members Matrix'!$B$2:$U$2,0)),"")="","",IFERROR(INDEX('Members Matrix'!$B$42:$U$42,MATCH($A12,'Members Matrix'!$B$2:$U$2,0)),"")) -> 68 | M12: =IF(IFERROR(INDEX('Members Matrix'!$B$44:$U$44,MATCH($A12,'Members Matrix'!$B$2:$U$2,0)),"")="","",IFERROR(INDEX('Members Matrix'!$B$44:$U$44,MATCH($A12,'Members Matrix'!$B$2:$U$2,0)),"")) -> 13 | N12: =IF(IFERROR(INDEX('Members Matrix'!$B$45:$U$45,MATCH($A12,'Members Matrix'!$B$2:$U$2,0)),"")="","",IFERROR(INDEX('Members Matrix'!$B$45:$U$45,MATCH($A12,'Members Matrix'!$B$2:$U$2,0)),"")) -> 100 | O12: =IF(IFERROR(INDEX('New Members Matrix'!$B$43:$U$43,MATCH($A12,'New Members Matrix'!$B$2:$U$2,0)),"")="","",IFERROR(INDEX('New Members Matrix'!$B$43:$U$43,MATCH($A12,'New Members Matrix'!$B$2:$U$2,0)),"")) | P12: =IF(IFERROR(INDEX('New Members Matrix'!$B$41:$U$41,MATCH($A12,'New Members Matrix'!$B$2:$U$2,0)),"")="","",IFERROR(INDEX('New Members Matrix'!$B$41:$U$41,MATCH($A12,'New Members Matrix'!$B$2:$U$2,0)),"")) | Q12: =IF(IFERROR(INDEX('New Members Matrix'!$B$42:$U$42,MATCH($A12,'New Members Matrix'!$B$2:$U$2,0)),"")="","",IFERROR(INDEX('New Members Matrix'!$B$42:$U$42,MATCH($A12,'New Members Matrix'!$B$2:$U$2,0)),"")) | R12: =IF(IFERROR(INDEX('New Members Matrix'!$B$44:$U$44,MATCH($A12,'New Members Matrix'!$B$2:$U$2,0)),"")="","",IFERROR(INDEX('New Members Matrix'!$B$44:$U$44,MATCH($A12,'New Members Matrix'!$B$2:$U$2,0)),"")) | S12: =IF(IFERROR(INDEX('New Members Matrix'!$B$45:$U$45,MATCH($A12,'New Members Matrix'!$B$2:$U$2,0)),"")="","",IFERROR(INDEX('New Members Matrix'!$B$45:$U$45,MATCH($A12,'New Members Matrix'!$B$2:$U$2,0)),"")) | T12: =IFERROR(IF(COUNTIFS('Chapter Data'!$A$2:$A$2500,$A12,'Chapter Data'!$D$2:$D$2500,OurChapter,'Chapter Data'!$J$2:$J$2500,"<>")=0,"",SUMIFS('Chapter Data'!$J$2:$J$2500,'Chapter Data'!$A$2:$A$2500,$A12,'Chapter Data'!$D$2:$D$2500,OurChapter)),"") | U12: =IFERROR(IF(COUNTIFS('Chapter Data'!$A$2:$A$2500,$A12,'Chapter Data'!$D$2:$D$2500,OurChapter,'Chapter Data'!$K$2:$K$2500,"<>")=0,"",SUMIFS('Chapter Data'!$K$2:$K$2500,'Chapter Data'!$A$2:$A$2500,$A12,'Chapter Data'!$D$2:$D$2500,OurChapter)),"") | V12: {=IF(COUNTIFS('Chapter Data'!$A$2:$A$2500,$A12,'Chapter Data'!$C$2:$C$2500,"IFC",'Chapter Data'!$K$2:$K$2500,">=0")<MinChapters,"",MEDIAN(IF(('Chapter Data'!$A$2:$A$2500=$A12)*('Chapter Data'!$C$2:$C$2500="IFC")*ISNUMBER('Chapter Data'!$K$2:$K$2500),'Chapter Data'!$K$2:$K$2500)))}
A13: Fall 2022 | B13: =IF(IFERROR(INDEX('GPA Matrix'!$B$43:$U$43,MATCH($A13,'GPA Matrix'!$B$2:$U$2,0)),"")="","",IFERROR(INDEX('GPA Matrix'!$B$43:$U$43,MATCH($A13,'GPA Matrix'!$B$2:$U$2,0)),"")) -> 3.096 | C13: =IF(IFERROR(INDEX('GPA Matrix'!$B$40:$U$40,MATCH($A13,'GPA Matrix'!$B$2:$U$2,0)),"")="","",IFERROR(INDEX('GPA Matrix'!$B$40:$U$40,MATCH($A13,'GPA Matrix'!$B$2:$U$2,0)),"")) -> 3.2802256 | D13: =IF(IFERROR(INDEX('GPA Matrix'!$B$41:$U$41,MATCH($A13,'GPA Matrix'!$B$2:$U$2,0)),"")="","",IFERROR(INDEX('GPA Matrix'!$B$41:$U$41,MATCH($A13,'GPA Matrix'!$B$2:$U$2,0)),"")) -> 3.2415 | E13: =IFERROR(IF(INDEX('Campus Stats'!$C$2:$C$37,MATCH($A13,'Campus Stats'!$A$2:$A$37,0))="","",INDEX('Campus Stats'!$C$2:$C$37,MATCH($A13,'Campus Stats'!$A$2:$A$37,0))),"") -> 3.131 | F13: =IFERROR(IF(INDEX('Campus Stats'!$F$2:$F$37,MATCH($A13,'Campus Stats'!$A$2:$A$37,0))="","",INDEX('Campus Stats'!$F$2:$F$37,MATCH($A13,'Campus Stats'!$A$2:$A$37,0))),"") -> 3.265 | G13: =IF(OR(B13="",C13=""),"",B13-C13) -> -0.18422559 | H13: =IF(IFERROR(INDEX('GPA Matrix'!$B$44:$U$44,MATCH($A13,'GPA Matrix'!$B$2:$U$2,0)),"")="","",IFERROR(INDEX('GPA Matrix'!$B$44:$U$44,MATCH($A13,'GPA Matrix'!$B$2:$U$2,0)),"")) -> 18 | I13: =IF(H13="","",IFERROR(INDEX('GPA Matrix'!$B$39:$U$39,MATCH($A13,'GPA Matrix'!$B$2:$U$2,0)),"")) -> 24 | K13: =IF(IFERROR(INDEX('Members Matrix'!$B$43:$U$43,MATCH($A13,'Members Matrix'!$B$2:$U$2,0)),"")="","",IFERROR(INDEX('Members Matrix'!$B$43:$U$43,MATCH($A13,'Members Matrix'!$B$2:$U$2,0)),"")) -> 71 | L13: =IF(IFERROR(INDEX('Members Matrix'!$B$42:$U$42,MATCH($A13,'Members Matrix'!$B$2:$U$2,0)),"")="","",IFERROR(INDEX('Members Matrix'!$B$42:$U$42,MATCH($A13,'Members Matrix'!$B$2:$U$2,0)),"")) -> 77 | M13: =IF(IFERROR(INDEX('Members Matrix'!$B$44:$U$44,MATCH($A13,'Members Matrix'!$B$2:$U$2,0)),"")="","",IFERROR(INDEX('Members Matrix'!$B$44:$U$44,MATCH($A13,'Members Matrix'!$B$2:$U$2,0)),"")) -> 13 | N13: =IF(IFERROR(INDEX('Members Matrix'!$B$45:$U$45,MATCH($A13,'Members Matrix'!$B$2:$U$2,0)),"")="","",IFERROR(INDEX('Members Matrix'!$B$45:$U$45,MATCH($A13,'Members Matrix'!$B$2:$U$2,0)),"")) -> 92.207792 | O13: =IF(IFERROR(INDEX('New Members Matrix'!$B$43:$U$43,MATCH($A13,'New Members Matrix'!$B$2:$U$2,0)),"")="","",IFERROR(INDEX('New Members Matrix'!$B$43:$U$43,MATCH($A13,'New Members Matrix'!$B$2:$U$2,0)),"")) -> 17 | P13: =IF(IFERROR(INDEX('New Members Matrix'!$B$41:$U$41,MATCH($A13,'New Members Matrix'!$B$2:$U$2,0)),"")="","",IFERROR(INDEX('New Members Matrix'!$B$41:$U$41,MATCH($A13,'New Members Matrix'!$B$2:$U$2,0)),"")) -> 19.791667 | Q13: =IF(IFERROR(INDEX('New Members Matrix'!$B$42:$U$42,MATCH($A13,'New Members Matrix'!$B$2:$U$2,0)),"")="","",IFERROR(INDEX('New Members Matrix'!$B$42:$U$42,MATCH($A13,'New Members Matrix'!$B$2:$U$2,0)),"")) -> 21.5 | R13: =IF(IFERROR(INDEX('New Members Matrix'!$B$44:$U$44,MATCH($A13,'New Members Matrix'!$B$2:$U$2,0)),"")="","",IFERROR(INDEX('New Members Matrix'!$B$44:$U$44,MATCH($A13,'New Members Matrix'!$B$2:$U$2,0)),"")) -> 14 | S13: =IF(IFERROR(INDEX('New Members Matrix'!$B$45:$U$45,MATCH($A13,'New Members Matrix'!$B$2:$U$2,0)),"")="","",IFERROR(INDEX('New Members Matrix'!$B$45:$U$45,MATCH($A13,'New Members Matrix'!$B$2:$U$2,0)),"")) -> 0.035789474 | T13: =IFERROR(IF(COUNTIFS('Chapter Data'!$A$2:$A$2500,$A13,'Chapter Data'!$D$2:$D$2500,OurChapter,'Chapter Data'!$J$2:$J$2500,"<>")=0,"",SUMIFS('Chapter Data'!$J$2:$J$2500,'Chapter Data'!$A$2:$A$2500,$A13,'Chapter Data'!$D$2:$D$2500,OurChapter)),"") | U13: =IFERROR(IF(COUNTIFS('Chapter Data'!$A$2:$A$2500,$A13,'Chapter Data'!$D$2:$D$2500,OurChapter,'Chapter Data'!$K$2:$K$2500,"<>")=0,"",SUMIFS('Chapter Data'!$K$2:$K$2500,'Chapter Data'!$A$2:$A$2500,$A13,'Chapter Data'!$D$2:$D$2500,OurChapter)),"") | V13: {=IF(COUNTIFS('Chapter Data'!$A$2:$A$2500,$A13,'Chapter Data'!$C$2:$C$2500,"IFC",'Chapter Data'!$K$2:$K$2500,">=0")<MinChapters,"",MEDIAN(IF(('Chapter Data'!$A$2:$A$2500=$A13)*('Chapter Data'!$C$2:$C$2500="IFC")*ISNUMBER('Chapter Data'!$K$2:$K$2500),'Chapter Data'!$K$2:$K$2500)))}
A14: Spring 2023 | B14: =IF(IFERROR(INDEX('GPA Matrix'!$B$43:$U$43,MATCH($A14,'GPA Matrix'!$B$2:$U$2,0)),"")="","",IFERROR(INDEX('GPA Matrix'!$B$43:$U$43,MATCH($A14,'GPA Matrix'!$B$2:$U$2,0)),"")) -> 3.121 | C14: =IF(IFERROR(INDEX('GPA Matrix'!$B$40:$U$40,MATCH($A14,'GPA Matrix'!$B$2:$U$2,0)),"")="","",IFERROR(INDEX('GPA Matrix'!$B$40:$U$40,MATCH($A14,'GPA Matrix'!$B$2:$U$2,0)),"")) -> 3.3549002 | D14: =IF(IFERROR(INDEX('GPA Matrix'!$B$41:$U$41,MATCH($A14,'GPA Matrix'!$B$2:$U$2,0)),"")="","",IFERROR(INDEX('GPA Matrix'!$B$41:$U$41,MATCH($A14,'GPA Matrix'!$B$2:$U$2,0)),"")) -> 3.287 | E14: =IFERROR(IF(INDEX('Campus Stats'!$C$2:$C$37,MATCH($A14,'Campus Stats'!$A$2:$A$37,0))="","",INDEX('Campus Stats'!$C$2:$C$37,MATCH($A14,'Campus Stats'!$A$2:$A$37,0))),"") -> 3.198 | F14: =IFERROR(IF(INDEX('Campus Stats'!$F$2:$F$37,MATCH($A14,'Campus Stats'!$A$2:$A$37,0))="","",INDEX('Campus Stats'!$F$2:$F$37,MATCH($A14,'Campus Stats'!$A$2:$A$37,0))),"") -> 3.337 | G14: =IF(OR(B14="",C14=""),"",B14-C14) -> -0.23390018 | H14: =IF(IFERROR(INDEX('GPA Matrix'!$B$44:$U$44,MATCH($A14,'GPA Matrix'!$B$2:$U$2,0)),"")="","",IFERROR(INDEX('GPA Matrix'!$B$44:$U$44,MATCH($A14,'GPA Matrix'!$B$2:$U$2,0)),"")) -> 19 | I14: =IF(H14="","",IFERROR(INDEX('GPA Matrix'!$B$39:$U$39,MATCH($A14,'GPA Matrix'!$B$2:$U$2,0)),"")) -> 25 | K14: =IF(IFERROR(INDEX('Members Matrix'!$B$43:$U$43,MATCH($A14,'Members Matrix'!$B$2:$U$2,0)),"")="","",IFERROR(INDEX('Members Matrix'!$B$43:$U$43,MATCH($A14,'Members Matrix'!$B$2:$U$2,0)),"")) -> 71 | L14: =IF(IFERROR(INDEX('Members Matrix'!$B$42:$U$42,MATCH($A14,'Members Matrix'!$B$2:$U$2,0)),"")="","",IFERROR(INDEX('Members Matrix'!$B$42:$U$42,MATCH($A14,'Members Matrix'!$B$2:$U$2,0)),"")) -> 71 | M14: =IF(IFERROR(INDEX('Members Matrix'!$B$44:$U$44,MATCH($A14,'Members Matrix'!$B$2:$U$2,0)),"")="","",IFERROR(INDEX('Members Matrix'!$B$44:$U$44,MATCH($A14,'Members Matrix'!$B$2:$U$2,0)),"")) -> 13 | N14: =IF(IFERROR(INDEX('Members Matrix'!$B$45:$U$45,MATCH($A14,'Members Matrix'!$B$2:$U$2,0)),"")="","",IFERROR(INDEX('Members Matrix'!$B$45:$U$45,MATCH($A14,'Members Matrix'!$B$2:$U$2,0)),"")) -> 100 | O14: =IF(IFERROR(INDEX('New Members Matrix'!$B$43:$U$43,MATCH($A14,'New Members Matrix'!$B$2:$U$2,0)),"")="","",IFERROR(INDEX('New Members Matrix'!$B$43:$U$43,MATCH($A14,'New Members Matrix'!$B$2:$U$2,0)),"")) -> 6 | P14: =IF(IFERROR(INDEX('New Members Matrix'!$B$41:$U$41,MATCH($A14,'New Members Matrix'!$B$2:$U$2,0)),"")="","",IFERROR(INDEX('New Members Matrix'!$B$41:$U$41,MATCH($A14,'New Members Matrix'!$B$2:$U$2,0)),"")) -> 5.9411765 | Q14: =IF(IFERROR(INDEX('New Members Matrix'!$B$42:$U$42,MATCH($A14,'New Members Matrix'!$B$2:$U$2,0)),"")="","",IFERROR(INDEX('New Members Matrix'!$B$42:$U$42,MATCH($A14,'New Members Matrix'!$B$2:$U$2,0)),"")) -> 5 | R14: =IF(IFERROR(INDEX('New Members Matrix'!$B$44:$U$44,MATCH($A14,'New Members Matrix'!$B$2:$U$2,0)),"")="","",IFERROR(INDEX('New Members Matrix'!$B$44:$U$44,MATCH($A14,'New Members Matrix'!$B$2:$U$2,0)),"")) -> 6 | S14: =IF(IFERROR(INDEX('New Members Matrix'!$B$45:$U$45,MATCH($A14,'New Members Matrix'!$B$2:$U$2,0)),"")="","",IFERROR(INDEX('New Members Matrix'!$B$45:$U$45,MATCH($A14,'New Members Matrix'!$B$2:$U$2,0)),"")) -> 0.059405941 | T14: =IFERROR(IF(COUNTIFS('Chapter Data'!$A$2:$A$2500,$A14,'Chapter Data'!$D$2:$D$2500,OurChapter,'Chapter Data'!$J$2:$J$2500,"<>")=0,"",SUMIFS('Chapter Data'!$J$2:$J$2500,'Chapter Data'!$A$2:$A$2500,$A14,'Chapter Data'!$D$2:$D$2500,OurChapter)),"") | U14: =IFERROR(IF(COUNTIFS('Chapter Data'!$A$2:$A$2500,$A14,'Chapter Data'!$D$2:$D$2500,OurChapter,'Chapter Data'!$K$2:$K$2500,"<>")=0,"",SUMIFS('Chapter Data'!$K$2:$K$2500,'Chapter Data'!$A$2:$A$2500,$A14,'Chapter Data'!$D$2:$D$2500,OurChapter)),"") | V14: {=IF(COUNTIFS('Chapter Data'!$A$2:$A$2500,$A14,'Chapter Data'!$C$2:$C$2500,"IFC",'Chapter Data'!$K$2:$K$2500,">=0")<MinChapters,"",MEDIAN(IF(('Chapter Data'!$A$2:$A$2500=$A14)*('Chapter Data'!$C$2:$C$2500="IFC")*ISNUMBER('Chapter Data'!$K$2:$K$2500),'Chapter Data'!$K$2:$K$2500)))}
A15: Fall 2023 | B15: =IF(IFERROR(INDEX('GPA Matrix'!$B$43:$U$43,MATCH($A15,'GPA Matrix'!$B$2:$U$2,0)),"")="","",IFERROR(INDEX('GPA Matrix'!$B$43:$U$43,MATCH($A15,'GPA Matrix'!$B$2:$U$2,0)),"")) -> 2.997 | C15: =IF(IFERROR(INDEX('GPA Matrix'!$B$40:$U$40,MATCH($A15,'GPA Matrix'!$B$2:$U$2,0)),"")="","",IFERROR(INDEX('GPA Matrix'!$B$40:$U$40,MATCH($A15,'GPA Matrix'!$B$2:$U$2,0)),"")) -> 3.2816753 | D15: =IF(IFERROR(INDEX('GPA Matrix'!$B$41:$U$41,MATCH($A15,'GPA Matrix'!$B$2:$U$2,0)),"")="","",IFERROR(INDEX('GPA Matrix'!$B$41:$U$41,MATCH($A15,'GPA Matrix'!$B$2:$U$2,0)),"")) -> 3.199 | E15: =IFERROR(IF(INDEX('Campus Stats'!$C$2:$C$37,MATCH($A15,'Campus Stats'!$A$2:$A$37,0))="","",INDEX('Campus Stats'!$C$2:$C$37,MATCH($A15,'Campus Stats'!$A$2:$A$37,0))),"") -> 3.132 | F15: =IFERROR(IF(INDEX('Campus Stats'!$F$2:$F$37,MATCH($A15,'Campus Stats'!$A$2:$A$37,0))="","",INDEX('Campus Stats'!$F$2:$F$37,MATCH($A15,'Campus Stats'!$A$2:$A$37,0))),"") -> 3.257 | G15: =IF(OR(B15="",C15=""),"",B15-C15) -> -0.28467533 | H15: =IF(IFERROR(INDEX('GPA Matrix'!$B$44:$U$44,MATCH($A15,'GPA Matrix'!$B$2:$U$2,0)),"")="","",IFERROR(INDEX('GPA Matrix'!$B$44:$U$44,MATCH($A15,'GPA Matrix'!$B$2:$U$2,0)),"")) -> 19 | I15: =IF(H15="","",IFERROR(INDEX('GPA Matrix'!$B$39:$U$39,MATCH($A15,'GPA Matrix'!$B$2:$U$2,0)),"")) -> 25 | K15: =IF(IFERROR(INDEX('Members Matrix'!$B$43:$U$43,MATCH($A15,'Members Matrix'!$B$2:$U$2,0)),"")="","",IFERROR(INDEX('Members Matrix'!$B$43:$U$43,MATCH($A15,'Members Matrix'!$B$2:$U$2,0)),"")) -> 60 | L15: =IF(IFERROR(INDEX('Members Matrix'!$B$42:$U$42,MATCH($A15,'Members Matrix'!$B$2:$U$2,0)),"")="","",IFERROR(INDEX('Members Matrix'!$B$42:$U$42,MATCH($A15,'Members Matrix'!$B$2:$U$2,0)),"")) -> 66 | M15: =IF(IFERROR(INDEX('Members Matrix'!$B$44:$U$44,MATCH($A15,'Members Matrix'!$B$2:$U$2,0)),"")="","",IFERROR(INDEX('Members Matrix'!$B$44:$U$44,MATCH($A15,'Members Matrix'!$B$2:$U$2,0)),"")) -> 15 | N15: =IF(IFERROR(INDEX('Members Matrix'!$B$45:$U$45,MATCH($A15,'Members Matrix'!$B$2:$U$2,0)),"")="","",IFERROR(INDEX('Members Matrix'!$B$45:$U$45,MATCH($A15,'Members Matrix'!$B$2:$U$2,0)),"")) -> 90.909091 | O15: =IF(IFERROR(INDEX('New Members Matrix'!$B$43:$U$43,MATCH($A15,'New Members Matrix'!$B$2:$U$2,0)),"")="","",IFERROR(INDEX('New Members Matrix'!$B$43:$U$43,MATCH($A15,'New Members Matrix'!$B$2:$U$2,0)),"")) | P15: =IF(IFERROR(INDEX('New Members Matrix'!$B$41:$U$41,MATCH($A15,'New Members Matrix'!$B$2:$U$2,0)),"")="","",IFERROR(INDEX('New Members Matrix'!$B$41:$U$41,MATCH($A15,'New Members Matrix'!$B$2:$U$2,0)),"")) | Q15: =IF(IFERROR(INDEX('New Members Matrix'!$B$42:$U$42,MATCH($A15,'New Members Matrix'!$B$2:$U$2,0)),"")="","",IFERROR(INDEX('New Members Matrix'!$B$42:$U$42,MATCH($A15,'New Members Matrix'!$B$2:$U$2,0)),"")) | R15: =IF(IFERROR(INDEX('New Members Matrix'!$B$44:$U$44,MATCH($A15,'New Members Matrix'!$B$2:$U$2,0)),"")="","",IFERROR(INDEX('New Members Matrix'!$B$44:$U$44,MATCH($A15,'New Members Matrix'!$B$2:$U$2,0)),"")) | S15: =IF(IFERROR(INDEX('New Members Matrix'!$B$45:$U$45,MATCH($A15,'New Members Matrix'!$B$2:$U$2,0)),"")="","",IFERROR(INDEX('New Members Matrix'!$B$45:$U$45,MATCH($A15,'New Members Matrix'!$B$2:$U$2,0)),"")) | T15: =IFERROR(IF(COUNTIFS('Chapter Data'!$A$2:$A$2500,$A15,'Chapter Data'!$D$2:$D$2500,OurChapter,'Chapter Data'!$J$2:$J$2500,"<>")=0,"",SUMIFS('Chapter Data'!$J$2:$J$2500,'Chapter Data'!$A$2:$A$2500,$A15,'Chapter Data'!$D$2:$D$2500,OurChapter)),"") | U15: =IFERROR(IF(COUNTIFS('Chapter Data'!$A$2:$A$2500,$A15,'Chapter Data'!$D$2:$D$2500,OurChapter,'Chapter Data'!$K$2:$K$2500,"<>")=0,"",SUMIFS('Chapter Data'!$K$2:$K$2500,'Chapter Data'!$A$2:$A$2500,$A15,'Chapter Data'!$D$2:$D$2500,OurChapter)),"") | V15: {=IF(COUNTIFS('Chapter Data'!$A$2:$A$2500,$A15,'Chapter Data'!$C$2:$C$2500,"IFC",'Chapter Data'!$K$2:$K$2500,">=0")<MinChapters,"",MEDIAN(IF(('Chapter Data'!$A$2:$A$2500=$A15)*('Chapter Data'!$C$2:$C$2500="IFC")*ISNUMBER('Chapter Data'!$K$2:$K$2500),'Chapter Data'!$K$2:$K$2500)))}
A16: Spring 2024 | B16: =IF(IFERROR(INDEX('GPA Matrix'!$B$43:$U$43,MATCH($A16,'GPA Matrix'!$B$2:$U$2,0)),"")="","",IFERROR(INDEX('GPA Matrix'!$B$43:$U$43,MATCH($A16,'GPA Matrix'!$B$2:$U$2,0)),"")) -> 3.321 | C16: =IF(IFERROR(INDEX('GPA Matrix'!$B$40:$U$40,MATCH($A16,'GPA Matrix'!$B$2:$U$2,0)),"")="","",IFERROR(INDEX('GPA Matrix'!$B$40:$U$40,MATCH($A16,'GPA Matrix'!$B$2:$U$2,0)),"")) -> 3.3417106 | D16: =IF(IFERROR(INDEX('GPA Matrix'!$B$41:$U$41,MATCH($A16,'GPA Matrix'!$B$2:$U$2,0)),"")="","",IFERROR(INDEX('GPA Matrix'!$B$41:$U$41,MATCH($A16,'GPA Matrix'!$B$2:$U$2,0)),"")) -> 3.313 | E16: =IFERROR(IF(INDEX('Campus Stats'!$C$2:$C$37,MATCH($A16,'Campus Stats'!$A$2:$A$37,0))="","",INDEX('Campus Stats'!$C$2:$C$37,MATCH($A16,'Campus Stats'!$A$2:$A$37,0))),"") -> 3.208 | F16: =IFERROR(IF(INDEX('Campus Stats'!$F$2:$F$37,MATCH($A16,'Campus Stats'!$A$2:$A$37,0))="","",INDEX('Campus Stats'!$F$2:$F$37,MATCH($A16,'Campus Stats'!$A$2:$A$37,0))),"") -> 3.328 | G16: =IF(OR(B16="",C16=""),"",B16-C16) -> -0.020710631 | H16: =IF(IFERROR(INDEX('GPA Matrix'!$B$44:$U$44,MATCH($A16,'GPA Matrix'!$B$2:$U$2,0)),"")="","",IFERROR(INDEX('GPA Matrix'!$B$44:$U$44,MATCH($A16,'GPA Matrix'!$B$2:$U$2,0)),"")) -> 11 | I16: =IF(H16="","",IFERROR(INDEX('GPA Matrix'!$B$39:$U$39,MATCH($A16,'GPA Matrix'!$B$2:$U$2,0)),"")) -> 25 | K16: =IF(IFERROR(INDEX('Members Matrix'!$B$43:$U$43,MATCH($A16,'Members Matrix'!$B$2:$U$2,0)),"")="","",IFERROR(INDEX('Members Matrix'!$B$43:$U$43,MATCH($A16,'Members Matrix'!$B$2:$U$2,0)),"")) -> 48 | L16: =IF(IFERROR(INDEX('Members Matrix'!$B$42:$U$42,MATCH($A16,'Members Matrix'!$B$2:$U$2,0)),"")="","",IFERROR(INDEX('Members Matrix'!$B$42:$U$42,MATCH($A16,'Members Matrix'!$B$2:$U$2,0)),"")) -> 68 | M16: =IF(IFERROR(INDEX('Members Matrix'!$B$44:$U$44,MATCH($A16,'Members Matrix'!$B$2:$U$2,0)),"")="","",IFERROR(INDEX('Members Matrix'!$B$44:$U$44,MATCH($A16,'Members Matrix'!$B$2:$U$2,0)),"")) -> 15 | N16: =IF(IFERROR(INDEX('Members Matrix'!$B$45:$U$45,MATCH($A16,'Members Matrix'!$B$2:$U$2,0)),"")="","",IFERROR(INDEX('Members Matrix'!$B$45:$U$45,MATCH($A16,'Members Matrix'!$B$2:$U$2,0)),"")) -> 70.588235 | O16: =IF(IFERROR(INDEX('New Members Matrix'!$B$43:$U$43,MATCH($A16,'New Members Matrix'!$B$2:$U$2,0)),"")="","",IFERROR(INDEX('New Members Matrix'!$B$43:$U$43,MATCH($A16,'New Members Matrix'!$B$2:$U$2,0)),"")) -> 5 | P16: =IF(IFERROR(INDEX('New Members Matrix'!$B$41:$U$41,MATCH($A16,'New Members Matrix'!$B$2:$U$2,0)),"")="","",IFERROR(INDEX('New Members Matrix'!$B$41:$U$41,MATCH($A16,'New Members Matrix'!$B$2:$U$2,0)),"")) -> 3.8 | Q16: =IF(IFERROR(INDEX('New Members Matrix'!$B$42:$U$42,MATCH($A16,'New Members Matrix'!$B$2:$U$2,0)),"")="","",IFERROR(INDEX('New Members Matrix'!$B$42:$U$42,MATCH($A16,'New Members Matrix'!$B$2:$U$2,0)),"")) -> 3 | R16: =IF(IFERROR(INDEX('New Members Matrix'!$B$44:$U$44,MATCH($A16,'New Members Matrix'!$B$2:$U$2,0)),"")="","",IFERROR(INDEX('New Members Matrix'!$B$44:$U$44,MATCH($A16,'New Members Matrix'!$B$2:$U$2,0)),"")) -> 5 | S16: =IF(IFERROR(INDEX('New Members Matrix'!$B$45:$U$45,MATCH($A16,'New Members Matrix'!$B$2:$U$2,0)),"")="","",IFERROR(INDEX('New Members Matrix'!$B$45:$U$45,MATCH($A16,'New Members Matrix'!$B$2:$U$2,0)),"")) -> 0.052631579 | T16: =IFERROR(IF(COUNTIFS('Chapter Data'!$A$2:$A$2500,$A16,'Chapter Data'!$D$2:$D$2500,OurChapter,'Chapter Data'!$J$2:$J$2500,"<>")=0,"",SUMIFS('Chapter Data'!$J$2:$J$2500,'Chapter Data'!$A$2:$A$2500,$A16,'Chapter Data'!$D$2:$D$2500,OurChapter)),"") | U16: =IFERROR(IF(COUNTIFS('Chapter Data'!$A$2:$A$2500,$A16,'Chapter Data'!$D$2:$D$2500,OurChapter,'Chapter Data'!$K$2:$K$2500,"<>")=0,"",SUMIFS('Chapter Data'!$K$2:$K$2500,'Chapter Data'!$A$2:$A$2500,$A16,'Chapter Data'!$D$2:$D$2500,OurChapter)),"") | V16: {=IF(COUNTIFS('Chapter Data'!$A$2:$A$2500,$A16,'Chapter Data'!$C$2:$C$2500,"IFC",'Chapter Data'!$K$2:$K$2500,">=0")<MinChapters,"",MEDIAN(IF(('Chapter Data'!$A$2:$A$2500=$A16)*('Chapter Data'!$C$2:$C$2500="IFC")*ISNUMBER('Chapter Data'!$K$2:$K$2500),'Chapter Data'!$K$2:$K$2500)))}
... A24: Spring 2028 | B24: =IF(IFERROR(INDEX('GPA Matrix'!$B$43:$U$43,MATCH($A24,'GPA Matrix'!$B$2:$U$2,0)),"")="","",IFERROR(INDEX('GPA Matrix'!$B$43:$U$43,MATCH($A24,'GPA Matrix'!$B$2:$U$2,0)),"")) | C24: =IF(IFERROR(INDEX('GPA Matrix'!$B$40:$U$40,MATCH($A24,'GPA Matrix'!$B$2:$U$2,0)),"")="","",IFERROR(INDEX('GPA Matrix'!$B$40:$U$40,MATCH($A24,'GPA Matrix'!$B$2:$U$2,0)),"")) | D24: =IF(IFERROR(INDEX('GPA Matrix'!$B$41:$U$41,MATCH($A24,'GPA Matrix'!$B$2:$U$2,0)),"")="","",IFERROR(INDEX('GPA Matrix'!$B$41:$U$41,MATCH($A24,'GPA Matrix'!$B$2:$U$2,0)),"")) | E24: =IFERROR(IF(INDEX('Campus Stats'!$C$2:$C$37,MATCH($A24,'Campus Stats'!$A$2:$A$37,0))="","",INDEX('Campus Stats'!$C$2:$C$37,MATCH($A24,'Campus Stats'!$A$2:$A$37,0))),"") | F24: =IFERROR(IF(INDEX('Campus Stats'!$F$2:$F$37,MATCH($A24,'Campus Stats'!$A$2:$A$37,0))="","",INDEX('Campus Stats'!$F$2:$F$37,MATCH($A24,'Campus Stats'!$A$2:$A$37,0))),"") | G24: =IF(OR(B24="",C24=""),"",B24-C24) | H24: =IF(IFERROR(INDEX('GPA Matrix'!$B$44:$U$44,MATCH($A24,'GPA Matrix'!$B$2:$U$2,0)),"")="","",IFERROR(INDEX('GPA Matrix'!$B$44:$U$44,MATCH($A24,'GPA Matrix'!$B$2:$U$2,0)),"")) | I24: =IF(H24="","",IFERROR(INDEX('GPA Matrix'!$B$39:$U$39,MATCH($A24,'GPA Matrix'!$B$2:$U$2,0)),"")) | K24: =IF(IFERROR(INDEX('Members Matrix'!$B$43:$U$43,MATCH($A24,'Members Matrix'!$B$2:$U$2,0)),"")="","",IFERROR(INDEX('Members Matrix'!$B$43:$U$43,MATCH($A24,'Members Matrix'!$B$2:$U$2,0)),"")) | L24: =IF(IFERROR(INDEX('Members Matrix'!$B$42:$U$42,MATCH($A24,'Members Matrix'!$B$2:$U$2,0)),"")="","",IFERROR(INDEX('Members Matrix'!$B$42:$U$42,MATCH($A24,'Members Matrix'!$B$2:$U$2,0)),"")) | M24: =IF(IFERROR(INDEX('Members Matrix'!$B$44:$U$44,MATCH($A24,'Members Matrix'!$B$2:$U$2,0)),"")="","",IFERROR(INDEX('Members Matrix'!$B$44:$U$44,MATCH($A24,'Members Matrix'!$B$2:$U$2,0)),"")) | N24: =IF(IFERROR(INDEX('Members Matrix'!$B$45:$U$45,MATCH($A24,'Members Matrix'!$B$2:$U$2,0)),"")="","",IFERROR(INDEX('Members Matrix'!$B$45:$U$45,MATCH($A24,'Members Matrix'!$B$2:$U$2,0)),"")) | O24: =IF(IFERROR(INDEX('New Members Matrix'!$B$43:$U$43,MATCH($A24,'New Members Matrix'!$B$2:$U$2,0)),"")="","",IFERROR(INDEX('New Members Matrix'!$B$43:$U$43,MATCH($A24,'New Members Matrix'!$B$2:$U$2,0)),"")) | P24: =IF(IFERROR(INDEX('New Members Matrix'!$B$41:$U$41,MATCH($A24,'New Members Matrix'!$B$2:$U$2,0)),"")="","",IFERROR(INDEX('New Members Matrix'!$B$41:$U$41,MATCH($A24,'New Members Matrix'!$B$2:$U$2,0)),"")) | Q24: =IF(IFERROR(INDEX('New Members Matrix'!$B$42:$U$42,MATCH($A24,'New Members Matrix'!$B$2:$U$2,0)),"")="","",IFERROR(INDEX('New Members Matrix'!$B$42:$U$42,MATCH($A24,'New Members Matrix'!$B$2:$U$2,0)),"")) | R24: =IF(IFERROR(INDEX('New Members Matrix'!$B$44:$U$44,MATCH($A24,'New Members Matrix'!$B$2:$U$2,0)),"")="","",IFERROR(INDEX('New Members Matrix'!$B$44:$U$44,MATCH($A24,'New Members Matrix'!$B$2:$U$2,0)),"")) | S24: =IF(IFERROR(INDEX('New Members Matrix'!$B$45:$U$45,MATCH($A24,'New Members Matrix'!$B$2:$U$2,0)),"")="","",IFERROR(INDEX('New Members Matrix'!$B$45:$U$45,MATCH($A24,'New Members Matrix'!$B$2:$U$2,0)),"")) | T24: =IFERROR(IF(COUNTIFS('Chapter Data'!$A$2:$A$2500,$A24,'Chapter Data'!$D$2:$D$2500,OurChapter,'Chapter Data'!$J$2:$J$2500,"<>")=0,"",SUMIFS('Chapter Data'!$J$2:$J$2500,'Chapter Data'!$A$2:$A$2500,$A24,'Chapter Data'!$D$2:$D$2500,OurChapter)),"") | U24: =IFERROR(IF(COUNTIFS('Chapter Data'!$A$2:$A$2500,$A24,'Chapter Data'!$D$2:$D$2500,OurChapter,'Chapter Data'!$K$2:$K$2500,"<>")=0,"",SUMIFS('Chapter Data'!$K$2:$K$2500,'Chapter Data'!$A$2:$A$2500,$A24,'Chapter Data'!$D$2:$D$2500,OurChapter)),"") | V24: {=IF(COUNTIFS('Chapter Data'!$A$2:$A$2500,$A24,'Chapter Data'!$C$2:$C$2500,"IFC",'Chapter Data'!$K$2:$K$2500,">=0")<MinChapters,"",MEDIAN(IF(('Chapter Data'!$A$2:$A$2500=$A24)*('Chapter Data'!$C$2:$C$2500="IFC")*ISNUMBER('Chapter Data'!$K$2:$K$2500),'Chapter Data'!$K$2:$K$2500)))}
A25: Spring new-member counts are tiny for every house (the IFC median is 1 to 4), so compare recruiting by calendar year on the Recruitment Index tab rather than spring by spring.
A26: Charts cover Fall 2018 to Spring 2026. After adding semesters, extend each chart's data range (right-click > Select Data).

Sheet Combined Score
A1: Combined GPA + recruitment scorecard for every IFC house
A2: Pick a window and weights in the yellow cells. Scores are percentiles among IFC houses (100 = best in the IFC, 0 = worst), then blended.
A3: Window start | B3: Spring 2024 | C3: =MATCH(B3,Lists!$A$2:$A$37,0) -> 28 | D3: <- term numbers used in the formulas
A4: Window end | B4: =LatestTerm -> Spring 2026 | C4: =MATCH(B4,Lists!$A$2:$A$37,0) -> 32
A5: GPA weight | B5: 0.5
A6: Recruitment weight | B6: =1-B5 -> 0.5
A7: Growth compares members at the window end with the window start, so start and end in the same season (Spring to Spring or Fall to Fall).
A9: Chapter | B9: Avg GPA | C9: Avg members | D9: Avg NMs / semester | E9: NMs per member / semester | F9: Members at start | G9: Members at end | H9: Growth | I9: Avg NM retention | J9: GPA pctl | K9: NM volume pctl | L9: NM rate pctl | M9: Growth pctl | N9: Recruitment score | O9: Combined score | P9: Combined rank | Q9: GPA rank | R9: Recruitment rank
A10: =IF(Lists!$D$2="","",Lists!$D$2) -> Acacia | B10: =IF($G10="","",IF(COUNTIFS('Chapter Data'!$D$2:$D$2500,$A10,'Chapter Data'!$G$2:$G$2500,">0",'Chapter Data'!$B$2:$B$2500,">="&$C$3,'Chapter Data'!$B$2:$B$2500,"<="&$C$4)=0,"",AVERAGEIFS('Chapter Data'!$G$2:$G$2500,'Chapter Data'!$D$2:$D$2500,$A10,'Chapter Data'!$G$2:$G$2500,">0",'Chapter Data'!$B$2:$B$2500,">="&$C$3,'Chapter Data'!$B$2:$B$2500,"<="&$C$4))) -> 3.2586 | C10: =IF($G10="","",IF(COUNTIFS('Chapter Data'!$D$2:$D$2500,$A10,'Chapter Data'!$E$2:$E$2500,">0",'Chapter Data'!$B$2:$B$2500,">="&$C$3,'Chapter Data'!$B$2:$B$2500,"<="&$C$4)=0,"",AVERAGEIFS('Chapter Data'!$E$2:$E$2500,'Chapter Data'!$D$2:$D$2500,$A10,'Chapter Data'!$E$2:$E$2500,">0",'Chapter Data'!$B$2:$B$2500,">="&$C$3,'Chapter Data'!$B$2:$B$2500,"<="&$C$4))) -> 35.4 | D10: =IF($G10="","",IF(COUNTIFS('Chapter Data'!$D$2:$D$2500,$A10,'Chapter Data'!$F$2:$F$2500,">=0",'Chapter Data'!$B$2:$B$2500,">="&$C$3,'Chapter Data'!$B$2:$B$2500,"<="&$C$4)=0,"",AVERAGEIFS('Chapter Data'!$F$2:$F$2500,'Chapter Data'!$D$2:$D$2500,$A10,'Chapter Data'!$F$2:$F$2500,">=0",'Chapter Data'!$B$2:$B$2500,">="&$C$3,'Chapter Data'!$B$2:$B$2500,"<="&$C$4))) -> 5 | E10: =IF(OR(C10="",D10=""),"",D10/C10) -> 0.14124294 | F10: =IF($G10="","",IF(COUNTIFS('Chapter Data'!$D$2:$D$2500,$A10,'Chapter Data'!$A$2:$A$2500,$B$3,'Chapter Data'!$E$2:$E$2500,">0")=0,"",SUMIFS('Chapter Data'!$E$2:$E$2500,'Chapter Data'!$D$2:$D$2500,$A10,'Chapter Data'!$A$2:$A$2500,$B$3))) -> 37 | G10: =IF($A10="","",IF(COUNTIFS('Chapter Data'!$D$2:$D$2500,$A10,'Chapter Data'!$A$2:$A$2500,$B$4,'Chapter Data'!$E$2:$E$2500,">0")=0,"",SUMIFS('Chapter Data'!$E$2:$E$2500,'Chapter Data'!$D$2:$D$2500,$A10,'Chapter Data'!$A$2:$A$2500,$B$4))) -> 33 | H10: =IF(OR(F10="",G10=""),"",G10/F10-1) -> -0.10810811 | I10: =IF($G10="","",IF(COUNTIFS('Chapter Data'!$D$2:$D$2500,$A10,'Chapter Data'!$K$2:$K$2500,">=0",'Chapter Data'!$B$2:$B$2500,">="&$C$3,'Chapter Data'!$B$2:$B$2500,"<="&$C$4)=0,"",AVERAGEIFS('Chapter Data'!$K$2:$K$2500,'Chapter Data'!$D$2:$D$2500,$A10,'Chapter Data'!$K$2:$K$2500,">=0",'Chapter Data'!$B$2:$B$2500,">="&$C$3,'Chapter Data'!$B$2:$B$2500,"<="&$C$4))) -> 0.6025 | J10: =IF(B10="","",PERCENTRANK($B$10:$B$44,B10)) -> 0.409 | K10: =IF(D10="","",PERCENTRANK($D$10:$D$44,D10)) -> 0.136 | L10: =IF(E10="","",PERCENTRANK($E$10:$E$44,E10)) -> 0.409 | M10: =IF(H10="","",PERCENTRANK($H$10:$H$44,H10)) -> 0.05 | N10: =IF(COUNT(K10:M10)=0,"",AVERAGE(K10:M10)) -> 0.19833333 | O10: =IF(OR(J10="",N10=""),"",$B$5*J10+$B$6*N10) -> 0.30366667 | P10: =IF(O10="","",COUNTIF($O$10:$O$44,">"&O10)+1) -> 19 | Q10: =IF(B10="","",COUNTIF($B$10:$B$44,">"&B10)+1) -> 14 | R10: =IF(N10="","",COUNTIF($N$10:$N$44,">"&N10)+1) -> 22
A11: =IF(Lists!$D$3="","",Lists!$D$3) -> Alpha Gamma Nu | B11: =IF($G11="","",IF(COUNTIFS('Chapter Data'!$D$2:$D$2500,$A11,'Chapter Data'!$G$2:$G$2500,">0",'Chapter Data'!$B$2:$B$2500,">="&$C$3,'Chapter Data'!$B$2:$B$2500,"<="&$C$4)=0,"",AVERAGEIFS('Chapter Data'!$G$2:$G$2500,'Chapter Data'!$D$2:$D$2500,$A11,'Chapter Data'!$G$2:$G$2500,">0",'Chapter Data'!$B$2:$B$2500,">="&$C$3,'Chapter Data'!$B$2:$B$2500,"<="&$C$4))) | C11: =IF($G11="","",IF(COUNTIFS('Chapter Data'!$D$2:$D$2500,$A11,'Chapter Data'!$E$2:$E$2500,">0",'Chapter Data'!$B$2:$B$2500,">="&$C$3,'Chapter Data'!$B$2:$B$2500,"<="&$C$4)=0,"",AVERAGEIFS('Chapter Data'!$E$2:$E$2500,'Chapter Data'!$D$2:$D$2500,$A11,'Chapter Data'!$E$2:$E$2500,">0",'Chapter Data'!$B$2:$B$2500,">="&$C$3,'Chapter Data'!$B$2:$B$2500,"<="&$C$4))) | D11: =IF($G11="","",IF(COUNTIFS('Chapter Data'!$D$2:$D$2500,$A11,'Chapter Data'!$F$2:$F$2500,">=0",'Chapter Data'!$B$2:$B$2500,">="&$C$3,'Chapter Data'!$B$2:$B$2500,"<="&$C$4)=0,"",AVERAGEIFS('Chapter Data'!$F$2:$F$2500,'Chapter Data'!$D$2:$D$2500,$A11,'Chapter Data'!$F$2:$F$2500,">=0",'Chapter Data'!$B$2:$B$2500,">="&$C$3,'Chapter Data'!$B$2:$B$2500,"<="&$C$4))) | E11: =IF(OR(C11="",D11=""),"",D11/C11) | F11: =IF($G11="","",IF(COUNTIFS('Chapter Data'!$D$2:$D$2500,$A11,'Chapter Data'!$A$2:$A$2500,$B$3,'Chapter Data'!$E$2:$E$2500,">0")=0,"",SUMIFS('Chapter Data'!$E$2:$E$2500,'Chapter Data'!$D$2:$D$2500,$A11,'Chapter Data'!$A$2:$A$2500,$B$3))) | G11: =IF($A11="","",IF(COUNTIFS('Chapter Data'!$D$2:$D$2500,$A11,'Chapter Data'!$A$2:$A$2500,$B$4,'Chapter Data'!$E$2:$E$2500,">0")=0,"",SUMIFS('Chapter Data'!$E$2:$E$2500,'Chapter Data'!$D$2:$D$2500,$A11,'Chapter Data'!$A$2:$A$2500,$B$4))) | H11: =IF(OR(F11="",G11=""),"",G11/F11-1) | I11: =IF($G11="","",IF(COUNTIFS('Chapter Data'!$D$2:$D$2500,$A11,'Chapter Data'!$K$2:$K$2500,">=0",'Chapter Data'!$B$2:$B$2500,">="&$C$3,'Chapter Data'!$B$2:$B$2500,"<="&$C$4)=0,"",AVERAGEIFS('Chapter Data'!$K$2:$K$2500,'Chapter Data'!$D$2:$D$2500,$A11,'Chapter Data'!$K$2:$K$2500,">=0",'Chapter Data'!$B$2:$B$2500,">="&$C$3,'Chapter Data'!$B$2:$B$2500,"<="&$C$4))) | J11: =IF(B11="","",PERCENTRANK($B$10:$B$44,B11)) | K11: =IF(D11="","",PERCENTRANK($D$10:$D$44,D11)) | L11: =IF(E11="","",PERCENTRANK($E$10:$E$44,E11)) | M11: =IF(H11="","",PERCENTRANK($H$10:$H$44,H11)) | N11: =IF(COUNT(K11:M11)=0,"",AVERAGE(K11:M11)) | O11: =IF(OR(J11="",N11=""),"",$B$5*J11+$B$6*N11) | P11: =IF(O11="","",COUNTIF($O$10:$O$44,">"&O11)+1) | Q11: =IF(B11="","",COUNTIF($B$10:$B$44,">"&B11)+1) | R11: =IF(N11="","",COUNTIF($N$10:$N$44,">"&N11)+1)
A12: =IF(Lists!$D$4="","",Lists!$D$4) -> Alpha Gamma Rho | B12: =IF($G12="","",IF(COUNTIFS('Chapter Data'!$D$2:$D$2500,$A12,'Chapter Data'!$G$2:$G$2500,">0",'Chapter Data'!$B$2:$B$2500,">="&$C$3,'Chapter Data'!$B$2:$B$2500,"<="&$C$4)=0,"",AVERAGEIFS('Chapter Data'!$G$2:$G$2500,'Chapter Data'!$D$2:$D$2500,$A12,'Chapter Data'!$G$2:$G$2500,">0",'Chapter Data'!$B$2:$B$2500,">="&$C$3,'Chapter Data'!$B$2:$B$2500,"<="&$C$4))) -> 3.3532 | C12: =IF($G12="","",IF(COUNTIFS('Chapter Data'!$D$2:$D$2500,$A12,'Chapter Data'!$E$2:$E$2500,">0",'Chapter Data'!$B$2:$B$2500,">="&$C$3,'Chapter Data'!$B$2:$B$2500,"<="&$C$4)=0,"",AVERAGEIFS('Chapter Data'!$E$2:$E$2500,'Chapter Data'!$D$2:$D$2500,$A12,'Chapter Data'!$E$2:$E$2500,">0",'Chapter Data'!$B$2:$B$2500,">="&$C$3,'Chapter Data'!$B$2:$B$2500,"<="&$C$4))) -> 99.2 | D12: =IF($G12="","",IF(COUNTIFS('Chapter Data'!$D$2:$D$2500,$A12,'Chapter Data'!$F$2:$F$2500,">=0",'Chapter Data'!$B$2:$B$2500,">="&$C$3,'Chapter Data'!$B$2:$B$2500,"<="&$C$4)=0,"",AVERAGEIFS('Chapter Data'!$F$2:$F$2500,'Chapter Data'!$D$2:$D$2500,$A12,'Chapter Data'!$F$2:$F$2500,">=0",'Chapter Data'!$B$2:$B$2500,">="&$C$3,'Chapter Data'!$B$2:$B$2500,"<="&$C$4))) -> 13.6 | E12: =IF(OR(C12="",D12=""),"",D12/C12) -> 0.13709677 | F12: =IF($G12="","",IF(COUNTIFS('Chapter Data'!$D$2:$D$2500,$A12,'Chapter Data'!$A$2:$A$2500,$B$3,'Chapter Data'!$E$2:$E$2500,">0")=0,"",SUMIFS('Chapter Data'!$E$2:$E$2500,'Chapter Data'!$D$2:$D$2500,$A12,'Chapter Data'!$A$2:$A$2500,$B$3))) -> 101 | G12: =IF($A12="","",IF(COUNTIFS('Chapter Data'!$D$2:$D$2500,$A12,'Chapter Data'!$A$2:$A$2500,$B$4,'Chapter Data'!$E$2:$E$2500,">0")=0,"",SUMIFS('Chapter Data'!$E$2:$E$2500,'Chapter Data'!$D$2:$D$2500,$A12,'Chapter Data'!$A$2:$A$2500,$B$4))) -> 92 | H12: =IF(OR(F12="",G12=""),"",G12/F12-1) -> -0.089108911 | I12: =IF($G12="","",IF(COUNTIFS('Chapter Data'!$D$2:$D$2500,$A12,'Chapter Data'!$K$2:$K$2500,">=0",'Chapter Data'!$B$2:$B$2500,">="&$C$3,'Chapter Data'!$B$2:$B$2500,"<="&$C$4)=0,"",AVERAGEIFS('Chapter Data'!$K$2:$K$2500,'Chapter Data'!$D$2:$D$2500,$A12,'Chapter Data'!$K$2:$K$2500,">=0",'Chapter Data'!$B$2:$B$2500,">="&$C$3,'Chapter Data'!$B$2:$B$2500,"<="&$C$4))) -> 0.99 | J12: =IF(B12="","",PERCENTRANK($B$10:$B$44,B12)) -> 0.682 | K12: =IF(D12="","",PERCENTRANK($D$10:$D$44,D12)) -> 0.5 | L12: =IF(E12="","",PERCENTRANK($E$10:$E$44,E12)) -> 0.318 | M12: =IF(H12="","",PERCENTRANK($H$10:$H$44,H12)) -> 0.15 | N12: =IF(COUNT(K12:M12)=0,"",AVERAGE(K12:M12)) -> 0.32266667 | O12: =IF(OR(J12="",N12=""),"",$B$5*J12+$B$6*N12) -> 0.50233333 | P12: =IF(O12="","",COUNTIF($O$10:$O$44,">"&O12)+1) -> 12 | Q12: =IF(B12="","",COUNTIF($B$10:$B$44,">"&B12)+1) -> 8 | R12: =IF(N12="","",COUNTIF($N$10:$N$44,">"&N12)+1) -> 19
A13: =IF(Lists!$D$5="","",Lists!$D$5) -> Alpha Gamma Sigma | B13: =IF($G13="","",IF(COUNTIFS('Chapter Data'!$D$2:$D$2500,$A13,'Chapter Data'!$G$2:$G$2500,">0",'Chapter Data'!$B$2:$B$2500,">="&$C$3,'Chapter Data'!$B$2:$B$2500,"<="&$C$4)=0,"",AVERAGEIFS('Chapter Data'!$G$2:$G$2500,'Chapter Data'!$D$2:$D$2500,$A13,'Chapter Data'!$G$2:$G$2500,">0",'Chapter Data'!$B$2:$B$2500,">="&$C$3,'Chapter Data'!$B$2:$B$2500,"<="&$C$4))) -> 3.3878 | C13: =IF($G13="","",IF(COUNTIFS('Chapter Data'!$D$2:$D$2500,$A13,'Chapter Data'!$E$2:$E$2500,">0",'Chapter Data'!$B$2:$B$2500,">="&$C$3,'Chapter Data'!$B$2:$B$2500,"<="&$C$4)=0,"",AVERAGEIFS('Chapter Data'!$E$2:$E$2500,'Chapter Data'!$D$2:$D$2500,$A13,'Chapter Data'!$E$2:$E$2500,">0",'Chapter Data'!$B$2:$B$2500,">="&$C$3,'Chapter Data'!$B$2:$B$2500,"<="&$C$4))) -> 90.6 | D13: =IF($G13="","",IF(COUNTIFS('Chapter Data'!$D$2:$D$2500,$A13,'Chapter Data'!$F$2:$F$2500,">=0",'Chapter Data'!$B$2:$B$2500,">="&$C$3,'Chapter Data'!$B$2:$B$2500,"<="&$C$4)=0,"",AVERAGEIFS('Chapter Data'!$F$2:$F$2500,'Chapter Data'!$D$2:$D$2500,$A13,'Chapter Data'!$F$2:$F$2500,">=0",'Chapter Data'!$B$2:$B$2500,">="&$C$3,'Chapter Data'!$B$2:$B$2500,"<="&$C$4))) -> 13.6 | E13: =IF(OR(C13="",D13=""),"",D13/C13) -> 0.15011038 | F13: =IF($G13="","",IF(COUNTIFS('Chapter Data'!$D$2:$D$2500,$A13,'Chapter Data'!$A$2:$A$2500,$B$3,'Chapter Data'!$E$2:$E$2500,">0")=0,"",SUMIFS('Chapter Data'!$E$2:$E$2500,'Chapter Data'!$D$2:$D$2500,$A13,'Chapter Data'!$A$2:$A$2500,$B$3))) -> 90 | G13: =IF($A13="","",IF(COUNTIFS('Chapter Data'!$D$2:$D$2500,$A13,'Chapter Data'!$A$2:$A$2500,$B$4,'Chapter Data'!$E$2:$E$2500,">0")=0,"",SUMIFS('Chapter Data'!$E$2:$E$2500,'Chapter Data'!$D$2:$D$2500,$A13,'Chapter Data'!$A$2:$A$2500,$B$4))) -> 88 | H13: =IF(OR(F13="",G13=""),"",G13/F13-1) -> -0.022222222 | I13: =IF($G13="","",IF(COUNTIFS('Chapter Data'!$D$2:$D$2500,$A13,'Chapter Data'!$K$2:$K$2500,">=0",'Chapter Data'!$B$2:$B$2500,">="&$C$3,'Chapter Data'!$B$2:$B$2500,"<="&$C$4)=0,"",AVERAGEIFS('Chapter Data'!$K$2:$K$2500,'Chapter Data'!$D$2:$D$2500,$A13,'Chapter Data'!$K$2:$K$2500,">=0",'Chapter Data'!$B$2:$B$2500,">="&$C$3,'Chapter Data'!$B$2:$B$2500,"<="&$C$4))) -> 0.93666667 | J13: =IF(B13="","",PERCENTRANK($B$10:$B$44,B13)) -> 0.773 | K13: =IF(D13="","",PERCENTRANK($D$10:$D$44,D13)) -> 0.5 | L13: =IF(E13="","",PERCENTRANK($E$10:$E$44,E13)) -> 0.5 | M13: =IF(H13="","",PERCENTRANK($H$10:$H$44,H13)) -> 0.3 | N13: =IF(COUNT(K13:M13)=0,"",AVERAGE(K13:M13)) -> 0.43333333 | O13: =IF(OR(J13="",N13=""),"",$B$5*J13+$B$6*N13) -> 0.60316667 | P13: =IF(O13="","",COUNTIF($O$10:$O$44,">"&O13)+1) -> 8 | Q13: =IF(B13="","",COUNTIF($B$10:$B$44,">"&B13)+1) -> 6 | R13: =IF(N13="","",COUNTIF($N$10:$N$44,">"&N13)+1) -> 13
A14: =IF(Lists!$D$6="","",Lists!$D$6) -> Alpha Tau Omega | B14: =IF($G14="","",IF(COUNTIFS('Chapter Data'!$D$2:$D$2500,$A14,'Chapter Data'!$G$2:$G$2500,">0",'Chapter Data'!$B$2:$B$2500,">="&$C$3,'Chapter Data'!$B$2:$B$2500,"<="&$C$4)=0,"",AVERAGEIFS('Chapter Data'!$G$2:$G$2500,'Chapter Data'!$D$2:$D$2500,$A14,'Chapter Data'!$G$2:$G$2500,">0",'Chapter Data'!$B$2:$B$2500,">="&$C$3,'Chapter Data'!$B$2:$B$2500,"<="&$C$4))) -> 3.331 | C14: =IF($G14="","",IF(COUNTIFS('Chapter Data'!$D$2:$D$2500,$A14,'Chapter Data'!$E$2:$E$2500,">0",'Chapter Data'!$B$2:$B$2500,">="&$C$3,'Chapter Data'!$B$2:$B$2500,"<="&$C$4)=0,"",AVERAGEIFS('Chapter Data'!$E$2:$E$2500,'Chapter Data'!$D$2:$D$2500,$A14,'Chapter Data'!$E$2:$E$2500,">0",'Chapter Data'!$B$2:$B$2500,">="&$C$3,'Chapter Data'!$B$2:$B$2500,"<="&$C$4))) -> 129.8 | D14: =IF($G14="","",IF(COUNTIFS('Chapter Data'!$D$2:$D$2500,$A14,'Chapter Data'!$F$2:$F$2500,">=0",'Chapter Data'!$B$2:$B$2500,">="&$C$3,'Chapter Data'!$B$2:$B$2500,"<="&$C$4)=0,"",AVERAGEIFS('Chapter Data'!$F$2:$F$2500,'Chapter Data'!$D$2:$D$2500,$A14,'Chapter Data'!$F$2:$F$2500,">=0",'Chapter Data'!$B$2:$B$2500,">="&$C$3,'Chapter Data'!$B$2:$B$2500,"<="&$C$4))) -> 17 | E14: =IF(OR(C14="",D14=""),"",D14/C14) -> 0.13097072 | F14: =IF($G14="","",IF(COUNTIFS('Chapter Data'!$D$2:$D$2500,$A14,'Chapter Data'!$A$2:$A$2500,$B$3,'Chapter Data'!$E$2:$E$2500,">0")=0,"",SUMIFS('Chapter Data'!$E$2:$E$2500,'Chapter Data'!$D$2:$D$2500,$A14,'Chapter Data'!$A$2:$A$2500,$B$3))) -> 116 | G14: =IF($A14="","",IF(COUNTIFS('Chapter Data'!$D$2:$D$2500,$A14,'Chapter Data'!$A$2:$A$2500,$B$4,'Chapter Data'!$E$2:$E$2500,">0")=0,"",SUMIFS('Chapter Data'!$E$2:$E$2500,'Chapter Data'!$D$2:$D$2500,$A14,'Chapter Data'!$A$2:$A$2500,$B$4))) -> 142 | H14: =IF(OR(F14="",G14=""),"",G14/F14-1) -> 0.22413793 | I14: =IF($G14="","",IF(COUNTIFS('Chapter Data'!$D$2:$D$2500,$A14,'Chapter Data'!$K$2:$K$2500,">=0",'Chapter Data'!$B$2:$B$2500,">="&$C$3,'Chapter Data'!$B$2:$B$2500,"<="&$C$4)=0,"",AVERAGEIFS('Chapter Data'!$K$2:$K$2500,'Chapter Data'!$D$2:$D$2500,$A14,'Chapter Data'!$K$2:$K$2500,">=0",'Chapter Data'!$B$2:$B$2500,">="&$C$3,'Chapter Data'!$B$2:$B$2500,"<="&$C$4))) -> 0.9475 | J14: =IF(B14="","",PERCENTRANK($B$10:$B$44,B14)) -> 0.636 | K14: =IF(D14="","",PERCENTRANK($D$10:$D$44,D14)) -> 0.773 | L14: =IF(E14="","",PERCENTRANK($E$10:$E$44,E14)) -> 0.273 | M14: =IF(H14="","",PERCENTRANK($H$10:$H$44,H14)) -> 0.9 | N14: =IF(COUNT(K14:M14)=0,"",AVERAGE(K14:M14)) -> 0.64866667 | O14: =IF(OR(J14="",N14=""),"",$B$5*J14+$B$6*N14) -> 0.64233333 | P14: =IF(O14="","",COUNTIF($O$10:$O$44,">"&O14)+1) -> 6 | Q14: =IF(B14="","",COUNTIF($B$10:$B$44,">"&B14)+1) -> 9 | R14: =IF(N14="","",COUNTIF($N$10:$N$44,">"&N14)+1) -> 8
A15: =IF(Lists!$D$7="","",Lists!$D$7) -> Beta Sigma Psi | B15: =IF($G15="","",IF(COUNTIFS('Chapter Data'!$D$2:$D$2500,$A15,'Chapter Data'!$G$2:$G$2500,">0",'Chapter Data'!$B$2:$B$2500,">="&$C$3,'Chapter Data'!$B$2:$B$2500,"<="&$C$4)=0,"",AVERAGEIFS('Chapter Data'!$G$2:$G$2500,'Chapter Data'!$D$2:$D$2500,$A15,'Chapter Data'!$G$2:$G$2500,">0",'Chapter Data'!$B$2:$B$2500,">="&$C$3,'Chapter Data'!$B$2:$B$2500,"<="&$C$4))) -> 3.309 | C15: =IF($G15="","",IF(COUNTIFS('Chapter Data'!$D$2:$D$2500,$A15,'Chapter Data'!$E$2:$E$2500,">0",'Chapter Data'!$B$2:$B$2500,">="&$C$3,'Chapter Data'!$B$2:$B$2500,"<="&$C$4)=0,"",AVERAGEIFS('Chapter Data'!$E$2:$E$2500,'Chapter Data'!$D$2:$D$2500,$A15,'Chapter Data'!$E$2:$E$2500,">0",'Chapter Data'!$B$2:$B$2500,">="&$C$3,'Chapter Data'!$B$2:$B$2500,"<="&$C$4))) -> 14.4 | D15: =IF($G15="","",IF(COUNTIFS('Chapter Data'!$D$2:$D$2500,$A15,'Chapter Data'!$F$2:$F$2500,">=0",'Chapter Data'!$B$2:$B$2500,">="&$C$3,'Chapter Data'!$B$2:$B$2500,"<="&$C$4)=0,"",AVERAGEIFS('Chapter Data'!$F$2:$F$2500,'Chapter Data'!$D$2:$D$2500,$A15,'Chapter Data'!$F$2:$F$2500,">=0",'Chapter Data'!$B$2:$B$2500,">="&$C$3,'Chapter Data'!$B$2:$B$2500,"<="&$C$4))) -> 1.8 | E15: =IF(OR(C15="",D15=""),"",D15/C15) -> 0.125 | F15: =IF($G15="","",IF(COUNTIFS('Chapter Data'!$D$2:$D$2500,$A15,'Chapter Data'!$A$2:$A$2500,$B$3,'Chapter Data'!$E$2:$E$2500,">0")=0,"",SUMIFS('Chapter Data'!$E$2:$E$2500,'Chapter Data'!$D$2:$D$2500,$A15,'Chapter Data'!$A$2:$A$2500,$B$3))) -> 12 | G15: =IF($A15="","",IF(COUNTIFS('Chapter Data'!$D$2:$D$2500,$A15,'Chapter Data'!$A$2:$A$2500,$B$4,'Chapter Data'!$E$2:$E$2500,">0")=0,"",SUMIFS('Chapter Data'!$E$2:$E$2500,'Chapter Data'!$D$2:$D$2500,$A15,'Chapter Data'!$A$2:$A$2500,$B$4))) -> 15 | H15: =IF(OR(F15="",G15=""),"",G15/F15-1) -> 0.25 | I15: =IF($G15="","",IF(COUNTIFS('Chapter Data'!$D$2:$D$2500,$A15,'Chapter Data'!$K$2:$K$2500,">=0",'Chapter Data'!$B$2:$B$2500,">="&$C$3,'Chapter Data'!$B$2:$B$2500,"<="&$C$4)=0,"",AVERAGEIFS('Chapter Data'!$K$2:$K$2500,'Chapter Data'!$D$2:$D$2500,$A15,'Chapter Data'!$K$2:$K$2500,">=0",'Chapter Data'!$B$2:$B$2500,">="&$C$3,'Chapter Data'!$B$2:$B$2500,"<="&$C$4))) -> 1 | J15: =IF(B15="","",PERCENTRANK($B$10:$B$44,B15)) -> 0.5 | K15: =IF(D15="","",PERCENTRANK($D$10:$D$44,D15)) -> 0 | L15: =IF(E15="","",PERCENTRANK($E$10:$E$44,E15)) -> 0.136 | M15: =IF(H15="","",PERCENTRANK($H$10:$H$44,H15)) -> 0.95 | N15: =IF(COUNT(K15:M15)=0,"",AVERAGE(K15:M15)) -> 0.362 | O15: =IF(OR(J15="",N15=""),"",$B$5*J15+$B$6*N15) -> 0.431 | P15: =IF(O15="","",COUNTIF($O$10:$O$44,">"&O15)+1) -> 15 | Q15: =IF(B15="","",COUNTIF($B$10:$B$44,">"&B15)+1) -> 12 | R15: =IF(N15="","",COUNTIF($N$10:$N$44,">"&N15)+1) -> 15
A16: =IF(Lists!$D$8="","",Lists!$D$8) -> Beta Theta Pi | B16: =IF($G16="","",IF(COUNTIFS('Chapter Data'!$D$2:$D$2500,$A16,'Chapter Data'!$G$2:$G$2500,">0",'Chapter Data'!$B$2:$B$2500,">="&$C$3,'Chapter Data'!$B$2:$B$2500,"<="&$C$4)=0,"",AVERAGEIFS('Chapter Data'!$G$2:$G$2500,'Chapter Data'!$D$2:$D$2500,$A16,'Chapter Data'!$G$2:$G$2500,">0",'Chapter Data'!$B$2:$B$2500,">="&$C$3,'Chapter Data'!$B$2:$B$2500,"<="&$C$4))) -> 3.6056 | C16: =IF($G16="","",IF(COUNTIFS('Chapter Data'!$D$2:$D$2500,$A16,'Chapter Data'!$E$2:$E$2500,">0",'Chapter Data'!$B$2:$B$2500,">="&$C$3,'Chapter Data'!$B$2:$B$2500,"<="&$C$4)=0,"",AVERAGEIFS('Chapter Data'!$E$2:$E$2500,'Chapter Data'!$D$2:$D$2500,$A16,'Chapter Data'!$E$2:$E$2500,">0",'Chapter Data'!$B$2:$B$2500,">="&$C$3,'Chapter Data'!$B$2:$B$2500,"<="&$C$4))) -> 122.2 | D16: =IF($G16="","",IF(COUNTIFS('Chapter Data'!$D$2:$D$2500,$A16,'Chapter Data'!$F$2:$F$2500,">=0",'Chapter Data'!$B$2:$B$2500,">="&$C$3,'Chapter Data'!$B$2:$B$2500,"<="&$C$4)=0,"",AVERAGEIFS('Chapter Data'!$F$2:$F$2500,'Chapter Data'!$D$2:$D$2500,$A16,'Chapter Data'!$F$2:$F$2500,">=0",'Chapter Data'!$B$2:$B$2500,">="&$C$3,'Chapter Data'!$B$2:$B$2500,"<="&$C$4))) -> 13.6 | E16: =IF(OR(C16="",D16=""),"",D16/C16) -> 0.11129296 | F16: =IF($G16="","",IF(COUNTIFS('Chapter Data'!$D$2:$D$2500,$A16,'Chapter Data'!$A$2:$A$2500,$B$3,'Chapter Data'!$E$2:$E$2500,">0")=0,"",SUMIFS('Chapter Data'!$E$2:$E$2500,'Chapter Data'!$D$2:$D$2500,$A16,'Chapter Data'!$A$2:$A$2500,$B$3))) -> 116 | G16: =IF($A16="","",IF(COUNTIFS('Chapter Data'!$D$2:$D$2500,$A16,'Chapter Data'!$A$2:$A$2500,$B$4,'Chapter Data'!$E$2:$E$2500,">0")=0,"",SUMIFS('Chapter Data'!$E$2:$E$2500,'Chapter Data'!$D$2:$D$2500,$A16,'Chapter Data'!$A$2:$A$2500,$B$4))) -> 119 | H16: =IF(OR(F16="",G16=""),"",G16/F16-1) -> 0.025862069 | I16: =IF($G16="","",IF(COUNTIFS('Chapter Data'!$D$2:$D$2500,$A16,'Chapter Data'!$K$2:$K$2500,">=0",'Chapter Data'!$B$2:$B$2500,">="&$C$3,'Chapter Data'!$B$2:$B$2500,"<="&$C$4)=0,"",AVERAGEIFS('Chapter Data'!$K$2:$K$2500,'Chapter Data'!$D$2:$D$2500,$A16,'Chapter Data'!$K$2:$K$2500,">=0",'Chapter Data'!$B$2:$B$2500,">="&$C$3,'Chapter Data'!$B$2:$B$2500,"<="&$C$4))) -> 0.955 | J16: =IF(B16="","",PERCENTRANK($B$10:$B$44,B16)) -> 0.909 | K16: =IF(D16="","",PERCENTRANK($D$10:$D$44,D16)) -> 0.5 | L16: =IF(E16="","",PERCENTRANK($E$10:$E$44,E16)) -> 0.0455 | M16: =IF(H16="","",PERCENTRANK($H$10:$H$44,H16)) -> 0.5 | N16: =IF(COUNT(K16:M16)=0,"",AVERAGE(K16:M16)) -> 0.3485 | O16: =IF(OR(J16="",N16=""),"",$B$5*J16+$B$6*N16) -> 0.62875 | P16: =IF(O16="","",COUNTIF($O$10:$O$44,">"&O16)+1) -> 7 | Q16: =IF(B16="","",COUNTIF($B$10:$B$44,">"&B16)+1) -> 3 | R16: =IF(N16="","",COUNTIF($N$10:$N$44,">"&N16)+1) -> 16
A17: =IF(Lists!$D$9="","",Lists!$D$9) -> Chi Phi | B17: =IF($G17="","",IF(COUNTIFS('Chapter Data'!$D$2:$D$2500,$A17,'Chapter Data'!$G$2:$G$2500,">0",'Chapter Data'!$B$2:$B$2500,">="&$C$3,'Chapter Data'!$B$2:$B$2500,"<="&$C$4)=0,"",AVERAGEIFS('Chapter Data'!$G$2:$G$2500,'Chapter Data'!$D$2:$D$2500,$A17,'Chapter Data'!$G$2:$G$2500,">0",'Chapter Data'!$B$2:$B$2500,">="&$C$3,'Chapter Data'!$B$2:$B$2500,"<="&$C$4))) -> 2.8748 | C17: =IF($G17="","",IF(COUNTIFS('Chapter Data'!$D$2:$D$2500,$A17,'Chapter Data'!$E$2:$E$2500,">0",'Chapter Data'!$B$2:$B$2500,">="&$C$3,'Chapter Data'!$B$2:$B$2500,"<="&$C$4)=0,"",AVERAGEIFS('Chapter Data'!$E$2:$E$2500,'Chapter Data'!$D$2:$D$2500,$A17,'Chapter Data'!$E$2:$E$2500,">0",'Chapter Data'!$B$2:$B$2500,">="&$C$3,'Chapter Data'!$B$2:$B$2500,"<="&$C$4))) -> 14.6 | D17: =IF($G17="","",IF(COUNTIFS('Chapter Data'!$D$2:$D$2500,$A17,'Chapter Data'!$F$2:$F$2500,">=0",'Chapter Data'!$B$2:$B$2500,">="&$C$3,'Chapter Data'!$B$2:$B$2500,"<="&$C$4)=0,"",AVERAGEIFS('Chapter Data'!$F$2:$F$2500,'Chapter Data'!$D$2:$D$2500,$A17,'Chapter Data'!$F$2:$F$2500,">=0",'Chapter Data'!$B$2:$B$2500,">="&$C$3,'Chapter Data'!$B$2:$B$2500,"<="&$C$4))) -> 2.6 | E17: =IF(OR(C17="",D17=""),"",D17/C17) -> 0.17808219 | F17: =IF($G17="","",IF(COUNTIFS('Chapter Data'!$D$2:$D$2500,$A17,'Chapter Data'!$A$2:$A$2500,$B$3,'Chapter Data'!$E$2:$E$2500,">0")=0,"",SUMIFS('Chapter Data'!$E$2:$E$2500,'Chapter Data'!$D$2:$D$2500,$A17,'Chapter Data'!$A$2:$A$2500,$B$3))) -> 16 | G17: =IF($A17="","",IF(COUNTIFS('Chapter Data'!$D$2:$D$2500,$A17,'Chapter Data'!$A$2:$A$2500,$B$4,'Chapter Data'!$E$2:$E$2500,">0")=0,"",SUMIFS('Chapter Data'!$E$2:$E$2500,'Chapter Data'!$D$2:$D$2500,$A17,'Chapter Data'!$A$2:$A$2500,$B$4))) -> 15 | H17: =IF(OR(F17="",G17=""),"",G17/F17-1) -> -0.0625 | I17: =IF($G17="","",IF(COUNTIFS('Chapter Data'!$D$2:$D$2500,$A17,'Chapter Data'!$K$2:$K$2500,">=0",'Chapter Data'!$B$2:$B$2500,">="&$C$3,'Chapter Data'!$B$2:$B$2500,"<="&$C$4)=0,"",AVERAGEIFS('Chapter Data'!$K$2:$K$2500,'Chapter Data'!$D$2:$D$2500,$A17,'Chapter Data'!$K$2:$K$2500,">=0",'Chapter Data'!$B$2:$B$2500,">="&$C$3,'Chapter Data'!$B$2:$B$2500,"<="&$C$4))) -> 1 | J17: =IF(B17="","",PERCENTRANK($B$10:$B$44,B17)) -> 0.0909 | K17: =IF(D17="","",PERCENTRANK($D$10:$D$44,D17)) -> 0.0909 | L17: =IF(E17="","",PERCENTRANK($E$10:$E$44,E17)) -> 0.727 | M17: =IF(H17="","",PERCENTRANK($H$10:$H$44,H17)) -> 0.2 | N17: =IF(COUNT(K17:M17)=0,"",AVERAGE(K17:M17)) -> 0.3393 | O17: =IF(OR(J17="",N17=""),"",$B$5*J17+$B$6*N17) -> 0.2151 | P17: =IF(O17="","",COUNTIF($O$10:$O$44,">"&O17)+1) -> 22 | Q17: =IF(B17="","",COUNTIF($B$10:$B$44,">"&B17)+1) -> 21 | R17: =IF(N17="","",COUNTIF($N$10:$N$44,">"&N17)+1) -> 18
A18: =IF(Lists!$D$10="","",Lists!$D$10) -> Delta Sigma Phi | B18: =IF($G18="","",IF(COUNTIFS('Chapter Data'!$D$2:$D$2500,$A18,'Chapter Data'!$G$2:$G$2500,">0",'Chapter Data'!$B$2:$B$2500,">="&$C$3,'Chapter Data'!$B$2:$B$2500,"<="&$C$4)=0,"",AVERAGEIFS('Chapter Data'!$G$2:$G$2500,'Chapter Data'!$D$2:$D$2500,$A18,'Chapter Data'!$G$2:$G$2500,">0",'Chapter Data'!$B$2:$B$2500,">="&$C$3,'Chapter Data'!$B$2:$B$2500,"<="&$C$4))) | C18: =IF($G18="","",IF(COUNTIFS('Chapter Data'!$D$2:$D$2500,$A18,'Chapter Data'!$E$2:$E$2500,">0",'Chapter Data'!$B$2:$B$2500,">="&$C$3,'Chapter Data'!$B$2:$B$2500,"<="&$C$4)=0,"",AVERAGEIFS('Chapter Data'!$E$2:$E$2500,'Chapter Data'!$D$2:$D$2500,$A18,'Chapter Data'!$E$2:$E$2500,">0",'Chapter Data'!$B$2:$B$2500,">="&$C$3,'Chapter Data'!$B$2:$B$2500,"<="&$C$4))) | D18: =IF($G18="","",IF(COUNTIFS('Chapter Data'!$D$2:$D$2500,$A18,'Chapter Data'!$F$2:$F$2500,">=0",'Chapter Data'!$B$2:$B$2500,">="&$C$3,'Chapter Data'!$B$2:$B$2500,"<="&$C$4)=0,"",AVERAGEIFS('Chapter Data'!$F$2:$F$2500,'Chapter Data'!$D$2:$D$2500,$A18,'Chapter Data'!$F$2:$F$2500,">=0",'Chapter Data'!$B$2:$B$2500,">="&$C$3,'Chapter Data'!$B$2:$B$2500,"<="&$C$4))) | E18: =IF(OR(C18="",D18=""),"",D18/C18) | F18: =IF($G18="","",IF(COUNTIFS('Chapter Data'!$D$2:$D$2500,$A18,'Chapter Data'!$A$2:$A$2500,$B$3,'Chapter Data'!$E$2:$E$2500,">0")=0,"",SUMIFS('Chapter Data'!$E$2:$E$2500,'Chapter Data'!$D$2:$D$2500,$A18,'Chapter Data'!$A$2:$A$2500,$B$3))) | G18: =IF($A18="","",IF(COUNTIFS('Chapter Data'!$D$2:$D$2500,$A18,'Chapter Data'!$A$2:$A$2500,$B$4,'Chapter Data'!$E$2:$E$2500,">0")=0,"",SUMIFS('Chapter Data'!$E$2:$E$2500,'Chapter Data'!$D$2:$D$2500,$A18,'Chapter Data'!$A$2:$A$2500,$B$4))) | H18: =IF(OR(F18="",G18=""),"",G18/F18-1) | I18: =IF($G18="","",IF(COUNTIFS('Chapter Data'!$D$2:$D$2500,$A18,'Chapter Data'!$K$2:$K$2500,">=0",'Chapter Data'!$B$2:$B$2500,">="&$C$3,'Chapter Data'!$B$2:$B$2500,"<="&$C$4)=0,"",AVERAGEIFS('Chapter Data'!$K$2:$K$2500,'Chapter Data'!$D$2:$D$2500,$A18,'Chapter Data'!$K$2:$K$2500,">=0",'Chapter Data'!$B$2:$B$2500,">="&$C$3,'Chapter Data'!$B$2:$B$2500,"<="&$C$4))) | J18: =IF(B18="","",PERCENTRANK($B$10:$B$44,B18)) | K18: =IF(D18="","",PERCENTRANK($D$10:$D$44,D18)) | L18: =IF(E18="","",PERCENTRANK($E$10:$E$44,E18)) | M18: =IF(H18="","",PERCENTRANK($H$10:$H$44,H18)) | N18: =IF(COUNT(K18:M18)=0,"",AVERAGE(K18:M18)) | O18: =IF(OR(J18="",N18=""),"",$B$5*J18+$B$6*N18) | P18: =IF(O18="","",COUNTIF($O$10:$O$44,">"&O18)+1) | Q18: =IF(B18="","",COUNTIF($B$10:$B$44,">"&B18)+1) | R18: =IF(N18="","",COUNTIF($N$10:$N$44,">"&N18)+1)
A19: =IF(Lists!$D$11="","",Lists!$D$11) -> Delta Tau Delta | B19: =IF($G19="","",IF(COUNTIFS('Chapter Data'!$D$2:$D$2500,$A19,'Chapter Data'!$G$2:$G$2500,">0",'Chapter Data'!$B$2:$B$2500,">="&$C$3,'Chapter Data'!$B$2:$B$2500,"<="&$C$4)=0,"",AVERAGEIFS('Chapter Data'!$G$2:$G$2500,'Chapter Data'!$D$2:$D$2500,$A19,'Chapter Data'!$G$2:$G$2500,">0",'Chapter Data'!$B$2:$B$2500,">="&$C$3,'Chapter Data'!$B$2:$B$2500,"<="&$C$4))) | C19: =IF($G19="","",IF(COUNTIFS('Chapter Data'!$D$2:$D$2500,$A19,'Chapter Data'!$E$2:$E$2500,">0",'Chapter Data'!$B$2:$B$2500,">="&$C$3,'Chapter Data'!$B$2:$B$2500,"<="&$C$4)=0,"",AVERAGEIFS('Chapter Data'!$E$2:$E$2500,'Chapter Data'!$D$2:$D$2500,$A19,'Chapter Data'!$E$2:$E$2500,">0",'Chapter Data'!$B$2:$B$2500,">="&$C$3,'Chapter Data'!$B$2:$B$2500,"<="&$C$4))) | D19: =IF($G19="","",IF(COUNTIFS('Chapter Data'!$D$2:$D$2500,$A19,'Chapter Data'!$F$2:$F$2500,">=0",'Chapter Data'!$B$2:$B$2500,">="&$C$3,'Chapter Data'!$B$2:$B$2500,"<="&$C$4)=0,"",AVERAGEIFS('Chapter Data'!$F$2:$F$2500,'Chapter Data'!$D$2:$D$2500,$A19,'Chapter Data'!$F$2:$F$2500,">=0",'Chapter Data'!$B$2:$B$2500,">="&$C$3,'Chapter Data'!$B$2:$B$2500,"<="&$C$4))) | E19: =IF(OR(C19="",D19=""),"",D19/C19) | F19: =IF($G19="","",IF(COUNTIFS('Chapter Data'!$D$2:$D$2500,$A19,'Chapter Data'!$A$2:$A$2500,$B$3,'Chapter Data'!$E$2:$E$2500,">0")=0,"",SUMIFS('Chapter Data'!$E$2:$E$2500,'Chapter Data'!$D$2:$D$2500,$A19,'Chapter Data'!$A$2:$A$2500,$B$3))) | G19: =IF($A19="","",IF(COUNTIFS('Chapter Data'!$D$2:$D$2500,$A19,'Chapter Data'!$A$2:$A$2500,$B$4,'Chapter Data'!$E$2:$E$2500,">0")=0,"",SUMIFS('Chapter Data'!$E$2:$E$2500,'Chapter Data'!$D$2:$D$2500,$A19,'Chapter Data'!$A$2:$A$2500,$B$4))) | H19: =IF(OR(F19="",G19=""),"",G19/F19-1) | I19: =IF($G19="","",IF(COUNTIFS('Chapter Data'!$D$2:$D$2500,$A19,'Chapter Data'!$K$2:$K$2500,">=0",'Chapter Data'!$B$2:$B$2500,">="&$C$3,'Chapter Data'!$B$2:$B$2500,"<="&$C$4)=0,"",AVERAGEIFS('Chapter Data'!$K$2:$K$2500,'Chapter Data'!$D$2:$D$2500,$A19,'Chapter Data'!$K$2:$K$2500,">=0",'Chapter Data'!$B$2:$B$2500,">="&$C$3,'Chapter Data'!$B$2:$B$2500,"<="&$C$4))) | J19: =IF(B19="","",PERCENTRANK($B$10:$B$44,B19)) | K19: =IF(D19="","",PERCENTRANK($D$10:$D$44,D19)) | L19: =IF(E19="","",PERCENTRANK($E$10:$E$44,E19)) | M19: =IF(H19="","",PERCENTRANK($H$10:$H$44,H19)) | N19: =IF(COUNT(K19:M19)=0,"",AVERAGE(K19:M19)) | O19: =IF(OR(J19="",N19=""),"",$B$5*J19+$B$6*N19) | P19: =IF(O19="","",COUNTIF($O$10:$O$44,">"&O19)+1) | Q19: =IF(B19="","",COUNTIF($B$10:$B$44,">"&B19)+1) | R19: =IF(N19="","",COUNTIF($N$10:$N$44,">"&N19)+1)
A20: =IF(Lists!$D$12="","",Lists!$D$12) -> Delta Upsilon | B20: =IF($G20="","",IF(COUNTIFS('Chapter Data'!$D$2:$D$2500,$A20,'Chapter Data'!$G$2:$G$2500,">0",'Chapter Data'!$B$2:$B$2500,">="&$C$3,'Chapter Data'!$B$2:$B$2500,"<="&$C$4)=0,"",AVERAGEIFS('Chapter Data'!$G$2:$G$2500,'Chapter Data'!$D$2:$D$2500,$A20,'Chapter Data'!$G$2:$G$2500,">0",'Chapter Data'!$B$2:$B$2500,">="&$C$3,'Chapter Data'!$B$2:$B$2500,"<="&$C$4))) -> 3.2512 | C20: =IF($G20="","",IF(COUNTIFS('Chapter Data'!$D$2:$D$2500,$A20,'Chapter Data'!$E$2:$E$2500,">0",'Chapter Data'!$B$2:$B$2500,">="&$C$3,'Chapter Data'!$B$2:$B$2500,"<="&$C$4)=0,"",AVERAGEIFS('Chapter Data'!$E$2:$E$2500,'Chapter Data'!$D$2:$D$2500,$A20,'Chapter Data'!$E$2:$E$2500,">0",'Chapter Data'!$B$2:$B$2500,">="&$C$3,'Chapter Data'!$B$2:$B$2500,"<="&$C$4))) -> 78.2 | D20: =IF($G20="","",IF(COUNTIFS('Chapter Data'!$D$2:$D$2500,$A20,'Chapter Data'!$F$2:$F$2500,">=0",'Chapter Data'!$B$2:$B$2500,">="&$C$3,'Chapter Data'!$B$2:$B$2500,"<="&$C$4)=0,"",AVERAGEIFS('Chapter Data'!$F$2:$F$2500,'Chapter Data'!$D$2:$D$2500,$A20,'Chapter Data'!$F$2:$F$2500,">=0",'Chapter Data'!$B$2:$B$2500,">="&$C$3,'Chapter Data'!$B$2:$B$2500,"<="&$C$4))) -> 13.6 | E20: =IF(OR(C20="",D20=""),"",D20/C20) -> 0.17391304 | F20: =IF($G20="","",IF(COUNTIFS('Chapter Data'!$D$2:$D$2500,$A20,'Chapter Data'!$A$2:$A$2500,$B$3,'Chapter Data'!$E$2:$E$2500,">0")=0,"",SUMIFS('Chapter Data'!$E$2:$E$2500,'Chapter Data'!$D$2:$D$2500,$A20,'Chapter Data'!$A$2:$A$2500,$B$3))) -> 68 | G20: =IF($A20="","",IF(COUNTIFS('Chapter Data'!$D$2:$D$2500,$A20,'Chapter Data'!$A$2:$A$2500,$B$4,'Chapter Data'!$E$2:$E$2500,">0")=0,"",SUMIFS('Chapter Data'!$E$2:$E$2500,'Chapter Data'!$D$2:$D$2500,$A20,'Chapter Data'!$A$2:$A$2500,$B$4))) -> 78 | H20: =IF(OR(F20="",G20=""),"",G20/F20-1) -> 0.14705882 | I20: =IF($G20="","",IF(COUNTIFS('Chapter Data'!$D$2:$D$2500,$A20,'Chapter Data'!$K$2:$K$2500,">=0",'Chapter Data'!$B$2:$B$2500,">="&$C$3,'Chapter Data'!$B$2:$B$2500,"<="&$C$4)=0,"",AVERAGEIFS('Chapter Data'!$K$2:$K$2500,'Chapter Data'!$D$2:$D$2500,$A20,'Chapter Data'!$K$2:$K$2500,">=0",'Chapter Data'!$B$2:$B$2500,">="&$C$3,'Chapter Data'!$B$2:$B$2500,"<="&$C$4))) -> 0.8875 | J20: =IF(B20="","",PERCENTRANK($B$10:$B$44,B20)) -> 0.364 | K20: =IF(D20="","",PERCENTRANK($D$10:$D$44,D20)) -> 0.5 | L20: =IF(E20="","",PERCENTRANK($E$10:$E$44,E20)) -> 0.682 | M20: =IF(H20="","",PERCENTRANK($H$10:$H$44,H20)) -> 0.6 | N20: =IF(COUNT(K20:M20)=0,"",AVERAGE(K20:M20)) -> 0.594 | O20: =IF(OR(J20="",N20=""),"",$B$5*J20+$B$6*N20) -> 0.479 | P20: =IF(O20="","",COUNTIF($O$10:$O$44,">"&O20)+1) -> 13 | Q20: =IF(B20="","",COUNTIF($B$10:$B$44,">"&B20)+1) -> 15 | R20: =IF(N20="","",COUNTIF($N$10:$N$44,">"&N20)+1) -> 10
A21: =IF(Lists!$D$13="","",Lists!$D$13) -> Farmhouse | B21: =IF($G21="","",IF(COUNTIFS('Chapter Data'!$D$2:$D$2500,$A21,'Chapter Data'!$G$2:$G$2500,">0",'Chapter Data'!$B$2:$B$2500,">="&$C$3,'Chapter Data'!$B$2:$B$2500,"<="&$C$4)=0,"",AVERAGEIFS('Chapter Data'!$G$2:$G$2500,'Chapter Data'!$D$2:$D$2500,$A21,'Chapter Data'!$G$2:$G$2500,">0",'Chapter Data'!$B$2:$B$2500,">="&$C$3,'Chapter Data'!$B$2:$B$2500,"<="&$C$4))) -> 3.6842 | C21: =IF($G21="","",IF(COUNTIFS('Chapter Data'!$D$2:$D$2500,$A21,'Chapter Data'!$E$2:$E$2500,">0",'Chapter Data'!$B$2:$B$2500,">="&$C$3,'Chapter Data'!$B$2:$B$2500,"<="&$C$4)=0,"",AVERAGEIFS('Chapter Data'!$E$2:$E$2500,'Chapter Data'!$D$2:$D$2500,$A21,'Chapter Data'!$E$2:$E$2500,">0",'Chapter Data'!$B$2:$B$2500,">="&$C$3,'Chapter Data'!$B$2:$B$2500,"<="&$C$4))) -> 110.4 | D21: =IF($G21="","",IF(COUNTIFS('Chapter Data'!$D$2:$D$2500,$A21,'Chapter Data'!$F$2:$F$2500,">=0",'Chapter Data'!$B$2:$B$2500,">="&$C$3,'Chapter Data'!$B$2:$B$2500,"<="&$C$4)=0,"",AVERAGEIFS('Chapter Data'!$F$2:$F$2500,'Chapter Data'!$D$2:$D$2500,$A21,'Chapter Data'!$F$2:$F$2500,">=0",'Chapter Data'!$B$2:$B$2500,">="&$C$3,'Chapter Data'!$B$2:$B$2500,"<="&$C$4))) -> 13.6 | E21: =IF(OR(C21="",D21=""),"",D21/C21) -> 0.12318841 | F21: =IF($G21="","",IF(COUNTIFS('Chapter Data'!$D$2:$D$2500,$A21,'Chapter Data'!$A$2:$A$2500,$B$3,'Chapter Data'!$E$2:$E$2500,">0")=0,"",SUMIFS('Chapter Data'!$E$2:$E$2500,'Chapter Data'!$D$2:$D$2500,$A21,'Chapter Data'!$A$2:$A$2500,$B$3))) -> 107 | G21: =IF($A21="","",IF(COUNTIFS('Chapter Data'!$D$2:$D$2500,$A21,'Chapter Data'!$A$2:$A$2500,$B$4,'Chapter Data'!$E$2:$E$2500,">0")=0,"",SUMIFS('Chapter Data'!$E$2:$E$2500,'Chapter Data'!$D$2:$D$2500,$A21,'Chapter Data'!$A$2:$A$2500,$B$4))) -> 109 | H21: =IF(OR(F21="",G21=""),"",G21/F21-1) -> 0.018691589 | I21: =IF($G21="","",IF(COUNTIFS('Chapter Data'!$D$2:$D$2500,$A21,'Chapter Data'!$K$2:$K$2500,">=0",'Chapter Data'!$B$2:$B$2500,">="&$C$3,'Chapter Data'!$B$2:$B$2500,"<="&$C$4)=0,"",AVERAGEIFS('Chapter Data'!$K$2:$K$2500,'Chapter Data'!$D$2:$D$2500,$A21,'Chapter Data'!$K$2:$K$2500,">=0",'Chapter Data'!$B$2:$B$2500,">="&$C$3,'Chapter Data'!$B$2:$B$2500,"<="&$C$4))) -> 0.9175 | J21: =IF(B21="","",PERCENTRANK($B$10:$B$44,B21)) -> 1 | K21: =IF(D21="","",PERCENTRANK($D$10:$D$44,D21)) -> 0.5 | L21: =IF(E21="","",PERCENTRANK($E$10:$E$44,E21)) -> 0.0909 | M21: =IF(H21="","",PERCENTRANK($H$10:$H$44,H21)) -> 0.45 | N21: =IF(COUNT(K21:M21)=0,"",AVERAGE(K21:M21)) -> 0.34696667 | O21: =IF(OR(J21="",N21=""),"",$B$5*J21+$B$6*N21) -> 0.67348333 | P21: =IF(O21="","",COUNTIF($O$10:$O$44,">"&O21)+1) -> 4 | Q21: =IF(B21="","",COUNTIF($B$10:$B$44,">"&B21)+1) -> 1 | R21: =IF(N21="","",COUNTIF($N$10:$N$44,">"&N21)+1) -> 17
A22: =IF(Lists!$D$14="","",Lists!$D$14) -> Kappa Sigma | B22: =IF($G22="","",IF(COUNTIFS('Chapter Data'!$D$2:$D$2500,$A22,'Chapter Data'!$G$2:$G$2500,">0",'Chapter Data'!$B$2:$B$2500,">="&$C$3,'Chapter Data'!$B$2:$B$2500,"<="&$C$4)=0,"",AVERAGEIFS('Chapter Data'!$G$2:$G$2500,'Chapter Data'!$D$2:$D$2500,$A22,'Chapter Data'!$G$2:$G$2500,">0",'Chapter Data'!$B$2:$B$2500,">="&$C$3,'Chapter Data'!$B$2:$B$2500,"<="&$C$4))) -> 2.8686 | C22: =IF($G22="","",IF(COUNTIFS('Chapter Data'!$D$2:$D$2500,$A22,'Chapter Data'!$E$2:$E$2500,">0",'Chapter Data'!$B$2:$B$2500,">="&$C$3,'Chapter Data'!$B$2:$B$2500,"<="&$C$4)=0,"",AVERAGEIFS('Chapter Data'!$E$2:$E$2500,'Chapter Data'!$D$2:$D$2500,$A22,'Chapter Data'!$E$2:$E$2500,">0",'Chapter Data'!$B$2:$B$2500,">="&$C$3,'Chapter Data'!$B$2:$B$2500,"<="&$C$4))) -> 56.4 | D22: =IF($G22="","",IF(COUNTIFS('Chapter Data'!$D$2:$D$2500,$A22,'Chapter Data'!$F$2:$F$2500,">=0",'Chapter Data'!$B$2:$B$2500,">="&$C$3,'Chapter Data'!$B$2:$B$2500,"<="&$C$4)=0,"",AVERAGEIFS('Chapter Data'!$F$2:$F$2500,'Chapter Data'!$D$2:$D$2500,$A22,'Chapter Data'!$F$2:$F$2500,">=0",'Chapter Data'!$B$2:$B$2500,">="&$C$3,'Chapter Data'!$B$2:$B$2500,"<="&$C$4))) -> 13.4 | E22: =IF(OR(C22="",D22=""),"",D22/C22) -> 0.23758865 | F22: =IF($G22="","",IF(COUNTIFS('Chapter Data'!$D$2:$D$2500,$A22,'Chapter Data'!$A$2:$A$2500,$B$3,'Chapter Data'!$E$2:$E$2500,">0")=0,"",SUMIFS('Chapter Data'!$E$2:$E$2500,'Chapter Data'!$D$2:$D$2500,$A22,'Chapter Data'!$A$2:$A$2500,$B$3))) -> 32 | G22: =IF($A22="","",IF(COUNTIFS('Chapter Data'!$D$2:$D$2500,$A22,'Chapter Data'!$A$2:$A$2500,$B$4,'Chapter Data'!$E$2:$E$2500,">0")=0,"",SUMIFS('Chapter Data'!$E$2:$E$2500,'Chapter Data'!$D$2:$D$2500,$A22,'Chapter Data'!$A$2:$A$2500,$B$4))) -> 67 | H22: =IF(OR(F22="",G22=""),"",G22/F22-1) -> 1.09375 | I22: =IF($G22="","",IF(COUNTIFS('Chapter Data'!$D$2:$D$2500,$A22,'Chapter Data'!$K$2:$K$2500,">=0",'Chapter Data'!$B$2:$B$2500,">="&$C$3,'Chapter Data'!$B$2:$B$2500,"<="&$C$4)=0,"",AVERAGEIFS('Chapter Data'!$K$2:$K$2500,'Chapter Data'!$D$2:$D$2500,$A22,'Chapter Data'!$K$2:$K$2500,">=0",'Chapter Data'!$B$2:$B$2500,">="&$C$3,'Chapter Data'!$B$2:$B$2500,"<="&$C$4))) -> 0.8475 | J22: =IF(B22="","",PERCENTRANK($B$10:$B$44,B22)) -> 0.0455 | K22: =IF(D22="","",PERCENTRANK($D$10:$D$44,D22)) -> 0.455 | L22: =IF(E22="","",PERCENTRANK($E$10:$E$44,E22)) -> 0.818 | M22: =IF(H22="","",PERCENTRANK($H$10:$H$44,H22)) -> 1 | N22: =IF(COUNT(K22:M22)=0,"",AVERAGE(K22:M22)) -> 0.75766667 | O22: =IF(OR(J22="",N22=""),"",$B$5*J22+$B$6*N22) -> 0.40158333 | P22: =IF(O22="","",COUNTIF($O$10:$O$44,">"&O22)+1) -> 16 | Q22: =IF(B22="","",COUNTIF($B$10:$B$44,">"&B22)+1) -> 22 | R22: =IF(N22="","",COUNTIF($N$10:$N$44,">"&N22)+1) -> 2
A23: =IF(Lists!$D$15="","",Lists!$D$15) -> Lambda Chi Alpha | B23: =IF($G23="","",IF(COUNTIFS('Chapter Data'!$D$2:$D$2500,$A23,'Chapter Data'!$G$2:$G$2500,">0",'Chapter Data'!$B$2:$B$2500,">="&$C$3,'Chapter Data'!$B$2:$B$2500,"<="&$C$4)=0,"",AVERAGEIFS('Chapter Data'!$G$2:$G$2500,'Chapter Data'!$D$2:$D$2500,$A23,'Chapter Data'!$G$2:$G$2500,">0",'Chapter Data'!$B$2:$B$2500,">="&$C$3,'Chapter Data'!$B$2:$B$2500,"<="&$C$4))) -> 3.1915 | C23: =IF($G23="","",IF(COUNTIFS('Chapter Data'!$D$2:$D$2500,$A23,'Chapter Data'!$E$2:$E$2500,">0",'Chapter Data'!$B$2:$B$2500,">="&$C$3,'Chapter Data'!$B$2:$B$2500,"<="&$C$4)=0,"",AVERAGEIFS('Chapter Data'!$E$2:$E$2500,'Chapter Data'!$D$2:$D$2500,$A23,'Chapter Data'!$E$2:$E$2500,">0",'Chapter Data'!$B$2:$B$2500,">="&$C$3,'Chapter Data'!$B$2:$B$2500,"<="&$C$4))) -> 31.5 | D23: =IF($G23="","",IF(COUNTIFS('Chapter Data'!$D$2:$D$2500,$A23,'Chapter Data'!$F$2:$F$2500,">=0",'Chapter Data'!$B$2:$B$2500,">="&$C$3,'Chapter Data'!$B$2:$B$2500,"<="&$C$4)=0,"",AVERAGEIFS('Chapter Data'!$F$2:$F$2500,'Chapter Data'!$D$2:$D$2500,$A23,'Chapter Data'!$F$2:$F$2500,">=0",'Chapter Data'!$B$2:$B$2500,">="&$C$3,'Chapter Data'!$B$2:$B$2500,"<="&$C$4))) -> 12 | E23: =IF(OR(C23="",D23=""),"",D23/C23) -> 0.38095238 | F23: =IF($G23="","",IF(COUNTIFS('Chapter Data'!$D$2:$D$2500,$A23,'Chapter Data'!$A$2:$A$2500,$B$3,'Chapter Data'!$E$2:$E$2500,">0")=0,"",SUMIFS('Chapter Data'!$E$2:$E$2500,'Chapter Data'!$D$2:$D$2500,$A23,'Chapter Data'!$A$2:$A$2500,$B$3))) | G23: =IF($A23="","",IF(COUNTIFS('Chapter Data'!$D$2:$D$2500,$A23,'Chapter Data'!$A$2:$A$2500,$B$4,'Chapter Data'!$E$2:$E$2500,">0")=0,"",SUMIFS('Chapter Data'!$E$2:$E$2500,'Chapter Data'!$D$2:$D$2500,$A23,'Chapter Data'!$A$2:$A$2500,$B$4))) -> 37 | H23: =IF(OR(F23="",G23=""),"",G23/F23-1) | I23: =IF($G23="","",IF(COUNTIFS('Chapter Data'!$D$2:$D$2500,$A23,'Chapter Data'!$K$2:$K$2500,">=0",'Chapter Data'!$B$2:$B$2500,">="&$C$3,'Chapter Data'!$B$2:$B$2500,"<="&$C$4)=0,"",AVERAGEIFS('Chapter Data'!$K$2:$K$2500,'Chapter Data'!$D$2:$D$2500,$A23,'Chapter Data'!$K$2:$K$2500,">=0",'Chapter Data'!$B$2:$B$2500,">="&$C$3,'Chapter Data'!$B$2:$B$2500,"<="&$C$4))) -> 0.8925 | J23: =IF(B23="","",PERCENTRANK($B$10:$B$44,B23)) -> 0.273 | K23: =IF(D23="","",PERCENTRANK($D$10:$D$44,D23)) -> 0.409 | L23: =IF(E23="","",PERCENTRANK($E$10:$E$44,E23)) -> 0.955 | M23: =IF(H23="","",PERCENTRANK($H$10:$H$44,H23)) | N23: =IF(COUNT(K23:M23)=0,"",AVERAGE(K23:M23)) -> 0.682 | O23: =IF(OR(J23="",N23=""),"",$B$5*J23+$B$6*N23) -> 0.4775 | P23: =IF(O23="","",COUNTIF($O$10:$O$44,">"&O23)+1) -> 14 | Q23: =IF(B23="","",COUNTIF($B$10:$B$44,">"&B23)+1) -> 17 | R23: =IF(N23="","",COUNTIF($N$10:$N$44,">"&N23)+1) -> 5
A24: =IF(Lists!$D$16="","",Lists!$D$16) -> Phi Delta Theta | B24: =IF($G24="","",IF(COUNTIFS('Chapter Data'!$D$2:$D$2500,$A24,'Chapter Data'!$G$2:$G$2500,">0",'Chapter Data'!$B$2:$B$2500,">="&$C$3,'Chapter Data'!$B$2:$B$2500,"<="&$C$4)=0,"",AVERAGEIFS('Chapter Data'!$G$2:$G$2500,'Chapter Data'!$D$2:$D$2500,$A24,'Chapter Data'!$G$2:$G$2500,">0",'Chapter Data'!$B$2:$B$2500,">="&$C$3,'Chapter Data'!$B$2:$B$2500,"<="&$C$4))) -> 3.3224 | C24: =IF($G24="","",IF(COUNTIFS('Chapter Data'!$D$2:$D$2500,$A24,'Chapter Data'!$E$2:$E$2500,">0",'Chapter Data'!$B$2:$B$2500,">="&$C$3,'Chapter Data'!$B$2:$B$2500,"<="&$C$4)=0,"",AVERAGEIFS('Chapter Data'!$E$2:$E$2500,'Chapter Data'!$D$2:$D$2500,$A24,'Chapter Data'!$E$2:$E$2500,">0",'Chapter Data'!$B$2:$B$2500,">="&$C$3,'Chapter Data'!$B$2:$B$2500,"<="&$C$4))) -> 139 | D24: =IF($G24="","",IF(COUNTIFS('Chapter Data'!$D$2:$D$2500,$A24,'Chapter Data'!$F$2:$F$2500,">=0",'Chapter Data'!$B$2:$B$2500,">="&$C$3,'Chapter Data'!$B$2:$B$2500,"<="&$C$4)=0,"",AVERAGEIFS('Chapter Data'!$F$2:$F$2500,'Chapter Data'!$D$2:$D$2500,$A24,'Chapter Data'!$F$2:$F$2500,">=0",'Chapter Data'!$B$2:$B$2500,">="&$C$3,'Chapter Data'!$B$2:$B$2500,"<="&$C$4))) -> 19.4 | E24: =IF(OR(C24="",D24=""),"",D24/C24) -> 0.13956835 | F24: =IF($G24="","",IF(COUNTIFS('Chapter Data'!$D$2:$D$2500,$A24,'Chapter Data'!$A$2:$A$2500,$B$3,'Chapter Data'!$E$2:$E$2500,">0")=0,"",SUMIFS('Chapter Data'!$E$2:$E$2500,'Chapter Data'!$D$2:$D$2500,$A24,'Chapter Data'!$A$2:$A$2500,$B$3))) -> 133 | G24: =IF($A24="","",IF(COUNTIFS('Chapter Data'!$D$2:$D$2500,$A24,'Chapter Data'!$A$2:$A$2500,$B$4,'Chapter Data'!$E$2:$E$2500,">0")=0,"",SUMIFS('Chapter Data'!$E$2:$E$2500,'Chapter Data'!$D$2:$D$2500,$A24,'Chapter Data'!$A$2:$A$2500,$B$4))) -> 127 | H24: =IF(OR(F24="",G24=""),"",G24/F24-1) -> -0.045112782 | I24: =IF($G24="","",IF(COUNTIFS('Chapter Data'!$D$2:$D$2500,$A24,'Chapter Data'!$K$2:$K$2500,">=0",'Chapter Data'!$B$2:$B$2500,">="&$C$3,'Chapter Data'!$B$2:$B$2500,"<="&$C$4)=0,"",AVERAGEIFS('Chapter Data'!$K$2:$K$2500,'Chapter Data'!$D$2:$D$2500,$A24,'Chapter Data'!$K$2:$K$2500,">=0",'Chapter Data'!$B$2:$B$2500,">="&$C$3,'Chapter Data'!$B$2:$B$2500,"<="&$C$4))) -> 0.785 | J24: =IF(B24="","",PERCENTRANK($B$10:$B$44,B24)) -> 0.545 | K24: =IF(D24="","",PERCENTRANK($D$10:$D$44,D24)) -> 0.955 | L24: =IF(E24="","",PERCENTRANK($E$10:$E$44,E24)) -> 0.364 | M24: =IF(H24="","",PERCENTRANK($H$10:$H$44,H24)) -> 0.25 | N24: =IF(COUNT(K24:M24)=0,"",AVERAGE(K24:M24)) -> 0.523 | O24: =IF(OR(J24="",N24=""),"",$B$5*J24+$B$6*N24) -> 0.534 | P24: =IF(O24="","",COUNTIF($O$10:$O$44,">"&O24)+1) -> 11 | Q24: =IF(B24="","",COUNTIF($B$10:$B$44,">"&B24)+1) -> 11 | R24: =IF(N24="","",COUNTIF($N$10:$N$44,">"&N24)+1) -> 12
A25: =IF(Lists!$D$17="","",Lists!$D$17) -> Phi Gamma Delta | B25: =IF($G25="","",IF(COUNTIFS('Chapter Data'!$D$2:$D$2500,$A25,'Chapter Data'!$G$2:$G$2500,">0",'Chapter Data'!$B$2:$B$2500,">="&$C$3,'Chapter Data'!$B$2:$B$2500,"<="&$C$4)=0,"",AVERAGEIFS('Chapter Data'!$G$2:$G$2500,'Chapter Data'!$D$2:$D$2500,$A25,'Chapter Data'!$G$2:$G$2500,">0",'Chapter Data'!$B$2:$B$2500,">="&$C$3,'Chapter Data'!$B$2:$B$2500,"<="&$C$4))) -> 3.305 | C25: =IF($G25="","",IF(COUNTIFS('Chapter Data'!$D$2:$D$2500,$A25,'Chapter Data'!$E$2:$E$2500,">0",'Chapter Data'!$B$2:$B$2500,">="&$C$3,'Chapter Data'!$B$2:$B$2500,"<="&$C$4)=0,"",AVERAGEIFS('Chapter Data'!$E$2:$E$2500,'Chapter Data'!$D$2:$D$2500,$A25,'Chapter Data'!$E$2:$E$2500,">0",'Chapter Data'!$B$2:$B$2500,">="&$C$3,'Chapter Data'!$B$2:$B$2500,"<="&$C$4))) -> 14.5 | D25: =IF($G25="","",IF(COUNTIFS('Chapter Data'!$D$2:$D$2500,$A25,'Chapter Data'!$F$2:$F$2500,">=0",'Chapter Data'!$B$2:$B$2500,">="&$C$3,'Chapter Data'!$B$2:$B$2500,"<="&$C$4)=0,"",AVERAGEIFS('Chapter Data'!$F$2:$F$2500,'Chapter Data'!$D$2:$D$2500,$A25,'Chapter Data'!$F$2:$F$2500,">=0",'Chapter Data'!$B$2:$B$2500,">="&$C$3,'Chapter Data'!$B$2:$B$2500,"<="&$C$4))) -> 8.5 | E25: =IF(OR(C25="",D25=""),"",D25/C25) -> 0.5862069 | F25: =IF($G25="","",IF(COUNTIFS('Chapter Data'!$D$2:$D$2500,$A25,'Chapter Data'!$A$2:$A$2500,$B$3,'Chapter Data'!$E$2:$E$2500,">0")=0,"",SUMIFS('Chapter Data'!$E$2:$E$2500,'Chapter Data'!$D$2:$D$2500,$A25,'Chapter Data'!$A$2:$A$2500,$B$3))) | G25: =IF($A25="","",IF(COUNTIFS('Chapter Data'!$D$2:$D$2500,$A25,'Chapter Data'!$A$2:$A$2500,$B$4,'Chapter Data'!$E$2:$E$2500,">0")=0,"",SUMIFS('Chapter Data'!$E$2:$E$2500,'Chapter Data'!$D$2:$D$2500,$A25,'Chapter Data'!$A$2:$A$2500,$B$4))) -> 14 | H25: =IF(OR(F25="",G25=""),"",G25/F25-1) | I25: =IF($G25="","",IF(COUNTIFS('Chapter Data'!$D$2:$D$2500,$A25,'Chapter Data'!$K$2:$K$2500,">=0",'Chapter Data'!$B$2:$B$2500,">="&$C$3,'Chapter Data'!$B$2:$B$2500,"<="&$C$4)=0,"",AVERAGEIFS('Chapter Data'!$K$2:$K$2500,'Chapter Data'!$D$2:$D$2500,$A25,'Chapter Data'!$K$2:$K$2500,">=0",'Chapter Data'!$B$2:$B$2500,">="&$C$3,'Chapter Data'!$B$2:$B$2500,"<="&$C$4))) -> 0.805 | J25: =IF(B25="","",PERCENTRANK($B$10:$B$44,B25)) -> 0.455 | K25: =IF(D25="","",PERCENTRANK($D$10:$D$44,D25)) -> 0.318 | L25: =IF(E25="","",PERCENTRANK($E$10:$E$44,E25)) -> 1 | M25: =IF(H25="","",PERCENTRANK($H$10:$H$44,H25)) | N25: =IF(COUNT(K25:M25)=0,"",AVERAGE(K25:M25)) -> 0.659 | O25: =IF(OR(J25="",N25=""),"",$B$5*J25+$B$6*N25) -> 0.557 | P25: =IF(O25="","",COUNTIF($O$10:$O$44,">"&O25)+1) -> 10 | Q25: =IF(B25="","",COUNTIF($B$10:$B$44,">"&B25)+1) -> 13 | R25: =IF(N25="","",COUNTIF($N$10:$N$44,">"&N25)+1) -> 6
A26: =IF(Lists!$D$18="","",Lists!$D$18) -> Phi Kappa Psi | B26: =IF($G26="","",IF(COUNTIFS('Chapter Data'!$D$2:$D$2500,$A26,'Chapter Data'!$G$2:$G$2500,">0",'Chapter Data'!$B$2:$B$2500,">="&$C$3,'Chapter Data'!$B$2:$B$2500,"<="&$C$4)=0,"",AVERAGEIFS('Chapter Data'!$G$2:$G$2500,'Chapter Data'!$D$2:$D$2500,$A26,'Chapter Data'!$G$2:$G$2500,">0",'Chapter Data'!$B$2:$B$2500,">="&$C$3,'Chapter Data'!$B$2:$B$2500,"<="&$C$4))) -> 3.0272 | C26: =IF($G26="","",IF(COUNTIFS('Chapter Data'!$D$2:$D$2500,$A26,'Chapter Data'!$E$2:$E$2500,">0",'Chapter Data'!$B$2:$B$2500,">="&$C$3,'Chapter Data'!$B$2:$B$2500,"<="&$C$4)=0,"",AVERAGEIFS('Chapter Data'!$E$2:$E$2500,'Chapter Data'!$D$2:$D$2500,$A26,'Chapter Data'!$E$2:$E$2500,">0",'Chapter Data'!$B$2:$B$2500,">="&$C$3,'Chapter Data'!$B$2:$B$2500,"<="&$C$4))) -> 41.6 | D26: =IF($G26="","",IF(COUNTIFS('Chapter Data'!$D$2:$D$2500,$A26,'Chapter Data'!$F$2:$F$2500,">=0",'Chapter Data'!$B$2:$B$2500,">="&$C$3,'Chapter Data'!$B$2:$B$2500,"<="&$C$4)=0,"",AVERAGEIFS('Chapter Data'!$F$2:$F$2500,'Chapter Data'!$D$2:$D$2500,$A26,'Chapter Data'!$F$2:$F$2500,">=0",'Chapter Data'!$B$2:$B$2500,">="&$C$3,'Chapter Data'!$B$2:$B$2500,"<="&$C$4))) -> 5.2 | E26: =IF(OR(C26="",D26=""),"",D26/C26) -> 0.125 | F26: =IF($G26="","",IF(COUNTIFS('Chapter Data'!$D$2:$D$2500,$A26,'Chapter Data'!$A$2:$A$2500,$B$3,'Chapter Data'!$E$2:$E$2500,">0")=0,"",SUMIFS('Chapter Data'!$E$2:$E$2500,'Chapter Data'!$D$2:$D$2500,$A26,'Chapter Data'!$A$2:$A$2500,$B$3))) -> 39 | G26: =IF($A26="","",IF(COUNTIFS('Chapter Data'!$D$2:$D$2500,$A26,'Chapter Data'!$A$2:$A$2500,$B$4,'Chapter Data'!$E$2:$E$2500,">0")=0,"",SUMIFS('Chapter Data'!$E$2:$E$2500,'Chapter Data'!$D$2:$D$2500,$A26,'Chapter Data'!$A$2:$A$2500,$B$4))) -> 39 | H26: =IF(OR(F26="",G26=""),"",G26/F26-1) -> 0 | I26: =IF($G26="","",IF(COUNTIFS('Chapter Data'!$D$2:$D$2500,$A26,'Chapter Data'!$K$2:$K$2500,">=0",'Chapter Data'!$B$2:$B$2500,">="&$C$3,'Chapter Data'!$B$2:$B$2500,"<="&$C$4)=0,"",AVERAGEIFS('Chapter Data'!$K$2:$K$2500,'Chapter Data'!$D$2:$D$2500,$A26,'Chapter Data'!$K$2:$K$2500,">=0",'Chapter Data'!$B$2:$B$2500,">="&$C$3,'Chapter Data'!$B$2:$B$2500,"<="&$C$4))) -> 0.77 | J26: =IF(B26="","",PERCENTRANK($B$10:$B$44,B26)) -> 0.182 | K26: =IF(D26="","",PERCENTRANK($D$10:$D$44,D26)) -> 0.182 | L26: =IF(E26="","",PERCENTRANK($E$10:$E$44,E26)) -> 0.136 | M26: =IF(H26="","",PERCENTRANK($H$10:$H$44,H26)) -> 0.35 | N26: =IF(COUNT(K26:M26)=0,"",AVERAGE(K26:M26)) -> 0.22266667 | O26: =IF(OR(J26="",N26=""),"",$B$5*J26+$B$6*N26) -> 0.20233333 | P26: =IF(O26="","",COUNTIF($O$10:$O$44,">"&O26)+1) -> 23 | Q26: =IF(B26="","",COUNTIF($B$10:$B$44,">"&B26)+1) -> 19 | R26: =IF(N26="","",COUNTIF($N$10:$N$44,">"&N26)+1) -> 21
A27: =IF(Lists!$D$19="","",Lists!$D$19) -> Phi Kappa Theta | B27: =IF($G27="","",IF(COUNTIFS('Chapter Data'!$D$2:$D$2500,$A27,'Chapter Data'!$G$2:$G$2500,">0",'Chapter Data'!$B$2:$B$2500,">="&$C$3,'Chapter Data'!$B$2:$B$2500,"<="&$C$4)=0,"",AVERAGEIFS('Chapter Data'!$G$2:$G$2500,'Chapter Data'!$D$2:$D$2500,$A27,'Chapter Data'!$G$2:$G$2500,">0",'Chapter Data'!$B$2:$B$2500,">="&$C$3,'Chapter Data'!$B$2:$B$2500,"<="&$C$4))) -> 3.4032 | C27: =IF($G27="","",IF(COUNTIFS('Chapter Data'!$D$2:$D$2500,$A27,'Chapter Data'!$E$2:$E$2500,">0",'Chapter Data'!$B$2:$B$2500,">="&$C$3,'Chapter Data'!$B$2:$B$2500,"<="&$C$4)=0,"",AVERAGEIFS('Chapter Data'!$E$2:$E$2500,'Chapter Data'!$D$2:$D$2500,$A27,'Chapter Data'!$E$2:$E$2500,">0",'Chapter Data'!$B$2:$B$2500,">="&$C$3,'Chapter Data'!$B$2:$B$2500,"<="&$C$4))) -> 89.8 | D27: =IF($G27="","",IF(COUNTIFS('Chapter Data'!$D$2:$D$2500,$A27,'Chapter Data'!$F$2:$F$2500,">=0",'Chapter Data'!$B$2:$B$2500,">="&$C$3,'Chapter Data'!$B$2:$B$2500,"<="&$C$4)=0,"",AVERAGEIFS('Chapter Data'!$F$2:$F$2500,'Chapter Data'!$D$2:$D$2500,$A27,'Chapter Data'!$F$2:$F$2500,">=0",'Chapter Data'!$B$2:$B$2500,">="&$C$3,'Chapter Data'!$B$2:$B$2500,"<="&$C$4))) -> 16.4 | E27: =IF(OR(C27="",D27=""),"",D27/C27) -> 0.18262806 | F27: =IF($G27="","",IF(COUNTIFS('Chapter Data'!$D$2:$D$2500,$A27,'Chapter Data'!$A$2:$A$2500,$B$3,'Chapter Data'!$E$2:$E$2500,">0")=0,"",SUMIFS('Chapter Data'!$E$2:$E$2500,'Chapter Data'!$D$2:$D$2500,$A27,'Chapter Data'!$A$2:$A$2500,$B$3))) -> 80 | G27: =IF($A27="","",IF(COUNTIFS('Chapter Data'!$D$2:$D$2500,$A27,'Chapter Data'!$A$2:$A$2500,$B$4,'Chapter Data'!$E$2:$E$2500,">0")=0,"",SUMIFS('Chapter Data'!$E$2:$E$2500,'Chapter Data'!$D$2:$D$2500,$A27,'Chapter Data'!$A$2:$A$2500,$B$4))) -> 95 | H27: =IF(OR(F27="",G27=""),"",G27/F27-1) -> 0.1875 | I27: =IF($G27="","",IF(COUNTIFS('Chapter Data'!$D$2:$D$2500,$A27,'Chapter Data'!$K$2:$K$2500,">=0",'Chapter Data'!$B$2:$B$2500,">="&$C$3,'Chapter Data'!$B$2:$B$2500,"<="&$C$4)=0,"",AVERAGEIFS('Chapter Data'!$K$2:$K$2500,'Chapter Data'!$D$2:$D$2500,$A27,'Chapter Data'!$K$2:$K$2500,">=0",'Chapter Data'!$B$2:$B$2500,">="&$C$3,'Chapter Data'!$B$2:$B$2500,"<="&$C$4))) -> 0.8175 | J27: =IF(B27="","",PERCENTRANK($B$10:$B$44,B27)) -> 0.818 | K27: =IF(D27="","",PERCENTRANK($D$10:$D$44,D27)) -> 0.727 | L27: =IF(E27="","",PERCENTRANK($E$10:$E$44,E27)) -> 0.773 | M27: =IF(H27="","",PERCENTRANK($H$10:$H$44,H27)) -> 0.75 | N27: =IF(COUNT(K27:M27)=0,"",AVERAGE(K27:M27)) -> 0.75 | O27: =IF(OR(J27="",N27=""),"",$B$5*J27+$B$6*N27) -> 0.784 | P27: =IF(O27="","",COUNTIF($O$10:$O$44,">"&O27)+1) -> 2 | Q27: =IF(B27="","",COUNTIF($B$10:$B$44,">"&B27)+1) -> 5 | R27: =IF(N27="","",COUNTIF($N$10:$N$44,">"&N27)+1) -> 3
A28: =IF(Lists!$D$20="","",Lists!$D$20) -> Pi Kappa Alpha | B28: =IF($G28="","",IF(COUNTIFS('Chapter Data'!$D$2:$D$2500,$A28,'Chapter Data'!$G$2:$G$2500,">0",'Chapter Data'!$B$2:$B$2500,">="&$C$3,'Chapter Data'!$B$2:$B$2500,"<="&$C$4)=0,"",AVERAGEIFS('Chapter Data'!$G$2:$G$2500,'Chapter Data'!$D$2:$D$2500,$A28,'Chapter Data'!$G$2:$G$2500,">0",'Chapter Data'!$B$2:$B$2500,">="&$C$3,'Chapter Data'!$B$2:$B$2500,"<="&$C$4))) -> 3.5398 | C28: =IF($G28="","",IF(COUNTIFS('Chapter Data'!$D$2:$D$2500,$A28,'Chapter Data'!$E$2:$E$2500,">0",'Chapter Data'!$B$2:$B$2500,">="&$C$3,'Chapter Data'!$B$2:$B$2500,"<="&$C$4)=0,"",AVERAGEIFS('Chapter Data'!$E$2:$E$2500,'Chapter Data'!$D$2:$D$2500,$A28,'Chapter Data'!$E$2:$E$2500,">0",'Chapter Data'!$B$2:$B$2500,">="&$C$3,'Chapter Data'!$B$2:$B$2500,"<="&$C$4))) -> 148.6 | D28: =IF($G28="","",IF(COUNTIFS('Chapter Data'!$D$2:$D$2500,$A28,'Chapter Data'!$F$2:$F$2500,">=0",'Chapter Data'!$B$2:$B$2500,">="&$C$3,'Chapter Data'!$B$2:$B$2500,"<="&$C$4)=0,"",AVERAGEIFS('Chapter Data'!$F$2:$F$2500,'Chapter Data'!$D$2:$D$2500,$A28,'Chapter Data'!$F$2:$F$2500,">=0",'Chapter Data'!$B$2:$B$2500,">="&$C$3,'Chapter Data'!$B$2:$B$2500,"<="&$C$4))) -> 23 | E28: =IF(OR(C28="",D28=""),"",D28/C28) -> 0.15477793 | F28: =IF($G28="","",IF(COUNTIFS('Chapter Data'!$D$2:$D$2500,$A28,'Chapter Data'!$A$2:$A$2500,$B$3,'Chapter Data'!$E$2:$E$2500,">0")=0,"",SUMIFS('Chapter Data'!$E$2:$E$2500,'Chapter Data'!$D$2:$D$2500,$A28,'Chapter Data'!$A$2:$A$2500,$B$3))) -> 140 | G28: =IF($A28="","",IF(COUNTIFS('Chapter Data'!$D$2:$D$2500,$A28,'Chapter Data'!$A$2:$A$2500,$B$4,'Chapter Data'!$E$2:$E$2500,">0")=0,"",SUMIFS('Chapter Data'!$E$2:$E$2500,'Chapter Data'!$D$2:$D$2500,$A28,'Chapter Data'!$A$2:$A$2500,$B$4))) -> 165 | H28: =IF(OR(F28="",G28=""),"",G28/F28-1) -> 0.17857143 | I28: =IF($G28="","",IF(COUNTIFS('Chapter Data'!$D$2:$D$2500,$A28,'Chapter Data'!$K$2:$K$2500,">=0",'Chapter Data'!$B$2:$B$2500,">="&$C$3,'Chapter Data'!$B$2:$B$2500,"<="&$C$4)=0,"",AVERAGEIFS('Chapter Data'!$K$2:$K$2500,'Chapter Data'!$D$2:$D$2500,$A28,'Chapter Data'!$K$2:$K$2500,">=0",'Chapter Data'!$B$2:$B$2500,">="&$C$3,'Chapter Data'!$B$2:$B$2500,"<="&$C$4))) -> 0.8175 | J28: =IF(B28="","",PERCENTRANK($B$10:$B$44,B28)) -> 0.864 | K28: =IF(D28="","",PERCENTRANK($D$10:$D$44,D28)) -> 1 | L28: =IF(E28="","",PERCENTRANK($E$10:$E$44,E28)) -> 0.545 | M28: =IF(H28="","",PERCENTRANK($H$10:$H$44,H28)) -> 0.65 | N28: =IF(COUNT(K28:M28)=0,"",AVERAGE(K28:M28)) -> 0.73166667 | O28: =IF(OR(J28="",N28=""),"",$B$5*J28+$B$6*N28) -> 0.79783333 | P28: =IF(O28="","",COUNTIF($O$10:$O$44,">"&O28)+1) -> 1 | Q28: =IF(B28="","",COUNTIF($B$10:$B$44,">"&B28)+1) -> 4 | R28: =IF(N28="","",COUNTIF($N$10:$N$44,">"&N28)+1) -> 4
A29: =IF(Lists!$D$21="","",Lists!$D$21) -> Pi Kappa Phi | B29: =IF($G29="","",IF(COUNTIFS('Chapter Data'!$D$2:$D$2500,$A29,'Chapter Data'!$G$2:$G$2500,">0",'Chapter Data'!$B$2:$B$2500,">="&$C$3,'Chapter Data'!$B$2:$B$2500,"<="&$C$4)=0,"",AVERAGEIFS('Chapter Data'!$G$2:$G$2500,'Chapter Data'!$D$2:$D$2500,$A29,'Chapter Data'!$G$2:$G$2500,">0",'Chapter Data'!$B$2:$B$2500,">="&$C$3,'Chapter Data'!$B$2:$B$2500,"<="&$C$4))) | C29: =IF($G29="","",IF(COUNTIFS('Chapter Data'!$D$2:$D$2500,$A29,'Chapter Data'!$E$2:$E$2500,">0",'Chapter Data'!$B$2:$B$2500,">="&$C$3,'Chapter Data'!$B$2:$B$2500,"<="&$C$4)=0,"",AVERAGEIFS('Chapter Data'!$E$2:$E$2500,'Chapter Data'!$D$2:$D$2500,$A29,'Chapter Data'!$E$2:$E$2500,">0",'Chapter Data'!$B$2:$B$2500,">="&$C$3,'Chapter Data'!$B$2:$B$2500,"<="&$C$4))) | D29: =IF($G29="","",IF(COUNTIFS('Chapter Data'!$D$2:$D$2500,$A29,'Chapter Data'!$F$2:$F$2500,">=0",'Chapter Data'!$B$2:$B$2500,">="&$C$3,'Chapter Data'!$B$2:$B$2500,"<="&$C$4)=0,"",AVERAGEIFS('Chapter Data'!$F$2:$F$2500,'Chapter Data'!$D$2:$D$2500,$A29,'Chapter Data'!$F$2:$F$2500,">=0",'Chapter Data'!$B$2:$B$2500,">="&$C$3,'Chapter Data'!$B$2:$B$2500,"<="&$C$4))) | E29: =IF(OR(C29="",D29=""),"",D29/C29) | F29: =IF($G29="","",IF(COUNTIFS('Chapter Data'!$D$2:$D$2500,$A29,'Chapter Data'!$A$2:$A$2500,$B$3,'Chapter Data'!$E$2:$E$2500,">0")=0,"",SUMIFS('Chapter Data'!$E$2:$E$2500,'Chapter Data'!$D$2:$D$2500,$A29,'Chapter Data'!$A$2:$A$2500,$B$3))) | G29: =IF($A29="","",IF(COUNTIFS('Chapter Data'!$D$2:$D$2500,$A29,'Chapter Data'!$A$2:$A$2500,$B$4,'Chapter Data'!$E$2:$E$2500,">0")=0,"",SUMIFS('Chapter Data'!$E$2:$E$2500,'Chapter Data'!$D$2:$D$2500,$A29,'Chapter Data'!$A$2:$A$2500,$B$4))) | H29: =IF(OR(F29="",G29=""),"",G29/F29-1) | I29: =IF($G29="","",IF(COUNTIFS('Chapter Data'!$D$2:$D$2500,$A29,'Chapter Data'!$K$2:$K$2500,">=0",'Chapter Data'!$B$2:$B$2500,">="&$C$3,'Chapter Data'!$B$2:$B$2500,"<="&$C$4)=0,"",AVERAGEIFS('Chapter Data'!$K$2:$K$2500,'Chapter Data'!$D$2:$D$2500,$A29,'Chapter Data'!$K$2:$K$2500,">=0",'Chapter Data'!$B$2:$B$2500,">="&$C$3,'Chapter Data'!$B$2:$B$2500,"<="&$C$4))) | J29: =IF(B29="","",PERCENTRANK($B$10:$B$44,B29)) | K29: =IF(D29="","",PERCENTRANK($D$10:$D$44,D29)) | L29: =IF(E29="","",PERCENTRANK($E$10:$E$44,E29)) | M29: =IF(H29="","",PERCENTRANK($H$10:$H$44,H29)) | N29: =IF(COUNT(K29:M29)=0,"",AVERAGE(K29:M29)) | O29: =IF(OR(J29="",N29=""),"",$B$5*J29+$B$6*N29) | P29: =IF(O29="","",COUNTIF($O$10:$O$44,">"&O29)+1) | Q29: =IF(B29="","",COUNTIF($B$10:$B$44,">"&B29)+1) | R29: =IF(N29="","",COUNTIF($N$10:$N$44,">"&N29)+1)
A30: =IF(Lists!$D$22="","",Lists!$D$22) -> Sigma Alpha Epsilon | B30: =IF($G30="","",IF(COUNTIFS('Chapter Data'!$D$2:$D$2500,$A30,'Chapter Data'!$G$2:$G$2500,">0",'Chapter Data'!$B$2:$B$2500,">="&$C$3,'Chapter Data'!$B$2:$B$2500,"<="&$C$4)=0,"",AVERAGEIFS('Chapter Data'!$G$2:$G$2500,'Chapter Data'!$D$2:$D$2500,$A30,'Chapter Data'!$G$2:$G$2500,">0",'Chapter Data'!$B$2:$B$2500,">="&$C$3,'Chapter Data'!$B$2:$B$2500,"<="&$C$4))) -> 3.3282 | C30: =IF($G30="","",IF(COUNTIFS('Chapter Data'!$D$2:$D$2500,$A30,'Chapter Data'!$E$2:$E$2500,">0",'Chapter Data'!$B$2:$B$2500,">="&$C$3,'Chapter Data'!$B$2:$B$2500,"<="&$C$4)=0,"",AVERAGEIFS('Chapter Data'!$E$2:$E$2500,'Chapter Data'!$D$2:$D$2500,$A30,'Chapter Data'!$E$2:$E$2500,">0",'Chapter Data'!$B$2:$B$2500,">="&$C$3,'Chapter Data'!$B$2:$B$2500,"<="&$C$4))) -> 134.8 | D30: =IF($G30="","",IF(COUNTIFS('Chapter Data'!$D$2:$D$2500,$A30,'Chapter Data'!$F$2:$F$2500,">=0",'Chapter Data'!$B$2:$B$2500,">="&$C$3,'Chapter Data'!$B$2:$B$2500,"<="&$C$4)=0,"",AVERAGEIFS('Chapter Data'!$F$2:$F$2500,'Chapter Data'!$D$2:$D$2500,$A30,'Chapter Data'!$F$2:$F$2500,">=0",'Chapter Data'!$B$2:$B$2500,">="&$C$3,'Chapter Data'!$B$2:$B$2500,"<="&$C$4))) -> 17.2 | E30: =IF(OR(C30="",D30=""),"",D30/C30) -> 0.12759644 | F30: =IF($G30="","",IF(COUNTIFS('Chapter Data'!$D$2:$D$2500,$A30,'Chapter Data'!$A$2:$A$2500,$B$3,'Chapter Data'!$E$2:$E$2500,">0")=0,"",SUMIFS('Chapter Data'!$E$2:$E$2500,'Chapter Data'!$D$2:$D$2500,$A30,'Chapter Data'!$A$2:$A$2500,$B$3))) -> 124 | G30: =IF($A30="","",IF(COUNTIFS('Chapter Data'!$D$2:$D$2500,$A30,'Chapter Data'!$A$2:$A$2500,$B$4,'Chapter Data'!$E$2:$E$2500,">0")=0,"",SUMIFS('Chapter Data'!$E$2:$E$2500,'Chapter Data'!$D$2:$D$2500,$A30,'Chapter Data'!$A$2:$A$2500,$B$4))) -> 142 | H30: =IF(OR(F30="",G30=""),"",G30/F30-1) -> 0.14516129 | I30: =IF($G30="","",IF(COUNTIFS('Chapter Data'!$D$2:$D$2500,$A30,'Chapter Data'!$K$2:$K$2500,">=0",'Chapter Data'!$B$2:$B$2500,">="&$C$3,'Chapter Data'!$B$2:$B$2500,"<="&$C$4)=0,"",AVERAGEIFS('Chapter Data'!$K$2:$K$2500,'Chapter Data'!$D$2:$D$2500,$A30,'Chapter Data'!$K$2:$K$2500,">=0",'Chapter Data'!$B$2:$B$2500,">="&$C$3,'Chapter Data'!$B$2:$B$2500,"<="&$C$4))) -> 0.9775 | J30: =IF(B30="","",PERCENTRANK($B$10:$B$44,B30)) -> 0.591 | K30: =IF(D30="","",PERCENTRANK($D$10:$D$44,D30)) -> 0.864 | L30: =IF(E30="","",PERCENTRANK($E$10:$E$44,E30)) -> 0.227 | M30: =IF(H30="","",PERCENTRANK($H$10:$H$44,H30)) -> 0.55 | N30: =IF(COUNT(K30:M30)=0,"",AVERAGE(K30:M30)) -> 0.547 | O30: =IF(OR(J30="",N30=""),"",$B$5*J30+$B$6*N30) -> 0.569 | P30: =IF(O30="","",COUNTIF($O$10:$O$44,">"&O30)+1) -> 9 | Q30: =IF(B30="","",COUNTIF($B$10:$B$44,">"&B30)+1) -> 10 | R30: =IF(N30="","",COUNTIF($N$10:$N$44,">"&N30)+1) -> 11
A31: =IF(Lists!$D$23="","",Lists!$D$23) -> Sigma Alpha Mu | B31: =IF($G31="","",IF(COUNTIFS('Chapter Data'!$D$2:$D$2500,$A31,'Chapter Data'!$G$2:$G$2500,">0",'Chapter Data'!$B$2:$B$2500,">="&$C$3,'Chapter Data'!$B$2:$B$2500,"<="&$C$4)=0,"",AVERAGEIFS('Chapter Data'!$G$2:$G$2500,'Chapter Data'!$D$2:$D$2500,$A31,'Chapter Data'!$G$2:$G$2500,">0",'Chapter Data'!$B$2:$B$2500,">="&$C$3,'Chapter Data'!$B$2:$B$2500,"<="&$C$4))) -> 3.2274 | C31: =IF($G31="","",IF(COUNTIFS('Chapter Data'!$D$2:$D$2500,$A31,'Chapter Data'!$E$2:$E$2500,">0",'Chapter Data'!$B$2:$B$2500,">="&$C$3,'Chapter Data'!$B$2:$B$2500,"<="&$C$4)=0,"",AVERAGEIFS('Chapter Data'!$E$2:$E$2500,'Chapter Data'!$D$2:$D$2500,$A31,'Chapter Data'!$E$2:$E$2500,">0",'Chapter Data'!$B$2:$B$2500,">="&$C$3,'Chapter Data'!$B$2:$B$2500,"<="&$C$4))) -> 12.4 | D31: =IF($G31="","",IF(COUNTIFS('Chapter Data'!$D$2:$D$2500,$A31,'Chapter Data'!$F$2:$F$2500,">=0",'Chapter Data'!$B$2:$B$2500,">="&$C$3,'Chapter Data'!$B$2:$B$2500,"<="&$C$4)=0,"",AVERAGEIFS('Chapter Data'!$F$2:$F$2500,'Chapter Data'!$D$2:$D$2500,$A31,'Chapter Data'!$F$2:$F$2500,">=0",'Chapter Data'!$B$2:$B$2500,">="&$C$3,'Chapter Data'!$B$2:$B$2500,"<="&$C$4))) -> 1.8 | E31: =IF(OR(C31="",D31=""),"",D31/C31) -> 0.14516129 | F31: =IF($G31="","",IF(COUNTIFS('Chapter Data'!$D$2:$D$2500,$A31,'Chapter Data'!$A$2:$A$2500,$B$3,'Chapter Data'!$E$2:$E$2500,">0")=0,"",SUMIFS('Chapter Data'!$E$2:$E$2500,'Chapter Data'!$D$2:$D$2500,$A31,'Chapter Data'!$A$2:$A$2500,$B$3))) -> 13 | G31: =IF($A31="","",IF(COUNTIFS('Chapter Data'!$D$2:$D$2500,$A31,'Chapter Data'!$A$2:$A$2500,$B$4,'Chapter Data'!$E$2:$E$2500,">0")=0,"",SUMIFS('Chapter Data'!$E$2:$E$2500,'Chapter Data'!$D$2:$D$2500,$A31,'Chapter Data'!$A$2:$A$2500,$B$4))) -> 9 | H31: =IF(OR(F31="",G31=""),"",G31/F31-1) -> -0.30769231 | I31: =IF($G31="","",IF(COUNTIFS('Chapter Data'!$D$2:$D$2500,$A31,'Chapter Data'!$K$2:$K$2500,">=0",'Chapter Data'!$B$2:$B$2500,">="&$C$3,'Chapter Data'!$B$2:$B$2500,"<="&$C$4)=0,"",AVERAGEIFS('Chapter Data'!$K$2:$K$2500,'Chapter Data'!$D$2:$D$2500,$A31,'Chapter Data'!$K$2:$K$2500,">=0",'Chapter Data'!$B$2:$B$2500,">="&$C$3,'Chapter Data'!$B$2:$B$2500,"<="&$C$4))) -> 1 | J31: =IF(B31="","",PERCENTRANK($B$10:$B$44,B31)) -> 0.318 | K31: =IF(D31="","",PERCENTRANK($D$10:$D$44,D31)) -> 0 | L31: =IF(E31="","",PERCENTRANK($E$10:$E$44,E31)) -> 0.455 | M31: =IF(H31="","",PERCENTRANK($H$10:$H$44,H31)) -> 0 | N31: =IF(COUNT(K31:M31)=0,"",AVERAGE(K31:M31)) -> 0.15166667 | O31: =IF(OR(J31="",N31=""),"",$B$5*J31+$B$6*N31) -> 0.23483333 | P31: =IF(O31="","",COUNTIF($O$10:$O$44,">"&O31)+1) -> 21 | Q31: =IF(B31="","",COUNTIF($B$10:$B$44,">"&B31)+1) -> 16 | R31: =IF(N31="","",COUNTIF($N$10:$N$44,">"&N31)+1) -> 23
A32: =IF(Lists!$D$24="","",Lists!$D$24) -> Sigma Chi | B32: =IF($G32="","",IF(COUNTIFS('Chapter Data'!$D$2:$D$2500,$A32,'Chapter Data'!$G$2:$G$2500,">0",'Chapter Data'!$B$2:$B$2500,">="&$C$3,'Chapter Data'!$B$2:$B$2500,"<="&$C$4)=0,"",AVERAGEIFS('Chapter Data'!$G$2:$G$2500,'Chapter Data'!$D$2:$D$2500,$A32,'Chapter Data'!$G$2:$G$2500,">0",'Chapter Data'!$B$2:$B$2500,">="&$C$3,'Chapter Data'!$B$2:$B$2500,"<="&$C$4))) -> 3.3864 | C32: =IF($G32="","",IF(COUNTIFS('Chapter Data'!$D$2:$D$2500,$A32,'Chapter Data'!$E$2:$E$2500,">0",'Chapter Data'!$B$2:$B$2500,">="&$C$3,'Chapter Data'!$B$2:$B$2500,"<="&$C$4)=0,"",AVERAGEIFS('Chapter Data'!$E$2:$E$2500,'Chapter Data'!$D$2:$D$2500,$A32,'Chapter Data'!$E$2:$E$2500,">0",'Chapter Data'!$B$2:$B$2500,">="&$C$3,'Chapter Data'!$B$2:$B$2500,"<="&$C$4))) -> 109 | D32: =IF($G32="","",IF(COUNTIFS('Chapter Data'!$D$2:$D$2500,$A32,'Chapter Data'!$F$2:$F$2500,">=0",'Chapter Data'!$B$2:$B$2500,">="&$C$3,'Chapter Data'!$B$2:$B$2500,"<="&$C$4)=0,"",AVERAGEIFS('Chapter Data'!$F$2:$F$2500,'Chapter Data'!$D$2:$D$2500,$A32,'Chapter Data'!$F$2:$F$2500,">=0",'Chapter Data'!$B$2:$B$2500,">="&$C$3,'Chapter Data'!$B$2:$B$2500,"<="&$C$4))) -> 18.2 | E32: =IF(OR(C32="",D32=""),"",D32/C32) -> 0.16697248 | F32: =IF($G32="","",IF(COUNTIFS('Chapter Data'!$D$2:$D$2500,$A32,'Chapter Data'!$A$2:$A$2500,$B$3,'Chapter Data'!$E$2:$E$2500,">0")=0,"",SUMIFS('Chapter Data'!$E$2:$E$2500,'Chapter Data'!$D$2:$D$2500,$A32,'Chapter Data'!$A$2:$A$2500,$B$3))) -> 92 | G32: =IF($A32="","",IF(COUNTIFS('Chapter Data'!$D$2:$D$2500,$A32,'Chapter Data'!$A$2:$A$2500,$B$4,'Chapter Data'!$E$2:$E$2500,">0")=0,"",SUMIFS('Chapter Data'!$E$2:$E$2500,'Chapter Data'!$D$2:$D$2500,$A32,'Chapter Data'!$A$2:$A$2500,$B$4))) -> 112 | H32: =IF(OR(F32="",G32=""),"",G32/F32-1) -> 0.2173913 | I32: =IF($G32="","",IF(COUNTIFS('Chapter Data'!$D$2:$D$2500,$A32,'Chapter Data'!$K$2:$K$2500,">=0",'Chapter Data'!$B$2:$B$2500,">="&$C$3,'Chapter Data'!$B$2:$B$2500,"<="&$C$4)=0,"",AVERAGEIFS('Chapter Data'!$K$2:$K$2500,'Chapter Data'!$D$2:$D$2500,$A32,'Chapter Data'!$K$2:$K$2500,">=0",'Chapter Data'!$B$2:$B$2500,">="&$C$3,'Chapter Data'!$B$2:$B$2500,"<="&$C$4))) -> 0.9125 | J32: =IF(B32="","",PERCENTRANK($B$10:$B$44,B32)) -> 0.727 | K32: =IF(D32="","",PERCENTRANK($D$10:$D$44,D32)) -> 0.909 | L32: =IF(E32="","",PERCENTRANK($E$10:$E$44,E32)) -> 0.636 | M32: =IF(H32="","",PERCENTRANK($H$10:$H$44,H32)) -> 0.8 | N32: =IF(COUNT(K32:M32)=0,"",AVERAGE(K32:M32)) -> 0.78166667 | O32: =IF(OR(J32="",N32=""),"",$B$5*J32+$B$6*N32) -> 0.75433333 | P32: =IF(O32="","",COUNTIF($O$10:$O$44,">"&O32)+1) -> 3 | Q32: =IF(B32="","",COUNTIF($B$10:$B$44,">"&B32)+1) -> 7 | R32: =IF(N32="","",COUNTIF($N$10:$N$44,">"&N32)+1) -> 1
A33: =IF(Lists!$D$25="","",Lists!$D$25) -> Sigma Nu | B33: =IF($G33="","",IF(COUNTIFS('Chapter Data'!$D$2:$D$2500,$A33,'Chapter Data'!$G$2:$G$2500,">0",'Chapter Data'!$B$2:$B$2500,">="&$C$3,'Chapter Data'!$B$2:$B$2500,"<="&$C$4)=0,"",AVERAGEIFS('Chapter Data'!$G$2:$G$2500,'Chapter Data'!$D$2:$D$2500,$A33,'Chapter Data'!$G$2:$G$2500,">0",'Chapter Data'!$B$2:$B$2500,">="&$C$3,'Chapter Data'!$B$2:$B$2500,"<="&$C$4))) | C33: =IF($G33="","",IF(COUNTIFS('Chapter Data'!$D$2:$D$2500,$A33,'Chapter Data'!$E$2:$E$2500,">0",'Chapter Data'!$B$2:$B$2500,">="&$C$3,'Chapter Data'!$B$2:$B$2500,"<="&$C$4)=0,"",AVERAGEIFS('Chapter Data'!$E$2:$E$2500,'Chapter Data'!$D$2:$D$2500,$A33,'Chapter Data'!$E$2:$E$2500,">0",'Chapter Data'!$B$2:$B$2500,">="&$C$3,'Chapter Data'!$B$2:$B$2500,"<="&$C$4))) | D33: =IF($G33="","",IF(COUNTIFS('Chapter Data'!$D$2:$D$2500,$A33,'Chapter Data'!$F$2:$F$2500,">=0",'Chapter Data'!$B$2:$B$2500,">="&$C$3,'Chapter Data'!$B$2:$B$2500,"<="&$C$4)=0,"",AVERAGEIFS('Chapter Data'!$F$2:$F$2500,'Chapter Data'!$D$2:$D$2500,$A33,'Chapter Data'!$F$2:$F$2500,">=0",'Chapter Data'!$B$2:$B$2500,">="&$C$3,'Chapter Data'!$B$2:$B$2500,"<="&$C$4))) | E33: =IF(OR(C33="",D33=""),"",D33/C33) | F33: =IF($G33="","",IF(COUNTIFS('Chapter Data'!$D$2:$D$2500,$A33,'Chapter Data'!$A$2:$A$2500,$B$3,'Chapter Data'!$E$2:$E$2500,">0")=0,"",SUMIFS('Chapter Data'!$E$2:$E$2500,'Chapter Data'!$D$2:$D$2500,$A33,'Chapter Data'!$A$2:$A$2500,$B$3))) | G33: =IF($A33="","",IF(COUNTIFS('Chapter Data'!$D$2:$D$2500,$A33,'Chapter Data'!$A$2:$A$2500,$B$4,'Chapter Data'!$E$2:$E$2500,">0")=0,"",SUMIFS('Chapter Data'!$E$2:$E$2500,'Chapter Data'!$D$2:$D$2500,$A33,'Chapter Data'!$A$2:$A$2500,$B$4))) | H33: =IF(OR(F33="",G33=""),"",G33/F33-1) | I33: =IF($G33="","",IF(COUNTIFS('Chapter Data'!$D$2:$D$2500,$A33,'Chapter Data'!$K$2:$K$2500,">=0",'Chapter Data'!$B$2:$B$2500,">="&$C$3,'Chapter Data'!$B$2:$B$2500,"<="&$C$4)=0,"",AVERAGEIFS('Chapter Data'!$K$2:$K$2500,'Chapter Data'!$D$2:$D$2500,$A33,'Chapter Data'!$K$2:$K$2500,">=0",'Chapter Data'!$B$2:$B$2500,">="&$C$3,'Chapter Data'!$B$2:$B$2500,"<="&$C$4))) | J33: =IF(B33="","",PERCENTRANK($B$10:$B$44,B33)) | K33: =IF(D33="","",PERCENTRANK($D$10:$D$44,D33)) | L33: =IF(E33="","",PERCENTRANK($E$10:$E$44,E33)) | M33: =IF(H33="","",PERCENTRANK($H$10:$H$44,H33)) | N33: =IF(COUNT(K33:M33)=0,"",AVERAGE(K33:M33)) | O33: =IF(OR(J33="",N33=""),"",$B$5*J33+$B$6*N33) | P33: =IF(O33="","",COUNTIF($O$10:$O$44,">"&O33)+1) | Q33: =IF(B33="","",COUNTIF($B$10:$B$44,">"&B33)+1) | R33: =IF(N33="","",COUNTIF($N$10:$N$44,">"&N33)+1)
A34: =IF(Lists!$D$26="","",Lists!$D$26) -> Sigma Phi Epsilon | B34: =IF($G34="","",IF(COUNTIFS('Chapter Data'!$D$2:$D$2500,$A34,'Chapter Data'!$G$2:$G$2500,">0",'Chapter Data'!$B$2:$B$2500,">="&$C$3,'Chapter Data'!$B$2:$B$2500,"<="&$C$4)=0,"",AVERAGEIFS('Chapter Data'!$G$2:$G$2500,'Chapter Data'!$D$2:$D$2500,$A34,'Chapter Data'!$G$2:$G$2500,">0",'Chapter Data'!$B$2:$B$2500,">="&$C$3,'Chapter Data'!$B$2:$B$2500,"<="&$C$4))) -> 3.6568 | C34: =IF($G34="","",IF(COUNTIFS('Chapter Data'!$D$2:$D$2500,$A34,'Chapter Data'!$E$2:$E$2500,">0",'Chapter Data'!$B$2:$B$2500,">="&$C$3,'Chapter Data'!$B$2:$B$2500,"<="&$C$4)=0,"",AVERAGEIFS('Chapter Data'!$E$2:$E$2500,'Chapter Data'!$D$2:$D$2500,$A34,'Chapter Data'!$E$2:$E$2500,">0",'Chapter Data'!$B$2:$B$2500,">="&$C$3,'Chapter Data'!$B$2:$B$2500,"<="&$C$4))) -> 153.2 | D34: =IF($G34="","",IF(COUNTIFS('Chapter Data'!$D$2:$D$2500,$A34,'Chapter Data'!$F$2:$F$2500,">=0",'Chapter Data'!$B$2:$B$2500,">="&$C$3,'Chapter Data'!$B$2:$B$2500,"<="&$C$4)=0,"",AVERAGEIFS('Chapter Data'!$F$2:$F$2500,'Chapter Data'!$D$2:$D$2500,$A34,'Chapter Data'!$F$2:$F$2500,">=0",'Chapter Data'!$B$2:$B$2500,">="&$C$3,'Chapter Data'!$B$2:$B$2500,"<="&$C$4))) -> 17 | E34: =IF(OR(C34="",D34=""),"",D34/C34) -> 0.11096606 | F34: =IF($G34="","",IF(COUNTIFS('Chapter Data'!$D$2:$D$2500,$A34,'Chapter Data'!$A$2:$A$2500,$B$3,'Chapter Data'!$E$2:$E$2500,">0")=0,"",SUMIFS('Chapter Data'!$E$2:$E$2500,'Chapter Data'!$D$2:$D$2500,$A34,'Chapter Data'!$A$2:$A$2500,$B$3))) -> 153 | G34: =IF($A34="","",IF(COUNTIFS('Chapter Data'!$D$2:$D$2500,$A34,'Chapter Data'!$A$2:$A$2500,$B$4,'Chapter Data'!$E$2:$E$2500,">0")=0,"",SUMIFS('Chapter Data'!$E$2:$E$2500,'Chapter Data'!$D$2:$D$2500,$A34,'Chapter Data'!$A$2:$A$2500,$B$4))) -> 155 | H34: =IF(OR(F34="",G34=""),"",G34/F34-1) -> 0.013071895 | I34: =IF($G34="","",IF(COUNTIFS('Chapter Data'!$D$2:$D$2500,$A34,'Chapter Data'!$K$2:$K$2500,">=0",'Chapter Data'!$B$2:$B$2500,">="&$C$3,'Chapter Data'!$B$2:$B$2500,"<="&$C$4)=0,"",AVERAGEIFS('Chapter Data'!$K$2:$K$2500,'Chapter Data'!$D$2:$D$2500,$A34,'Chapter Data'!$K$2:$K$2500,">=0",'Chapter Data'!$B$2:$B$2500,">="&$C$3,'Chapter Data'!$B$2:$B$2500,"<="&$C$4))) -> 0.98666667 | J34: =IF(B34="","",PERCENTRANK($B$10:$B$44,B34)) -> 0.955 | K34: =IF(D34="","",PERCENTRANK($D$10:$D$44,D34)) -> 0.773 | L34: =IF(E34="","",PERCENTRANK($E$10:$E$44,E34)) -> 0 | M34: =IF(H34="","",PERCENTRANK($H$10:$H$44,H34)) -> 0.4 | N34: =IF(COUNT(K34:M34)=0,"",AVERAGE(K34:M34)) -> 0.391 | O34: =IF(OR(J34="",N34=""),"",$B$5*J34+$B$6*N34) -> 0.673 | P34: =IF(O34="","",COUNTIF($O$10:$O$44,">"&O34)+1) -> 5 | Q34: =IF(B34="","",COUNTIF($B$10:$B$44,">"&B34)+1) -> 2 | R34: =IF(N34="","",COUNTIF($N$10:$N$44,">"&N34)+1) -> 14
A35: =IF(Lists!$D$27="","",Lists!$D$27) -> Sigma Tau Gamma | B35: =IF($G35="","",IF(COUNTIFS('Chapter Data'!$D$2:$D$2500,$A35,'Chapter Data'!$G$2:$G$2500,">0",'Chapter Data'!$B$2:$B$2500,">="&$C$3,'Chapter Data'!$B$2:$B$2500,"<="&$C$4)=0,"",AVERAGEIFS('Chapter Data'!$G$2:$G$2500,'Chapter Data'!$D$2:$D$2500,$A35,'Chapter Data'!$G$2:$G$2500,">0",'Chapter Data'!$B$2:$B$2500,">="&$C$3,'Chapter Data'!$B$2:$B$2500,"<="&$C$4))) | C35: =IF($G35="","",IF(COUNTIFS('Chapter Data'!$D$2:$D$2500,$A35,'Chapter Data'!$E$2:$E$2500,">0",'Chapter Data'!$B$2:$B$2500,">="&$C$3,'Chapter Data'!$B$2:$B$2500,"<="&$C$4)=0,"",AVERAGEIFS('Chapter Data'!$E$2:$E$2500,'Chapter Data'!$D$2:$D$2500,$A35,'Chapter Data'!$E$2:$E$2500,">0",'Chapter Data'!$B$2:$B$2500,">="&$C$3,'Chapter Data'!$B$2:$B$2500,"<="&$C$4))) | D35: =IF($G35="","",IF(COUNTIFS('Chapter Data'!$D$2:$D$2500,$A35,'Chapter Data'!$F$2:$F$2500,">=0",'Chapter Data'!$B$2:$B$2500,">="&$C$3,'Chapter Data'!$B$2:$B$2500,"<="&$C$4)=0,"",AVERAGEIFS('Chapter Data'!$F$2:$F$2500,'Chapter Data'!$D$2:$D$2500,$A35,'Chapter Data'!$F$2:$F$2500,">=0",'Chapter Data'!$B$2:$B$2500,">="&$C$3,'Chapter Data'!$B$2:$B$2500,"<="&$C$4))) | E35: =IF(OR(C35="",D35=""),"",D35/C35) | F35: =IF($G35="","",IF(COUNTIFS('Chapter Data'!$D$2:$D$2500,$A35,'Chapter Data'!$A$2:$A$2500,$B$3,'Chapter Data'!$E$2:$E$2500,">0")=0,"",SUMIFS('Chapter Data'!$E$2:$E$2500,'Chapter Data'!$D$2:$D$2500,$A35,'Chapter Data'!$A$2:$A$2500,$B$3))) | G35: =IF($A35="","",IF(COUNTIFS('Chapter Data'!$D$2:$D$2500,$A35,'Chapter Data'!$A$2:$A$2500,$B$4,'Chapter Data'!$E$2:$E$2500,">0")=0,"",SUMIFS('Chapter Data'!$E$2:$E$2500,'Chapter Data'!$D$2:$D$2500,$A35,'Chapter Data'!$A$2:$A$2500,$B$4))) | H35: =IF(OR(F35="",G35=""),"",G35/F35-1) | I35: =IF($G35="","",IF(COUNTIFS('Chapter Data'!$D$2:$D$2500,$A35,'Chapter Data'!$K$2:$K$2500,">=0",'Chapter Data'!$B$2:$B$2500,">="&$C$3,'Chapter Data'!$B$2:$B$2500,"<="&$C$4)=0,"",AVERAGEIFS('Chapter Data'!$K$2:$K$2500,'Chapter Data'!$D$2:$D$2500,$A35,'Chapter Data'!$K$2:$K$2500,">=0",'Chapter Data'!$B$2:$B$2500,">="&$C$3,'Chapter Data'!$B$2:$B$2500,"<="&$C$4))) | J35: =IF(B35="","",PERCENTRANK($B$10:$B$44,B35)) | K35: =IF(D35="","",PERCENTRANK($D$10:$D$44,D35)) | L35: =IF(E35="","",PERCENTRANK($E$10:$E$44,E35)) | M35: =IF(H35="","",PERCENTRANK($H$10:$H$44,H35)) | N35: =IF(COUNT(K35:M35)=0,"",AVERAGE(K35:M35)) | O35: =IF(OR(J35="",N35=""),"",$B$5*J35+$B$6*N35) | P35: =IF(O35="","",COUNTIF($O$10:$O$44,">"&O35)+1) | Q35: =IF(B35="","",COUNTIF($B$10:$B$44,">"&B35)+1) | R35: =IF(N35="","",COUNTIF($N$10:$N$44,">"&N35)+1)
A36: =IF(Lists!$D$28="","",Lists!$D$28) -> Tau Kappa Epsilon | B36: =IF($G36="","",IF(COUNTIFS('Chapter Data'!$D$2:$D$2500,$A36,'Chapter Data'!$G$2:$G$2500,">0",'Chapter Data'!$B$2:$B$2500,">="&$C$3,'Chapter Data'!$B$2:$B$2500,"<="&$C$4)=0,"",AVERAGEIFS('Chapter Data'!$G$2:$G$2500,'Chapter Data'!$D$2:$D$2500,$A36,'Chapter Data'!$G$2:$G$2500,">0",'Chapter Data'!$B$2:$B$2500,">="&$C$3,'Chapter Data'!$B$2:$B$2500,"<="&$C$4))) | C36: =IF($G36="","",IF(COUNTIFS('Chapter Data'!$D$2:$D$2500,$A36,'Chapter Data'!$E$2:$E$2500,">0",'Chapter Data'!$B$2:$B$2500,">="&$C$3,'Chapter Data'!$B$2:$B$2500,"<="&$C$4)=0,"",AVERAGEIFS('Chapter Data'!$E$2:$E$2500,'Chapter Data'!$D$2:$D$2500,$A36,'Chapter Data'!$E$2:$E$2500,">0",'Chapter Data'!$B$2:$B$2500,">="&$C$3,'Chapter Data'!$B$2:$B$2500,"<="&$C$4))) | D36: =IF($G36="","",IF(COUNTIFS('Chapter Data'!$D$2:$D$2500,$A36,'Chapter Data'!$F$2:$F$2500,">=0",'Chapter Data'!$B$2:$B$2500,">="&$C$3,'Chapter Data'!$B$2:$B$2500,"<="&$C$4)=0,"",AVERAGEIFS('Chapter Data'!$F$2:$F$2500,'Chapter Data'!$D$2:$D$2500,$A36,'Chapter Data'!$F$2:$F$2500,">=0",'Chapter Data'!$B$2:$B$2500,">="&$C$3,'Chapter Data'!$B$2:$B$2500,"<="&$C$4))) | E36: =IF(OR(C36="",D36=""),"",D36/C36) | F36: =IF($G36="","",IF(COUNTIFS('Chapter Data'!$D$2:$D$2500,$A36,'Chapter Data'!$A$2:$A$2500,$B$3,'Chapter Data'!$E$2:$E$2500,">0")=0,"",SUMIFS('Chapter Data'!$E$2:$E$2500,'Chapter Data'!$D$2:$D$2500,$A36,'Chapter Data'!$A$2:$A$2500,$B$3))) | G36: =IF($A36="","",IF(COUNTIFS('Chapter Data'!$D$2:$D$2500,$A36,'Chapter Data'!$A$2:$A$2500,$B$4,'Chapter Data'!$E$2:$E$2500,">0")=0,"",SUMIFS('Chapter Data'!$E$2:$E$2500,'Chapter Data'!$D$2:$D$2500,$A36,'Chapter Data'!$A$2:$A$2500,$B$4))) | H36: =IF(OR(F36="",G36=""),"",G36/F36-1) | I36: =IF($G36="","",IF(COUNTIFS('Chapter Data'!$D$2:$D$2500,$A36,'Chapter Data'!$K$2:$K$2500,">=0",'Chapter Data'!$B$2:$B$2500,">="&$C$3,'Chapter Data'!$B$2:$B$2500,"<="&$C$4)=0,"",AVERAGEIFS('Chapter Data'!$K$2:$K$2500,'Chapter Data'!$D$2:$D$2500,$A36,'Chapter Data'!$K$2:$K$2500,">=0",'Chapter Data'!$B$2:$B$2500,">="&$C$3,'Chapter Data'!$B$2:$B$2500,"<="&$C$4))) | J36: =IF(B36="","",PERCENTRANK($B$10:$B$44,B36)) | K36: =IF(D36="","",PERCENTRANK($D$10:$D$44,D36)) | L36: =IF(E36="","",PERCENTRANK($E$10:$E$44,E36)) | M36: =IF(H36="","",PERCENTRANK($H$10:$H$44,H36)) | N36: =IF(COUNT(K36:M36)=0,"",AVERAGE(K36:M36)) | O36: =IF(OR(J36="",N36=""),"",$B$5*J36+$B$6*N36) | P36: =IF(O36="","",COUNTIF($O$10:$O$44,">"&O36)+1) | Q36: =IF(B36="","",COUNTIF($B$10:$B$44,">"&B36)+1) | R36: =IF(N36="","",COUNTIF($N$10:$N$44,">"&N36)+1)
A37: =IF(Lists!$D$29="","",Lists!$D$29) -> Theta Chi | B37: =IF($G37="","",IF(COUNTIFS('Chapter Data'!$D$2:$D$2500,$A37,'Chapter Data'!$G$2:$G$2500,">0",'Chapter Data'!$B$2:$B$2500,">="&$C$3,'Chapter Data'!$B$2:$B$2500,"<="&$C$4)=0,"",AVERAGEIFS('Chapter Data'!$G$2:$G$2500,'Chapter Data'!$D$2:$D$2500,$A37,'Chapter Data'!$G$2:$G$2500,">0",'Chapter Data'!$B$2:$B$2500,">="&$C$3,'Chapter Data'!$B$2:$B$2500,"<="&$C$4))) -> 2.8866 | C37: =IF($G37="","",IF(COUNTIFS('Chapter Data'!$D$2:$D$2500,$A37,'Chapter Data'!$E$2:$E$2500,">0",'Chapter Data'!$B$2:$B$2500,">="&$C$3,'Chapter Data'!$B$2:$B$2500,"<="&$C$4)=0,"",AVERAGEIFS('Chapter Data'!$E$2:$E$2500,'Chapter Data'!$D$2:$D$2500,$A37,'Chapter Data'!$E$2:$E$2500,">0",'Chapter Data'!$B$2:$B$2500,">="&$C$3,'Chapter Data'!$B$2:$B$2500,"<="&$C$4))) -> 30.6 | D37: =IF($G37="","",IF(COUNTIFS('Chapter Data'!$D$2:$D$2500,$A37,'Chapter Data'!$F$2:$F$2500,">=0",'Chapter Data'!$B$2:$B$2500,">="&$C$3,'Chapter Data'!$B$2:$B$2500,"<="&$C$4)=0,"",AVERAGEIFS('Chapter Data'!$F$2:$F$2500,'Chapter Data'!$D$2:$D$2500,$A37,'Chapter Data'!$F$2:$F$2500,">=0",'Chapter Data'!$B$2:$B$2500,">="&$C$3,'Chapter Data'!$B$2:$B$2500,"<="&$C$4))) -> 9.4 | E37: =IF(OR(C37="",D37=""),"",D37/C37) -> 0.30718954 | F37: =IF($G37="","",IF(COUNTIFS('Chapter Data'!$D$2:$D$2500,$A37,'Chapter Data'!$A$2:$A$2500,$B$3,'Chapter Data'!$E$2:$E$2500,">0")=0,"",SUMIFS('Chapter Data'!$E$2:$E$2500,'Chapter Data'!$D$2:$D$2500,$A37,'Chapter Data'!$A$2:$A$2500,$B$3))) -> 27 | G37: =IF($A37="","",IF(COUNTIFS('Chapter Data'!$D$2:$D$2500,$A37,'Chapter Data'!$A$2:$A$2500,$B$4,'Chapter Data'!$E$2:$E$2500,">0")=0,"",SUMIFS('Chapter Data'!$E$2:$E$2500,'Chapter Data'!$D$2:$D$2500,$A37,'Chapter Data'!$A$2:$A$2500,$B$4))) -> 32 | H37: =IF(OR(F37="",G37=""),"",G37/F37-1) -> 0.18518519 | I37: =IF($G37="","",IF(COUNTIFS('Chapter Data'!$D$2:$D$2500,$A37,'Chapter Data'!$K$2:$K$2500,">=0",'Chapter Data'!$B$2:$B$2500,">="&$C$3,'Chapter Data'!$B$2:$B$2500,"<="&$C$4)=0,"",AVERAGEIFS('Chapter Data'!$K$2:$K$2500,'Chapter Data'!$D$2:$D$2500,$A37,'Chapter Data'!$K$2:$K$2500,">=0",'Chapter Data'!$B$2:$B$2500,">="&$C$3,'Chapter Data'!$B$2:$B$2500,"<="&$C$4))) -> 0.975 | J37: =IF(B37="","",PERCENTRANK($B$10:$B$44,B37)) -> 0.136 | K37: =IF(D37="","",PERCENTRANK($D$10:$D$44,D37)) -> 0.364 | L37: =IF(E37="","",PERCENTRANK($E$10:$E$44,E37)) -> 0.909 | M37: =IF(H37="","",PERCENTRANK($H$10:$H$44,H37)) -> 0.7 | N37: =IF(COUNT(K37:M37)=0,"",AVERAGE(K37:M37)) -> 0.65766667 | O37: =IF(OR(J37="",N37=""),"",$B$5*J37+$B$6*N37) -> 0.39683333 | P37: =IF(O37="","",COUNTIF($O$10:$O$44,">"&O37)+1) -> 17 | Q37: =IF(B37="","",COUNTIF($B$10:$B$44,">"&B37)+1) -> 20 | R37: =IF(N37="","",COUNTIF($N$10:$N$44,">"&N37)+1) -> 7
A38: =IF(Lists!$D$30="","",Lists!$D$30) -> Theta Xi | B38: =IF($G38="","",IF(COUNTIFS('Chapter Data'!$D$2:$D$2500,$A38,'Chapter Data'!$G$2:$G$2500,">0",'Chapter Data'!$B$2:$B$2500,">="&$C$3,'Chapter Data'!$B$2:$B$2500,"<="&$C$4)=0,"",AVERAGEIFS('Chapter Data'!$G$2:$G$2500,'Chapter Data'!$D$2:$D$2500,$A38,'Chapter Data'!$G$2:$G$2500,">0",'Chapter Data'!$B$2:$B$2500,">="&$C$3,'Chapter Data'!$B$2:$B$2500,"<="&$C$4))) -> 3.1572 | C38: =IF($G38="","",IF(COUNTIFS('Chapter Data'!$D$2:$D$2500,$A38,'Chapter Data'!$E$2:$E$2500,">0",'Chapter Data'!$B$2:$B$2500,">="&$C$3,'Chapter Data'!$B$2:$B$2500,"<="&$C$4)=0,"",AVERAGEIFS('Chapter Data'!$E$2:$E$2500,'Chapter Data'!$D$2:$D$2500,$A38,'Chapter Data'!$E$2:$E$2500,">0",'Chapter Data'!$B$2:$B$2500,">="&$C$3,'Chapter Data'!$B$2:$B$2500,"<="&$C$4))) -> 46.2 | D38: =IF($G38="","",IF(COUNTIFS('Chapter Data'!$D$2:$D$2500,$A38,'Chapter Data'!$F$2:$F$2500,">=0",'Chapter Data'!$B$2:$B$2500,">="&$C$3,'Chapter Data'!$B$2:$B$2500,"<="&$C$4)=0,"",AVERAGEIFS('Chapter Data'!$F$2:$F$2500,'Chapter Data'!$D$2:$D$2500,$A38,'Chapter Data'!$F$2:$F$2500,">=0",'Chapter Data'!$B$2:$B$2500,">="&$C$3,'Chapter Data'!$B$2:$B$2500,"<="&$C$4))) -> 7.6 | E38: =IF(OR(C38="",D38=""),"",D38/C38) -> 0.16450216 | F38: =IF($G38="","",IF(COUNTIFS('Chapter Data'!$D$2:$D$2500,$A38,'Chapter Data'!$A$2:$A$2500,$B$3,'Chapter Data'!$E$2:$E$2500,">0")=0,"",SUMIFS('Chapter Data'!$E$2:$E$2500,'Chapter Data'!$D$2:$D$2500,$A38,'Chapter Data'!$A$2:$A$2500,$B$3))) -> 48 | G38: =IF($A38="","",IF(COUNTIFS('Chapter Data'!$D$2:$D$2500,$A38,'Chapter Data'!$A$2:$A$2500,$B$4,'Chapter Data'!$E$2:$E$2500,">0")=0,"",SUMIFS('Chapter Data'!$E$2:$E$2500,'Chapter Data'!$D$2:$D$2500,$A38,'Chapter Data'!$A$2:$A$2500,$B$4))) -> 43 | H38: =IF(OR(F38="",G38=""),"",G38/F38-1) -> -0.10416667 | I38: =IF($G38="","",IF(COUNTIFS('Chapter Data'!$D$2:$D$2500,$A38,'Chapter Data'!$K$2:$K$2500,">=0",'Chapter Data'!$B$2:$B$2500,">="&$C$3,'Chapter Data'!$B$2:$B$2500,"<="&$C$4)=0,"",AVERAGEIFS('Chapter Data'!$K$2:$K$2500,'Chapter Data'!$D$2:$D$2500,$A38,'Chapter Data'!$K$2:$K$2500,">=0",'Chapter Data'!$B$2:$B$2500,">="&$C$3,'Chapter Data'!$B$2:$B$2500,"<="&$C$4))) -> 0.9175 | J38: =IF(B38="","",PERCENTRANK($B$10:$B$44,B38)) -> 0.227 | K38: =IF(D38="","",PERCENTRANK($D$10:$D$44,D38)) -> 0.273 | L38: =IF(E38="","",PERCENTRANK($E$10:$E$44,E38)) -> 0.591 | M38: =IF(H38="","",PERCENTRANK($H$10:$H$44,H38)) -> 0.1 | N38: =IF(COUNT(K38:M38)=0,"",AVERAGE(K38:M38)) -> 0.32133333 | O38: =IF(OR(J38="",N38=""),"",$B$5*J38+$B$6*N38) -> 0.27416667 | P38: =IF(O38="","",COUNTIF($O$10:$O$44,">"&O38)+1) -> 20 | Q38: =IF(B38="","",COUNTIF($B$10:$B$44,">"&B38)+1) -> 18 | R38: =IF(N38="","",COUNTIF($N$10:$N$44,">"&N38)+1) -> 20
A39: =IF(Lists!$D$31="","",Lists!$D$31) -> Triangle | B39: =IF($G39="","",IF(COUNTIFS('Chapter Data'!$D$2:$D$2500,$A39,'Chapter Data'!$G$2:$G$2500,">0",'Chapter Data'!$B$2:$B$2500,">="&$C$3,'Chapter Data'!$B$2:$B$2500,"<="&$C$4)=0,"",AVERAGEIFS('Chapter Data'!$G$2:$G$2500,'Chapter Data'!$D$2:$D$2500,$A39,'Chapter Data'!$G$2:$G$2500,">0",'Chapter Data'!$B$2:$B$2500,">="&$C$3,'Chapter Data'!$B$2:$B$2500,"<="&$C$4))) -> 2.7806 | C39: =IF($G39="","",IF(COUNTIFS('Chapter Data'!$D$2:$D$2500,$A39,'Chapter Data'!$E$2:$E$2500,">0",'Chapter Data'!$B$2:$B$2500,">="&$C$3,'Chapter Data'!$B$2:$B$2500,"<="&$C$4)=0,"",AVERAGEIFS('Chapter Data'!$E$2:$E$2500,'Chapter Data'!$D$2:$D$2500,$A39,'Chapter Data'!$E$2:$E$2500,">0",'Chapter Data'!$B$2:$B$2500,">="&$C$3,'Chapter Data'!$B$2:$B$2500,"<="&$C$4))) -> 24 | D39: =IF($G39="","",IF(COUNTIFS('Chapter Data'!$D$2:$D$2500,$A39,'Chapter Data'!$F$2:$F$2500,">=0",'Chapter Data'!$B$2:$B$2500,">="&$C$3,'Chapter Data'!$B$2:$B$2500,"<="&$C$4)=0,"",AVERAGEIFS('Chapter Data'!$F$2:$F$2500,'Chapter Data'!$D$2:$D$2500,$A39,'Chapter Data'!$F$2:$F$2500,">=0",'Chapter Data'!$B$2:$B$2500,">="&$C$3,'Chapter Data'!$B$2:$B$2500,"<="&$C$4))) -> 5.8 | E39: =IF(OR(C39="",D39=""),"",D39/C39) -> 0.24166667 | F39: =IF($G39="","",IF(COUNTIFS('Chapter Data'!$D$2:$D$2500,$A39,'Chapter Data'!$A$2:$A$2500,$B$3,'Chapter Data'!$E$2:$E$2500,">0")=0,"",SUMIFS('Chapter Data'!$E$2:$E$2500,'Chapter Data'!$D$2:$D$2500,$A39,'Chapter Data'!$A$2:$A$2500,$B$3))) -> 23 | G39: =IF($A39="","",IF(COUNTIFS('Chapter Data'!$D$2:$D$2500,$A39,'Chapter Data'!$A$2:$A$2500,$B$4,'Chapter Data'!$E$2:$E$2500,">0")=0,"",SUMIFS('Chapter Data'!$E$2:$E$2500,'Chapter Data'!$D$2:$D$2500,$A39,'Chapter Data'!$A$2:$A$2500,$B$4))) -> 28 | H39: =IF(OR(F39="",G39=""),"",G39/F39-1) -> 0.2173913 | I39: =IF($G39="","",IF(COUNTIFS('Chapter Data'!$D$2:$D$2500,$A39,'Chapter Data'!$K$2:$K$2500,">=0",'Chapter Data'!$B$2:$B$2500,">="&$C$3,'Chapter Data'!$B$2:$B$2500,"<="&$C$4)=0,"",AVERAGEIFS('Chapter Data'!$K$2:$K$2500,'Chapter Data'!$D$2:$D$2500,$A39,'Chapter Data'!$K$2:$K$2500,">=0",'Chapter Data'!$B$2:$B$2500,">="&$C$3,'Chapter Data'!$B$2:$B$2500,"<="&$C$4))) -> 0.9575 | J39: =IF(B39="","",PERCENTRANK($B$10:$B$44,B39)) -> 0 | K39: =IF(D39="","",PERCENTRANK($D$10:$D$44,D39)) -> 0.227 | L39: =IF(E39="","",PERCENTRANK($E$10:$E$44,E39)) -> 0.864 | M39: =IF(H39="","",PERCENTRANK($H$10:$H$44,H39)) -> 0.8 | N39: =IF(COUNT(K39:M39)=0,"",AVERAGE(K39:M39)) -> 0.63033333 | O39: =IF(OR(J39="",N39=""),"",$B$5*J39+$B$6*N39) -> 0.31516667 | P39: =IF(O39="","",COUNTIF($O$10:$O$44,">"&O39)+1) -> 18 | Q39: =IF(B39="","",COUNTIF($B$10:$B$44,">"&B39)+1) -> 23 | R39: =IF(N39="","",COUNTIF($N$10:$N$44,">"&N39)+1) -> 9
A40: =IF(Lists!$D$32="","",Lists!$D$32) | B40: =IF($G40="","",IF(COUNTIFS('Chapter Data'!$D$2:$D$2500,$A40,'Chapter Data'!$G$2:$G$2500,">0",'Chapter Data'!$B$2:$B$2500,">="&$C$3,'Chapter Data'!$B$2:$B$2500,"<="&$C$4)=0,"",AVERAGEIFS('Chapter Data'!$G$2:$G$2500,'Chapter Data'!$D$2:$D$2500,$A40,'Chapter Data'!$G$2:$G$2500,">0",'Chapter Data'!$B$2:$B$2500,">="&$C$3,'Chapter Data'!$B$2:$B$2500,"<="&$C$4))) | C40: =IF($G40="","",IF(COUNTIFS('Chapter Data'!$D$2:$D$2500,$A40,'Chapter Data'!$E$2:$E$2500,">0",'Chapter Data'!$B$2:$B$2500,">="&$C$3,'Chapter Data'!$B$2:$B$2500,"<="&$C$4)=0,"",AVERAGEIFS('Chapter Data'!$E$2:$E$2500,'Chapter Data'!$D$2:$D$2500,$A40,'Chapter Data'!$E$2:$E$2500,">0",'Chapter Data'!$B$2:$B$2500,">="&$C$3,'Chapter Data'!$B$2:$B$2500,"<="&$C$4))) | D40: =IF($G40="","",IF(COUNTIFS('Chapter Data'!$D$2:$D$2500,$A40,'Chapter Data'!$F$2:$F$2500,">=0",'Chapter Data'!$B$2:$B$2500,">="&$C$3,'Chapter Data'!$B$2:$B$2500,"<="&$C$4)=0,"",AVERAGEIFS('Chapter Data'!$F$2:$F$2500,'Chapter Data'!$D$2:$D$2500,$A40,'Chapter Data'!$F$2:$F$2500,">=0",'Chapter Data'!$B$2:$B$2500,">="&$C$3,'Chapter Data'!$B$2:$B$2500,"<="&$C$4))) | E40: =IF(OR(C40="",D40=""),"",D40/C40) | F40: =IF($G40="","",IF(COUNTIFS('Chapter Data'!$D$2:$D$2500,$A40,'Chapter Data'!$A$2:$A$2500,$B$3,'Chapter Data'!$E$2:$E$2500,">0")=0,"",SUMIFS('Chapter Data'!$E$2:$E$2500,'Chapter Data'!$D$2:$D$2500,$A40,'Chapter Data'!$A$2:$A$2500,$B$3))) | G40: =IF($A40="","",IF(COUNTIFS('Chapter Data'!$D$2:$D$2500,$A40,'Chapter Data'!$A$2:$A$2500,$B$4,'Chapter Data'!$E$2:$E$2500,">0")=0,"",SUMIFS('Chapter Data'!$E$2:$E$2500,'Chapter Data'!$D$2:$D$2500,$A40,'Chapter Data'!$A$2:$A$2500,$B$4))) | H40: =IF(OR(F40="",G40=""),"",G40/F40-1) | I40: =IF($G40="","",IF(COUNTIFS('Chapter Data'!$D$2:$D$2500,$A40,'Chapter Data'!$K$2:$K$2500,">=0",'Chapter Data'!$B$2:$B$2500,">="&$C$3,'Chapter Data'!$B$2:$B$2500,"<="&$C$4)=0,"",AVERAGEIFS('Chapter Data'!$K$2:$K$2500,'Chapter Data'!$D$2:$D$2500,$A40,'Chapter Data'!$K$2:$K$2500,">=0",'Chapter Data'!$B$2:$B$2500,">="&$C$3,'Chapter Data'!$B$2:$B$2500,"<="&$C$4))) | J40: =IF(B40="","",PERCENTRANK($B$10:$B$44,B40)) | K40: =IF(D40="","",PERCENTRANK($D$10:$D$44,D40)) | L40: =IF(E40="","",PERCENTRANK($E$10:$E$44,E40)) | M40: =IF(H40="","",PERCENTRANK($H$10:$H$44,H40)) | N40: =IF(COUNT(K40:M40)=0,"",AVERAGE(K40:M40)) | O40: =IF(OR(J40="",N40=""),"",$B$5*J40+$B$6*N40) | P40: =IF(O40="","",COUNTIF($O$10:$O$44,">"&O40)+1) | Q40: =IF(B40="","",COUNTIF($B$10:$B$44,">"&B40)+1) | R40: =IF(N40="","",COUNTIF($N$10:$N$44,">"&N40)+1)
A41: =IF(Lists!$D$33="","",Lists!$D$33) | B41: =IF($G41="","",IF(COUNTIFS('Chapter Data'!$D$2:$D$2500,$A41,'Chapter Data'!$G$2:$G$2500,">0",'Chapter Data'!$B$2:$B$2500,">="&$C$3,'Chapter Data'!$B$2:$B$2500,"<="&$C$4)=0,"",AVERAGEIFS('Chapter Data'!$G$2:$G$2500,'Chapter Data'!$D$2:$D$2500,$A41,'Chapter Data'!$G$2:$G$2500,">0",'Chapter Data'!$B$2:$B$2500,">="&$C$3,'Chapter Data'!$B$2:$B$2500,"<="&$C$4))) | C41: =IF($G41="","",IF(COUNTIFS('Chapter Data'!$D$2:$D$2500,$A41,'Chapter Data'!$E$2:$E$2500,">0",'Chapter Data'!$B$2:$B$2500,">="&$C$3,'Chapter Data'!$B$2:$B$2500,"<="&$C$4)=0,"",AVERAGEIFS('Chapter Data'!$E$2:$E$2500,'Chapter Data'!$D$2:$D$2500,$A41,'Chapter Data'!$E$2:$E$2500,">0",'Chapter Data'!$B$2:$B$2500,">="&$C$3,'Chapter Data'!$B$2:$B$2500,"<="&$C$4))) | D41: =IF($G41="","",IF(COUNTIFS('Chapter Data'!$D$2:$D$2500,$A41,'Chapter Data'!$F$2:$F$2500,">=0",'Chapter Data'!$B$2:$B$2500,">="&$C$3,'Chapter Data'!$B$2:$B$2500,"<="&$C$4)=0,"",AVERAGEIFS('Chapter Data'!$F$2:$F$2500,'Chapter Data'!$D$2:$D$2500,$A41,'Chapter Data'!$F$2:$F$2500,">=0",'Chapter Data'!$B$2:$B$2500,">="&$C$3,'Chapter Data'!$B$2:$B$2500,"<="&$C$4))) | E41: =IF(OR(C41="",D41=""),"",D41/C41) | F41: =IF($G41="","",IF(COUNTIFS('Chapter Data'!$D$2:$D$2500,$A41,'Chapter Data'!$A$2:$A$2500,$B$3,'Chapter Data'!$E$2:$E$2500,">0")=0,"",SUMIFS('Chapter Data'!$E$2:$E$2500,'Chapter Data'!$D$2:$D$2500,$A41,'Chapter Data'!$A$2:$A$2500,$B$3))) | G41: =IF($A41="","",IF(COUNTIFS('Chapter Data'!$D$2:$D$2500,$A41,'Chapter Data'!$A$2:$A$2500,$B$4,'Chapter Data'!$E$2:$E$2500,">0")=0,"",SUMIFS('Chapter Data'!$E$2:$E$2500,'Chapter Data'!$D$2:$D$2500,$A41,'Chapter Data'!$A$2:$A$2500,$B$4))) | H41: =IF(OR(F41="",G41=""),"",G41/F41-1) | I41: =IF($G41="","",IF(COUNTIFS('Chapter Data'!$D$2:$D$2500,$A41,'Chapter Data'!$K$2:$K$2500,">=0",'Chapter Data'!$B$2:$B$2500,">="&$C$3,'Chapter Data'!$B$2:$B$2500,"<="&$C$4)=0,"",AVERAGEIFS('Chapter Data'!$K$2:$K$2500,'Chapter Data'!$D$2:$D$2500,$A41,'Chapter Data'!$K$2:$K$2500,">=0",'Chapter Data'!$B$2:$B$2500,">="&$C$3,'Chapter Data'!$B$2:$B$2500,"<="&$C$4))) | J41: =IF(B41="","",PERCENTRANK($B$10:$B$44,B41)) | K41: =IF(D41="","",PERCENTRANK($D$10:$D$44,D41)) | L41: =IF(E41="","",PERCENTRANK($E$10:$E$44,E41)) | M41: =IF(H41="","",PERCENTRANK($H$10:$H$44,H41)) | N41: =IF(COUNT(K41:M41)=0,"",AVERAGE(K41:M41)) | O41: =IF(OR(J41="",N41=""),"",$B$5*J41+$B$6*N41) | P41: =IF(O41="","",COUNTIF($O$10:$O$44,">"&O41)+1) | Q41: =IF(B41="","",COUNTIF($B$10:$B$44,">"&B41)+1) | R41: =IF(N41="","",COUNTIF($N$10:$N$44,">"&N41)+1)
A42: =IF(Lists!$D$34="","",Lists!$D$34) | B42: =IF($G42="","",IF(COUNTIFS('Chapter Data'!$D$2:$D$2500,$A42,'Chapter Data'!$G$2:$G$2500,">0",'Chapter Data'!$B$2:$B$2500,">="&$C$3,'Chapter Data'!$B$2:$B$2500,"<="&$C$4)=0,"",AVERAGEIFS('Chapter Data'!$G$2:$G$2500,'Chapter Data'!$D$2:$D$2500,$A42,'Chapter Data'!$G$2:$G$2500,">0",'Chapter Data'!$B$2:$B$2500,">="&$C$3,'Chapter Data'!$B$2:$B$2500,"<="&$C$4))) | C42: =IF($G42="","",IF(COUNTIFS('Chapter Data'!$D$2:$D$2500,$A42,'Chapter Data'!$E$2:$E$2500,">0",'Chapter Data'!$B$2:$B$2500,">="&$C$3,'Chapter Data'!$B$2:$B$2500,"<="&$C$4)=0,"",AVERAGEIFS('Chapter Data'!$E$2:$E$2500,'Chapter Data'!$D$2:$D$2500,$A42,'Chapter Data'!$E$2:$E$2500,">0",'Chapter Data'!$B$2:$B$2500,">="&$C$3,'Chapter Data'!$B$2:$B$2500,"<="&$C$4))) | D42: =IF($G42="","",IF(COUNTIFS('Chapter Data'!$D$2:$D$2500,$A42,'Chapter Data'!$F$2:$F$2500,">=0",'Chapter Data'!$B$2:$B$2500,">="&$C$3,'Chapter Data'!$B$2:$B$2500,"<="&$C$4)=0,"",AVERAGEIFS('Chapter Data'!$F$2:$F$2500,'Chapter Data'!$D$2:$D$2500,$A42,'Chapter Data'!$F$2:$F$2500,">=0",'Chapter Data'!$B$2:$B$2500,">="&$C$3,'Chapter Data'!$B$2:$B$2500,"<="&$C$4))) | E42: =IF(OR(C42="",D42=""),"",D42/C42) | F42: =IF($G42="","",IF(COUNTIFS('Chapter Data'!$D$2:$D$2500,$A42,'Chapter Data'!$A$2:$A$2500,$B$3,'Chapter Data'!$E$2:$E$2500,">0")=0,"",SUMIFS('Chapter Data'!$E$2:$E$2500,'Chapter Data'!$D$2:$D$2500,$A42,'Chapter Data'!$A$2:$A$2500,$B$3))) | G42: =IF($A42="","",IF(COUNTIFS('Chapter Data'!$D$2:$D$2500,$A42,'Chapter Data'!$A$2:$A$2500,$B$4,'Chapter Data'!$E$2:$E$2500,">0")=0,"",SUMIFS('Chapter Data'!$E$2:$E$2500,'Chapter Data'!$D$2:$D$2500,$A42,'Chapter Data'!$A$2:$A$2500,$B$4))) | H42: =IF(OR(F42="",G42=""),"",G42/F42-1) | I42: =IF($G42="","",IF(COUNTIFS('Chapter Data'!$D$2:$D$2500,$A42,'Chapter Data'!$K$2:$K$2500,">=0",'Chapter Data'!$B$2:$B$2500,">="&$C$3,'Chapter Data'!$B$2:$B$2500,"<="&$C$4)=0,"",AVERAGEIFS('Chapter Data'!$K$2:$K$2500,'Chapter Data'!$D$2:$D$2500,$A42,'Chapter Data'!$K$2:$K$2500,">=0",'Chapter Data'!$B$2:$B$2500,">="&$C$3,'Chapter Data'!$B$2:$B$2500,"<="&$C$4))) | J42: =IF(B42="","",PERCENTRANK($B$10:$B$44,B42)) | K42: =IF(D42="","",PERCENTRANK($D$10:$D$44,D42)) | L42: =IF(E42="","",PERCENTRANK($E$10:$E$44,E42)) | M42: =IF(H42="","",PERCENTRANK($H$10:$H$44,H42)) | N42: =IF(COUNT(K42:M42)=0,"",AVERAGE(K42:M42)) | O42: =IF(OR(J42="",N42=""),"",$B$5*J42+$B$6*N42) | P42: =IF(O42="","",COUNTIF($O$10:$O$44,">"&O42)+1) | Q42: =IF(B42="","",COUNTIF($B$10:$B$44,">"&B42)+1) | R42: =IF(N42="","",COUNTIF($N$10:$N$44,">"&N42)+1)
A43: =IF(Lists!$D$35="","",Lists!$D$35) | B43: =IF($G43="","",IF(COUNTIFS('Chapter Data'!$D$2:$D$2500,$A43,'Chapter Data'!$G$2:$G$2500,">0",'Chapter Data'!$B$2:$B$2500,">="&$C$3,'Chapter Data'!$B$2:$B$2500,"<="&$C$4)=0,"",AVERAGEIFS('Chapter Data'!$G$2:$G$2500,'Chapter Data'!$D$2:$D$2500,$A43,'Chapter Data'!$G$2:$G$2500,">0",'Chapter Data'!$B$2:$B$2500,">="&$C$3,'Chapter Data'!$B$2:$B$2500,"<="&$C$4))) | C43: =IF($G43="","",IF(COUNTIFS('Chapter Data'!$D$2:$D$2500,$A43,'Chapter Data'!$E$2:$E$2500,">0",'Chapter Data'!$B$2:$B$2500,">="&$C$3,'Chapter Data'!$B$2:$B$2500,"<="&$C$4)=0,"",AVERAGEIFS('Chapter Data'!$E$2:$E$2500,'Chapter Data'!$D$2:$D$2500,$A43,'Chapter Data'!$E$2:$E$2500,">0",'Chapter Data'!$B$2:$B$2500,">="&$C$3,'Chapter Data'!$B$2:$B$2500,"<="&$C$4))) | D43: =IF($G43="","",IF(COUNTIFS('Chapter Data'!$D$2:$D$2500,$A43,'Chapter Data'!$F$2:$F$2500,">=0",'Chapter Data'!$B$2:$B$2500,">="&$C$3,'Chapter Data'!$B$2:$B$2500,"<="&$C$4)=0,"",AVERAGEIFS('Chapter Data'!$F$2:$F$2500,'Chapter Data'!$D$2:$D$2500,$A43,'Chapter Data'!$F$2:$F$2500,">=0",'Chapter Data'!$B$2:$B$2500,">="&$C$3,'Chapter Data'!$B$2:$B$2500,"<="&$C$4))) | E43: =IF(OR(C43="",D43=""),"",D43/C43) | F43: =IF($G43="","",IF(COUNTIFS('Chapter Data'!$D$2:$D$2500,$A43,'Chapter Data'!$A$2:$A$2500,$B$3,'Chapter Data'!$E$2:$E$2500,">0")=0,"",SUMIFS('Chapter Data'!$E$2:$E$2500,'Chapter Data'!$D$2:$D$2500,$A43,'Chapter Data'!$A$2:$A$2500,$B$3))) | G43: =IF($A43="","",IF(COUNTIFS('Chapter Data'!$D$2:$D$2500,$A43,'Chapter Data'!$A$2:$A$2500,$B$4,'Chapter Data'!$E$2:$E$2500,">0")=0,"",SUMIFS('Chapter Data'!$E$2:$E$2500,'Chapter Data'!$D$2:$D$2500,$A43,'Chapter Data'!$A$2:$A$2500,$B$4))) | H43: =IF(OR(F43="",G43=""),"",G43/F43-1) | I43: =IF($G43="","",IF(COUNTIFS('Chapter Data'!$D$2:$D$2500,$A43,'Chapter Data'!$K$2:$K$2500,">=0",'Chapter Data'!$B$2:$B$2500,">="&$C$3,'Chapter Data'!$B$2:$B$2500,"<="&$C$4)=0,"",AVERAGEIFS('Chapter Data'!$K$2:$K$2500,'Chapter Data'!$D$2:$D$2500,$A43,'Chapter Data'!$K$2:$K$2500,">=0",'Chapter Data'!$B$2:$B$2500,">="&$C$3,'Chapter Data'!$B$2:$B$2500,"<="&$C$4))) | J43: =IF(B43="","",PERCENTRANK($B$10:$B$44,B43)) | K43: =IF(D43="","",PERCENTRANK($D$10:$D$44,D43)) | L43: =IF(E43="","",PERCENTRANK($E$10:$E$44,E43)) | M43: =IF(H43="","",PERCENTRANK($H$10:$H$44,H43)) | N43: =IF(COUNT(K43:M43)=0,"",AVERAGE(K43:M43)) | O43: =IF(OR(J43="",N43=""),"",$B$5*J43+$B$6*N43) | P43: =IF(O43="","",COUNTIF($O$10:$O$44,">"&O43)+1) | Q43: =IF(B43="","",COUNTIF($B$10:$B$44,">"&B43)+1) | R43: =IF(N43="","",COUNTIF($N$10:$N$44,">"&N43)+1)
A44: =IF(Lists!$D$36="","",Lists!$D$36) | B44: =IF($G44="","",IF(COUNTIFS('Chapter Data'!$D$2:$D$2500,$A44,'Chapter Data'!$G$2:$G$2500,">0",'Chapter Data'!$B$2:$B$2500,">="&$C$3,'Chapter Data'!$B$2:$B$2500,"<="&$C$4)=0,"",AVERAGEIFS('Chapter Data'!$G$2:$G$2500,'Chapter Data'!$D$2:$D$2500,$A44,'Chapter Data'!$G$2:$G$2500,">0",'Chapter Data'!$B$2:$B$2500,">="&$C$3,'Chapter Data'!$B$2:$B$2500,"<="&$C$4))) | C44: =IF($G44="","",IF(COUNTIFS('Chapter Data'!$D$2:$D$2500,$A44,'Chapter Data'!$E$2:$E$2500,">0",'Chapter Data'!$B$2:$B$2500,">="&$C$3,'Chapter Data'!$B$2:$B$2500,"<="&$C$4)=0,"",AVERAGEIFS('Chapter Data'!$E$2:$E$2500,'Chapter Data'!$D$2:$D$2500,$A44,'Chapter Data'!$E$2:$E$2500,">0",'Chapter Data'!$B$2:$B$2500,">="&$C$3,'Chapter Data'!$B$2:$B$2500,"<="&$C$4))) | D44: =IF($G44="","",IF(COUNTIFS('Chapter Data'!$D$2:$D$2500,$A44,'Chapter Data'!$F$2:$F$2500,">=0",'Chapter Data'!$B$2:$B$2500,">="&$C$3,'Chapter Data'!$B$2:$B$2500,"<="&$C$4)=0,"",AVERAGEIFS('Chapter Data'!$F$2:$F$2500,'Chapter Data'!$D$2:$D$2500,$A44,'Chapter Data'!$F$2:$F$2500,">=0",'Chapter Data'!$B$2:$B$2500,">="&$C$3,'Chapter Data'!$B$2:$B$2500,"<="&$C$4))) | E44: =IF(OR(C44="",D44=""),"",D44/C44) | F44: =IF($G44="","",IF(COUNTIFS('Chapter Data'!$D$2:$D$2500,$A44,'Chapter Data'!$A$2:$A$2500,$B$3,'Chapter Data'!$E$2:$E$2500,">0")=0,"",SUMIFS('Chapter Data'!$E$2:$E$2500,'Chapter Data'!$D$2:$D$2500,$A44,'Chapter Data'!$A$2:$A$2500,$B$3))) | G44: =IF($A44="","",IF(COUNTIFS('Chapter Data'!$D$2:$D$2500,$A44,'Chapter Data'!$A$2:$A$2500,$B$4,'Chapter Data'!$E$2:$E$2500,">0")=0,"",SUMIFS('Chapter Data'!$E$2:$E$2500,'Chapter Data'!$D$2:$D$2500,$A44,'Chapter Data'!$A$2:$A$2500,$B$4))) | H44: =IF(OR(F44="",G44=""),"",G44/F44-1) | I44: =IF($G44="","",IF(COUNTIFS('Chapter Data'!$D$2:$D$2500,$A44,'Chapter Data'!$K$2:$K$2500,">=0",'Chapter Data'!$B$2:$B$2500,">="&$C$3,'Chapter Data'!$B$2:$B$2500,"<="&$C$4)=0,"",AVERAGEIFS('Chapter Data'!$K$2:$K$2500,'Chapter Data'!$D$2:$D$2500,$A44,'Chapter Data'!$K$2:$K$2500,">=0",'Chapter Data'!$B$2:$B$2500,">="&$C$3,'Chapter Data'!$B$2:$B$2500,"<="&$C$4))) | J44: =IF(B44="","",PERCENTRANK($B$10:$B$44,B44)) | K44: =IF(D44="","",PERCENTRANK($D$10:$D$44,D44)) | L44: =IF(E44="","",PERCENTRANK($E$10:$E$44,E44)) | M44: =IF(H44="","",PERCENTRANK($H$10:$H$44,H44)) | N44: =IF(COUNT(K44:M44)=0,"",AVERAGE(K44:M44)) | O44: =IF(OR(J44="",N44=""),"",$B$5*J44+$B$6*N44) | P44: =IF(O44="","",COUNTIF($O$10:$O$44,">"&O44)+1) | Q44: =IF(B44="","",COUNTIF($B$10:$B$44,">"&B44)+1) | R44: =IF(N44="","",COUNTIF($N$10:$N$44,">"&N44)+1)
A46: GPA pctl: where the house's average GPA over the window falls among IFC houses.
A47: Recruitment score = average of three percentiles: new-member volume, new members per member (recruiting for its size) and membership growth across the window.
A48: Combined score = GPA weight x GPA pctl + recruitment weight x recruitment score. Ranks: 1 = best.
A49: Only houses with a report at the window end are scored (closed or suspended houses drop out). Houses that joined mid-window get no growth score.

Sheet Recruitment Index
A1: Recruitment Index v2: our recruiting vs the other IFC houses, by calendar year
A2: Calendar year = Spring + Fall of the same year, which lines up with one exec team (elected in November, trained in December, running recruitment from January).
D3: Scores (100 = matches the benchmark) | I3: Recruiting volume | L3: Size and replacement | Q3: IFC comparison inputs
A4: Year | B4: Spring | C4: Fall | D4: Recruiting index | E4: Size-adjusted recruiting index | F4: Replacement index | G4: Growth vs IFC (pts) | H4: Combined recruitment index | I4: Our NMs (Spring + Fall) | J4: IFC avg NMs per house | K4: Our share of all IFC NMs | L4: Our members last Fall | M4: Our members this Fall | N4: Our est. departures | O4: Our growth | P4: Our NMs per member | Q4: IFC NMs (Spring + Fall) | R4: IFC men last Fall | S4: IFC men this Fall | T4: IFC growth | U4: IFC NMs per member
A5: 2019 | B5: ="Spring "&A5 -> Spring 2019 | C5: ="Fall "&A5 -> Fall 2019 | D5: =IF(OR(I5="",J5="",N(J5)=0),"",100*I5/J5) -> 143.33895 | E5: =IF(OR(P5="",U5="",N(U5)=0),"",100*P5/U5) -> 141.71704 | F5: =IF(OR(N5="",N(N5)<=0),"",100*I5/N5) -> 340 | G5: =IF(OR(O5="",T5=""),"",100*(O5-T5)) -> 20.48908 | H5: =IF(COUNT(D5:F5)=0,"",AVERAGE(D5:F5)) -> 208.352 | I5: =IF(OR(IFERROR(INDEX('New Members Matrix'!$B$43:$U$43,MATCH($B5,'New Members Matrix'!$B$2:$U$2,0)),"")="",IFERROR(INDEX('New Members Matrix'!$B$43:$U$43,MATCH($C5,'New Members Matrix'!$B$2:$U$2,0)),"")=""),"",IFERROR(INDEX('New Members Matrix'!$B$43:$U$43,MATCH($B5,'New Members Matrix'!$B$2:$U$2,0)),"")+IFERROR(INDEX('New Members Matrix'!$B$43:$U$43,MATCH($C5,'New Members Matrix'!$B$2:$U$2,0)),"")) -> 34 | J5: =IF(OR(IFERROR(INDEX('New Members Matrix'!$B$41:$U$41,MATCH($B5,'New Members Matrix'!$B$2:$U$2,0)),"")="",IFERROR(INDEX('New Members Matrix'!$B$41:$U$41,MATCH($C5,'New Members Matrix'!$B$2:$U$2,0)),"")=""),"",IFERROR(INDEX('New Members Matrix'!$B$41:$U$41,MATCH($B5,'New Members Matrix'!$B$2:$U$2,0)),"")+IFERROR(INDEX('New Members Matrix'!$B$41:$U$41,MATCH($C5,'New Members Matrix'!$B$2:$U$2,0)),"")) -> 23.72 | K5: =IF(OR(I5="",Q5="",N(Q5)=0),"",I5/Q5) -> 0.053543307 | L5: =IF(IFERROR(INDEX('Members Matrix'!$B$43:$U$43,MATCH("Fall "&($A5-1),'Members Matrix'!$B$2:$U$2,0)),"")="","",IFERROR(INDEX('Members Matrix'!$B$43:$U$43,MATCH("Fall "&($A5-1),'Members Matrix'!$B$2:$U$2,0)),"")) -> 62 | M5: =IF(IFERROR(INDEX('Members Matrix'!$B$43:$U$43,MATCH($C5,'Members Matrix'!$B$2:$U$2,0)),"")="","",IFERROR(INDEX('Members Matrix'!$B$43:$U$43,MATCH($C5,'Members Matrix'!$B$2:$U$2,0)),"")) -> 86 | N5: =IF(OR(I5="",L5="",M5=""),"",L5+I5-M5) -> 10 | O5: =IF(OR(L5="",M5="",N(L5)=0),"",M5/L5-1) -> 0.38709677 | P5: =IF(OR(I5="",L5="",N(L5)=0),"",I5/L5) -> 0.5483871 | Q5: =IF(OR(IFERROR(INDEX('New Members Matrix'!$B$40:$U$40,MATCH($B5,'New Members Matrix'!$B$2:$U$2,0)),"")="",IFERROR(INDEX('New Members Matrix'!$B$40:$U$40,MATCH($C5,'New Members Matrix'!$B$2:$U$2,0)),"")=""),"",IFERROR(INDEX('New Members Matrix'!$B$40:$U$40,MATCH($B5,'New Members Matrix'!$B$2:$U$2,0)),"")+IFERROR(INDEX('New Members Matrix'!$B$40:$U$40,MATCH($C5,'New Members Matrix'!$B$2:$U$2,0)),"")) -> 635 | R5: =IF(IFERROR(INDEX('Members Matrix'!$B$40:$U$40,MATCH("Fall "&($A5-1),'Members Matrix'!$B$2:$U$2,0)),"")="","",IFERROR(INDEX('Members Matrix'!$B$40:$U$40,MATCH("Fall "&($A5-1),'Members Matrix'!$B$2:$U$2,0)),"")) -> 1641 | S5: =IF(IFERROR(INDEX('Members Matrix'!$B$40:$U$40,MATCH($C5,'Members Matrix'!$B$2:$U$2,0)),"")="","",IFERROR(INDEX('Members Matrix'!$B$40:$U$40,MATCH($C5,'Members Matrix'!$B$2:$U$2,0)),"")) -> 1940 | T5: =IF(OR(R5="",S5="",N(R5)=0),"",S5/R5-1) -> 0.18220597 | U5: =IF(OR(Q5="",R5="",N(R5)=0),"",Q5/R5) -> 0.38695917
A6: 2020 | B6: ="Spring "&A6 -> Spring 2020 | C6: ="Fall "&A6 -> Fall 2020 | D6: =IF(OR(I6="",J6="",N(J6)=0),"",100*I6/J6) | E6: =IF(OR(P6="",U6="",N(U6)=0),"",100*P6/U6) | F6: =IF(OR(N6="",N(N6)<=0),"",100*I6/N6) | G6: =IF(OR(O6="",T6=""),"",100*(O6-T6)) -> -5.8487173 | H6: =IF(COUNT(D6:F6)=0,"",AVERAGE(D6:F6)) | I6: =IF(OR(IFERROR(INDEX('New Members Matrix'!$B$43:$U$43,MATCH($B6,'New Members Matrix'!$B$2:$U$2,0)),"")="",IFERROR(INDEX('New Members Matrix'!$B$43:$U$43,MATCH($C6,'New Members Matrix'!$B$2:$U$2,0)),"")=""),"",IFERROR(INDEX('New Members Matrix'!$B$43:$U$43,MATCH($B6,'New Members Matrix'!$B$2:$U$2,0)),"")+IFERROR(INDEX('New Members Matrix'!$B$43:$U$43,MATCH($C6,'New Members Matrix'!$B$2:$U$2,0)),"")) | J6: =IF(OR(IFERROR(INDEX('New Members Matrix'!$B$41:$U$41,MATCH($B6,'New Members Matrix'!$B$2:$U$2,0)),"")="",IFERROR(INDEX('New Members Matrix'!$B$41:$U$41,MATCH($C6,'New Members Matrix'!$B$2:$U$2,0)),"")=""),"",IFERROR(INDEX('New Members Matrix'!$B$41:$U$41,MATCH($B6,'New Members Matrix'!$B$2:$U$2,0)),"")+IFERROR(INDEX('New Members Matrix'!$B$41:$U$41,MATCH($C6,'New Members Matrix'!$B$2:$U$2,0)),"")) | K6: =IF(OR(I6="",Q6="",N(Q6)=0),"",I6/Q6) | L6: =IF(IFERROR(INDEX('Members Matrix'!$B$43:$U$43,MATCH("Fall "&($A6-1),'Members Matrix'!$B$2:$U$2,0)),"")="","",IFERROR(INDEX('Members Matrix'!$B$43:$U$43,MATCH("Fall "&($A6-1),'Members Matrix'!$B$2:$U$2,0)),"")) -> 86 | M6: =IF(IFERROR(INDEX('Members Matrix'!$B$43:$U$43,MATCH($C6,'Members Matrix'!$B$2:$U$2,0)),"")="","",IFERROR(INDEX('Members Matrix'!$B$43:$U$43,MATCH($C6,'Members Matrix'!$B$2:$U$2,0)),"")) -> 78 | N6: =IF(OR(I6="",L6="",M6=""),"",L6+I6-M6) | O6: =IF(OR(L6="",M6="",N(L6)=0),"",M6/L6-1) -> -0.093023256 | P6: =IF(OR(I6="",L6="",N(L6)=0),"",I6/L6) | Q6: =IF(OR(IFERROR(INDEX('New Members Matrix'!$B$40:$U$40,MATCH($B6,'New Members Matrix'!$B$2:$U$2,0)),"")="",IFERROR(INDEX('New Members Matrix'!$B$40:$U$40,MATCH($C6,'New Members Matrix'!$B$2:$U$2,0)),"")=""),"",IFERROR(INDEX('New Members Matrix'!$B$40:$U$40,MATCH($B6,'New Members Matrix'!$B$2:$U$2,0)),"")+IFERROR(INDEX('New Members Matrix'!$B$40:$U$40,MATCH($C6,'New Members Matrix'!$B$2:$U$2,0)),"")) | R6: =IF(IFERROR(INDEX('Members Matrix'!$B$40:$U$40,MATCH("Fall "&($A6-1),'Members Matrix'!$B$2:$U$2,0)),"")="","",IFERROR(INDEX('Members Matrix'!$B$40:$U$40,MATCH("Fall "&($A6-1),'Members Matrix'!$B$2:$U$2,0)),"")) -> 1940 | S6: =IF(IFERROR(INDEX('Members Matrix'!$B$40:$U$40,MATCH($C6,'Members Matrix'!$B$2:$U$2,0)),"")="","",IFERROR(INDEX('Members Matrix'!$B$40:$U$40,MATCH($C6,'Members Matrix'!$B$2:$U$2,0)),"")) -> 1873 | T6: =IF(OR(R6="",S6="",N(R6)=0),"",S6/R6-1) -> -0.034536082 | U6: =IF(OR(Q6="",R6="",N(R6)=0),"",Q6/R6)
A7: 2021 | B7: ="Spring "&A7 -> Spring 2021 | C7: ="Fall "&A7 -> Fall 2021 | D7: =IF(OR(I7="",J7="",N(J7)=0),"",100*I7/J7) -> 98.578199 | E7: =IF(OR(P7="",U7="",N(U7)=0),"",100*P7/U7) -> 94.167924 | F7: =IF(OR(N7="",N(N7)<=0),"",100*I7/N7) -> 85.714286 | G7: =IF(OR(O7="",T7=""),"",100*(O7-T7)) -> 0.95828713 | H7: =IF(COUNT(D7:F7)=0,"",AVERAGE(D7:F7)) -> 92.820136 | I7: =IF(OR(IFERROR(INDEX('New Members Matrix'!$B$43:$U$43,MATCH($B7,'New Members Matrix'!$B$2:$U$2,0)),"")="",IFERROR(INDEX('New Members Matrix'!$B$43:$U$43,MATCH($C7,'New Members Matrix'!$B$2:$U$2,0)),"")=""),"",IFERROR(INDEX('New Members Matrix'!$B$43:$U$43,MATCH($B7,'New Members Matrix'!$B$2:$U$2,0)),"")+IFERROR(INDEX('New Members Matrix'!$B$43:$U$43,MATCH($C7,'New Members Matrix'!$B$2:$U$2,0)),"")) -> 24 | J7: =IF(OR(IFERROR(INDEX('New Members Matrix'!$B$41:$U$41,MATCH($B7,'New Members Matrix'!$B$2:$U$2,0)),"")="",IFERROR(INDEX('New Members Matrix'!$B$41:$U$41,MATCH($C7,'New Members Matrix'!$B$2:$U$2,0)),"")=""),"",IFERROR(INDEX('New Members Matrix'!$B$41:$U$41,MATCH($B7,'New Members Matrix'!$B$2:$U$2,0)),"")+IFERROR(INDEX('New Members Matrix'!$B$41:$U$41,MATCH($C7,'New Members Matrix'!$B$2:$U$2,0)),"")) -> 24.346154 | K7: =IF(OR(I7="",Q7="",N(Q7)=0),"",I7/Q7) -> 0.039215686 | L7: =IF(IFERROR(INDEX('Members Matrix'!$B$43:$U$43,MATCH("Fall "&($A7-1),'Members Matrix'!$B$2:$U$2,0)),"")="","",IFERROR(INDEX('Members Matrix'!$B$43:$U$43,MATCH("Fall "&($A7-1),'Members Matrix'!$B$2:$U$2,0)),"")) -> 78 | M7: =IF(IFERROR(INDEX('Members Matrix'!$B$43:$U$43,MATCH($C7,'Members Matrix'!$B$2:$U$2,0)),"")="","",IFERROR(INDEX('Members Matrix'!$B$43:$U$43,MATCH($C7,'Members Matrix'!$B$2:$U$2,0)),"")) -> 74 | N7: =IF(OR(I7="",L7="",M7=""),"",L7+I7-M7) -> 28 | O7: =IF(OR(L7="",M7="",N(L7)=0),"",M7/L7-1) -> -0.051282051 | P7: =IF(OR(I7="",L7="",N(L7)=0),"",I7/L7) -> 0.30769231 | Q7: =IF(OR(IFERROR(INDEX('New Members Matrix'!$B$40:$U$40,MATCH($B7,'New Members Matrix'!$B$2:$U$2,0)),"")="",IFERROR(INDEX('New Members Matrix'!$B$40:$U$40,MATCH($C7,'New Members Matrix'!$B$2:$U$2,0)),"")=""),"",IFERROR(INDEX('New Members Matrix'!$B$40:$U$40,MATCH($B7,'New Members Matrix'!$B$2:$U$2,0)),"")+IFERROR(INDEX('New Members Matrix'!$B$40:$U$40,MATCH($C7,'New Members Matrix'!$B$2:$U$2,0)),"")) -> 612 | R7: =IF(IFERROR(INDEX('Members Matrix'!$B$40:$U$40,MATCH("Fall "&($A7-1),'Members Matrix'!$B$2:$U$2,0)),"")="","",IFERROR(INDEX('Members Matrix'!$B$40:$U$40,MATCH("Fall "&($A7-1),'Members Matrix'!$B$2:$U$2,0)),"")) -> 1873 | S7: =IF(IFERROR(INDEX('Members Matrix'!$B$40:$U$40,MATCH($C7,'Members Matrix'!$B$2:$U$2,0)),"")="","",IFERROR(INDEX('Members Matrix'!$B$40:$U$40,MATCH($C7,'Members Matrix'!$B$2:$U$2,0)),"")) -> 1759 | T7: =IF(OR(R7="",S7="",N(R7)=0),"",S7/R7-1) -> -0.060864923 | U7: =IF(OR(Q7="",R7="",N(R7)=0),"",Q7/R7) -> 0.32674853
A8: 2022 | B8: ="Spring "&A8 -> Spring 2022 | C8: ="Fall "&A8 -> Fall 2022 | D8: =IF(OR(I8="",J8="",N(J8)=0),"",100*I8/J8) | E8: =IF(OR(P8="",U8="",N(U8)=0),"",100*P8/U8) | F8: =IF(OR(N8="",N(N8)<=0),"",100*I8/N8) | G8: =IF(OR(O8="",T8=""),"",100*(O8-T8)) -> -5.3616152 | H8: =IF(COUNT(D8:F8)=0,"",AVERAGE(D8:F8)) | I8: =IF(OR(IFERROR(INDEX('New Members Matrix'!$B$43:$U$43,MATCH($B8,'New Members Matrix'!$B$2:$U$2,0)),"")="",IFERROR(INDEX('New Members Matrix'!$B$43:$U$43,MATCH($C8,'New Members Matrix'!$B$2:$U$2,0)),"")=""),"",IFERROR(INDEX('New Members Matrix'!$B$43:$U$43,MATCH($B8,'New Members Matrix'!$B$2:$U$2,0)),"")+IFERROR(INDEX('New Members Matrix'!$B$43:$U$43,MATCH($C8,'New Members Matrix'!$B$2:$U$2,0)),"")) | J8: =IF(OR(IFERROR(INDEX('New Members Matrix'!$B$41:$U$41,MATCH($B8,'New Members Matrix'!$B$2:$U$2,0)),"")="",IFERROR(INDEX('New Members Matrix'!$B$41:$U$41,MATCH($C8,'New Members Matrix'!$B$2:$U$2,0)),"")=""),"",IFERROR(INDEX('New Members Matrix'!$B$41:$U$41,MATCH($B8,'New Members Matrix'!$B$2:$U$2,0)),"")+IFERROR(INDEX('New Members Matrix'!$B$41:$U$41,MATCH($C8,'New Members Matrix'!$B$2:$U$2,0)),"")) | K8: =IF(OR(I8="",Q8="",N(Q8)=0),"",I8/Q8) | L8: =IF(IFERROR(INDEX('Members Matrix'!$B$43:$U$43,MATCH("Fall "&($A8-1),'Members Matrix'!$B$2:$U$2,0)),"")="","",IFERROR(INDEX('Members Matrix'!$B$43:$U$43,MATCH("Fall "&($A8-1),'Members Matrix'!$B$2:$U$2,0)),"")) -> 74 | M8: =IF(IFERROR(INDEX('Members Matrix'!$B$43:$U$43,MATCH($C8,'Members Matrix'!$B$2:$U$2,0)),"")="","",IFERROR(INDEX('Members Matrix'!$B$43:$U$43,MATCH($C8,'Members Matrix'!$B$2:$U$2,0)),"")) -> 71 | N8: =IF(OR(I8="",L8="",M8=""),"",L8+I8-M8) | O8: =IF(OR(L8="",M8="",N(L8)=0),"",M8/L8-1) -> -0.040540541 | P8: =IF(OR(I8="",L8="",N(L8)=0),"",I8/L8) | Q8: =IF(OR(IFERROR(INDEX('New Members Matrix'!$B$40:$U$40,MATCH($B8,'New Members Matrix'!$B$2:$U$2,0)),"")="",IFERROR(INDEX('New Members Matrix'!$B$40:$U$40,MATCH($C8,'New Members Matrix'!$B$2:$U$2,0)),"")=""),"",IFERROR(INDEX('New Members Matrix'!$B$40:$U$40,MATCH($B8,'New Members Matrix'!$B$2:$U$2,0)),"")+IFERROR(INDEX('New Members Matrix'!$B$40:$U$40,MATCH($C8,'New Members Matrix'!$B$2:$U$2,0)),"")) | R8: =IF(IFERROR(INDEX('Members Matrix'!$B$40:$U$40,MATCH("Fall "&($A8-1),'Members Matrix'!$B$2:$U$2,0)),"")="","",IFERROR(INDEX('Members Matrix'!$B$40:$U$40,MATCH("Fall "&($A8-1),'Members Matrix'!$B$2:$U$2,0)),"")) -> 1759 | S8: =IF(IFERROR(INDEX('Members Matrix'!$B$40:$U$40,MATCH($C8,'Members Matrix'!$B$2:$U$2,0)),"")="","",IFERROR(INDEX('Members Matrix'!$B$40:$U$40,MATCH($C8,'Members Matrix'!$B$2:$U$2,0)),"")) -> 1782 | T8: =IF(OR(R8="",S8="",N(R8)=0),"",S8/R8-1) -> 0.013075611 | U8: =IF(OR(Q8="",R8="",N(R8)=0),"",Q8/R8)
A9: 2023 | B9: ="Spring "&A9 -> Spring 2023 | C9: ="Fall "&A9 -> Fall 2023 | D9: =IF(OR(I9="",J9="",N(J9)=0),"",100*I9/J9) | E9: =IF(OR(P9="",U9="",N(U9)=0),"",100*P9/U9) | F9: =IF(OR(N9="",N(N9)<=0),"",100*I9/N9) | G9: =IF(OR(O9="",T9=""),"",100*(O9-T9)) -> -16.951993 | H9: =IF(COUNT(D9:F9)=0,"",AVERAGE(D9:F9)) | I9: =IF(OR(IFERROR(INDEX('New Members Matrix'!$B$43:$U$43,MATCH($B9,'New Members Matrix'!$B$2:$U$2,0)),"")="",IFERROR(INDEX('New Members Matrix'!$B$43:$U$43,MATCH($C9,'New Members Matrix'!$B$2:$U$2,0)),"")=""),"",IFERROR(INDEX('New Members Matrix'!$B$43:$U$43,MATCH($B9,'New Members Matrix'!$B$2:$U$2,0)),"")+IFERROR(INDEX('New Members Matrix'!$B$43:$U$43,MATCH($C9,'New Members Matrix'!$B$2:$U$2,0)),"")) | J9: =IF(OR(IFERROR(INDEX('New Members Matrix'!$B$41:$U$41,MATCH($B9,'New Members Matrix'!$B$2:$U$2,0)),"")="",IFERROR(INDEX('New Members Matrix'!$B$41:$U$41,MATCH($C9,'New Members Matrix'!$B$2:$U$2,0)),"")=""),"",IFERROR(INDEX('New Members Matrix'!$B$41:$U$41,MATCH($B9,'New Members Matrix'!$B$2:$U$2,0)),"")+IFERROR(INDEX('New Members Matrix'!$B$41:$U$41,MATCH($C9,'New Members Matrix'!$B$2:$U$2,0)),"")) | K9: =IF(OR(I9="",Q9="",N(Q9)=0),"",I9/Q9) | L9: =IF(IFERROR(INDEX('Members Matrix'!$B$43:$U$43,MATCH("Fall "&($A9-1),'Members Matrix'!$B$2:$U$2,0)),"")="","",IFERROR(INDEX('Members Matrix'!$B$43:$U$43,MATCH("Fall "&($A9-1),'Members Matrix'!$B$2:$U$2,0)),"")) -> 71 | M9: =IF(IFERROR(INDEX('Members Matrix'!$B$43:$U$43,MATCH($C9,'Members Matrix'!$B$2:$U$2,0)),"")="","",IFERROR(INDEX('Members Matrix'!$B$43:$U$43,MATCH($C9,'Members Matrix'!$B$2:$U$2,0)),"")) -> 60 | N9: =IF(OR(I9="",L9="",M9=""),"",L9+I9-M9) | O9: =IF(OR(L9="",M9="",N(L9)=0),"",M9/L9-1) -> -0.15492958 | P9: =IF(OR(I9="",L9="",N(L9)=0),"",I9/L9) | Q9: =IF(OR(IFERROR(INDEX('New Members Matrix'!$B$40:$U$40,MATCH($B9,'New Members Matrix'!$B$2:$U$2,0)),"")="",IFERROR(INDEX('New Members Matrix'!$B$40:$U$40,MATCH($C9,'New Members Matrix'!$B$2:$U$2,0)),"")=""),"",IFERROR(INDEX('New Members Matrix'!$B$40:$U$40,MATCH($B9,'New Members Matrix'!$B$2:$U$2,0)),"")+IFERROR(INDEX('New Members Matrix'!$B$40:$U$40,MATCH($C9,'New Members Matrix'!$B$2:$U$2,0)),"")) | R9: =IF(IFERROR(INDEX('Members Matrix'!$B$40:$U$40,MATCH("Fall "&($A9-1),'Members Matrix'!$B$2:$U$2,0)),"")="","",IFERROR(INDEX('Members Matrix'!$B$40:$U$40,MATCH("Fall "&($A9-1),'Members Matrix'!$B$2:$U$2,0)),"")) -> 1782 | S9: =IF(IFERROR(INDEX('Members Matrix'!$B$40:$U$40,MATCH($C9,'Members Matrix'!$B$2:$U$2,0)),"")="","",IFERROR(INDEX('Members Matrix'!$B$40:$U$40,MATCH($C9,'Members Matrix'!$B$2:$U$2,0)),"")) -> 1808 | T9: =IF(OR(R9="",S9="",N(R9)=0),"",S9/R9-1) -> 0.014590348 | U9: =IF(OR(Q9="",R9="",N(R9)=0),"",Q9/R9)
A10: 2024 | B10: ="Spring "&A10 -> Spring 2024 | C10: ="Fall "&A10 -> Fall 2024 | D10: =IF(OR(I10="",J10="",N(J10)=0),"",100*I10/J10) -> 67.812212 | E10: =IF(OR(P10="",U10="",N(U10)=0),"",100*P10/U10) -> 79.053498 | F10: =IF(OR(N10="",N(N10)<=0),"",100*I10/N10) -> 58.62069 | G10: =IF(OR(O10="",T10=""),"",100*(O10-T10)) -> -25.309735 | H10: =IF(COUNT(D10:F10)=0,"",AVERAGE(D10:F10)) -> 68.495467 | I10: =IF(OR(IFERROR(INDEX('New Members Matrix'!$B$43:$U$43,MATCH($B10,'New Members Matrix'!$B$2:$U$2,0)),"")="",IFERROR(INDEX('New Members Matrix'!$B$43:$U$43,MATCH($C10,'New Members Matrix'!$B$2:$U$2,0)),"")=""),"",IFERROR(INDEX('New Members Matrix'!$B$43:$U$43,MATCH($B10,'New Members Matrix'!$B$2:$U$2,0)),"")+IFERROR(INDEX('New Members Matrix'!$B$43:$U$43,MATCH($C10,'New Members Matrix'!$B$2:$U$2,0)),"")) -> 17 | J10: =IF(OR(IFERROR(INDEX('New Members Matrix'!$B$41:$U$41,MATCH($B10,'New Members Matrix'!$B$2:$U$2,0)),"")="",IFERROR(INDEX('New Members Matrix'!$B$41:$U$41,MATCH($C10,'New Members Matrix'!$B$2:$U$2,0)),"")=""),"",IFERROR(INDEX('New Members Matrix'!$B$41:$U$41,MATCH($B10,'New Members Matrix'!$B$2:$U$2,0)),"")+IFERROR(INDEX('New Members Matrix'!$B$41:$U$41,MATCH($C10,'New Members Matrix'!$B$2:$U$2,0)),"")) -> 25.069231 | K10: =IF(OR(I10="",Q10="",N(Q10)=0),"",I10/Q10) -> 0.026234568 | L10: =IF(IFERROR(INDEX('Members Matrix'!$B$43:$U$43,MATCH("Fall "&($A10-1),'Members Matrix'!$B$2:$U$2,0)),"")="","",IFERROR(INDEX('Members Matrix'!$B$43:$U$43,MATCH("Fall "&($A10-1),'Members Matrix'!$B$2:$U$2,0)),"")) -> 60 | M10: =IF(IFERROR(INDEX('Members Matrix'!$B$43:$U$43,MATCH($C10,'Members Matrix'!$B$2:$U$2,0)),"")="","",IFERROR(INDEX('Members Matrix'!$B$43:$U$43,MATCH($C10,'Members Matrix'!$B$2:$U$2,0)),"")) -> 48 | N10: =IF(OR(I10="",L10="",M10=""),"",L10+I10-M10) -> 29 | O10: =IF(OR(L10="",M10="",N(L10)=0),"",M10/L10-1) -> -0.2 | P10: =IF(OR(I10="",L10="",N(L10)=0),"",I10/L10) -> 0.28333333 | Q10: =IF(OR(IFERROR(INDEX('New Members Matrix'!$B$40:$U$40,MATCH($B10,'New Members Matrix'!$B$2:$U$2,0)),"")="",IFERROR(INDEX('New Members Matrix'!$B$40:$U$40,MATCH($C10,'New Members Matrix'!$B$2:$U$2,0)),"")=""),"",IFERROR(INDEX('New Members Matrix'!$B$40:$U$40,MATCH($B10,'New Members Matrix'!$B$2:$U$2,0)),"")+IFERROR(INDEX('New Members Matrix'!$B$40:$U$40,MATCH($C10,'New Members Matrix'!$B$2:$U$2,0)),"")) -> 648 | R10: =IF(IFERROR(INDEX('Members Matrix'!$B$40:$U$40,MATCH("Fall "&($A10-1),'Members Matrix'!$B$2:$U$2,0)),"")="","",IFERROR(INDEX('Members Matrix'!$B$40:$U$40,MATCH("Fall "&($A10-1),'Members Matrix'!$B$2:$U$2,0)),"")) -> 1808 | S10: =IF(IFERROR(INDEX('Members Matrix'!$B$40:$U$40,MATCH($C10,'Members Matrix'!$B$2:$U$2,0)),"")="","",IFERROR(INDEX('Members Matrix'!$B$40:$U$40,MATCH($C10,'Members Matrix'!$B$2:$U$2,0)),"")) -> 1904 | T10: =IF(OR(R10="",S10="",N(R10)=0),"",S10/R10-1) -> 0.053097345 | U10: =IF(OR(Q10="",R10="",N(R10)=0),"",Q10/R10) -> 0.35840708
A11: 2025 | B11: ="Spring "&A11 -> Spring 2025 | C11: ="Fall "&A11 -> Fall 2025 | D11: =IF(OR(I11="",J11="",N(J11)=0),"",100*I11/J11) -> 55.904093 | E11: =IF(OR(P11="",U11="",N(U11)=0),"",100*P11/U11) -> 89.339339 | F11: =IF(OR(N11="",N(N11)<=0),"",100*I11/N11) -> 78.947368 | G11: =IF(OR(O11="",T11=""),"",100*(O11-T11)) -> -12.32493 | H11: =IF(COUNT(D11:F11)=0,"",AVERAGE(D11:F11)) -> 74.730267 | I11: =IF(OR(IFERROR(INDEX('New Members Matrix'!$B$43:$U$43,MATCH($B11,'New Members Matrix'!$B$2:$U$2,0)),"")="",IFERROR(INDEX('New Members Matrix'!$B$43:$U$43,MATCH($C11,'New Members Matrix'!$B$2:$U$2,0)),"")=""),"",IFERROR(INDEX('New Members Matrix'!$B$43:$U$43,MATCH($B11,'New Members Matrix'!$B$2:$U$2,0)),"")+IFERROR(INDEX('New Members Matrix'!$B$43:$U$43,MATCH($C11,'New Members Matrix'!$B$2:$U$2,0)),"")) -> 15 | J11: =IF(OR(IFERROR(INDEX('New Members Matrix'!$B$41:$U$41,MATCH($B11,'New Members Matrix'!$B$2:$U$2,0)),"")="",IFERROR(INDEX('New Members Matrix'!$B$41:$U$41,MATCH($C11,'New Members Matrix'!$B$2:$U$2,0)),"")=""),"",IFERROR(INDEX('New Members Matrix'!$B$41:$U$41,MATCH($B11,'New Members Matrix'!$B$2:$U$2,0)),"")+IFERROR(INDEX('New Members Matrix'!$B$41:$U$41,MATCH($C11,'New Members Matrix'!$B$2:$U$2,0)),"")) -> 26.831667 | K11: =IF(OR(I11="",Q11="",N(Q11)=0),"",I11/Q11) -> 0.022522523 | L11: =IF(IFERROR(INDEX('Members Matrix'!$B$43:$U$43,MATCH("Fall "&($A11-1),'Members Matrix'!$B$2:$U$2,0)),"")="","",IFERROR(INDEX('Members Matrix'!$B$43:$U$43,MATCH("Fall "&($A11-1),'Members Matrix'!$B$2:$U$2,0)),"")) -> 48 | M11: =IF(IFERROR(INDEX('Members Matrix'!$B$43:$U$43,MATCH($C11,'Members Matrix'!$B$2:$U$2,0)),"")="","",IFERROR(INDEX('Members Matrix'!$B$43:$U$43,MATCH($C11,'Members Matrix'!$B$2:$U$2,0)),"")) -> 44 | N11: =IF(OR(I11="",L11="",M11=""),"",L11+I11-M11) -> 19 | O11: =IF(OR(L11="",M11="",N(L11)=0),"",M11/L11-1) -> -0.083333333 | P11: =IF(OR(I11="",L11="",N(L11)=0),"",I11/L11) -> 0.3125 | Q11: =IF(OR(IFERROR(INDEX('New Members Matrix'!$B$40:$U$40,MATCH($B11,'New Members Matrix'!$B$2:$U$2,0)),"")="",IFERROR(INDEX('New Members Matrix'!$B$40:$U$40,MATCH($C11,'New Members Matrix'!$B$2:$U$2,0)),"")=""),"",IFERROR(INDEX('New Members Matrix'!$B$40:$U$40,MATCH($B11,'New Members Matrix'!$B$2:$U$2,0)),"")+IFERROR(INDEX('New Members Matrix'!$B$40:$U$40,MATCH($C11,'New Members Matrix'!$B$2:$U$2,0)),"")) -> 666 | R11: =IF(IFERROR(INDEX('Members Matrix'!$B$40:$U$40,MATCH("Fall "&($A11-1),'Members Matrix'!$B$2:$U$2,0)),"")="","",IFERROR(INDEX('Members Matrix'!$B$40:$U$40,MATCH("Fall "&($A11-1),'Members Matrix'!$B$2:$U$2,0)),"")) -> 1904 | S11: =IF(IFERROR(INDEX('Members Matrix'!$B$40:$U$40,MATCH($C11,'Members Matrix'!$B$2:$U$2,0)),"")="","",IFERROR(INDEX('Members Matrix'!$B$40:$U$40,MATCH($C11,'Members Matrix'!$B$2:$U$2,0)),"")) -> 1980 | T11: =IF(OR(R11="",S11="",N(R11)=0),"",S11/R11-1) -> 0.039915966 | U11: =IF(OR(Q11="",R11="",N(R11)=0),"",Q11/R11) -> 0.34978992
A12: 2026 | B12: ="Spring "&A12 -> Spring 2026 | C12: ="Fall "&A12 -> Fall 2026 | D12: =IF(OR(I12="",J12="",N(J12)=0),"",100*I12/J12) | E12: =IF(OR(P12="",U12="",N(U12)=0),"",100*P12/U12) | F12: =IF(OR(N12="",N(N12)<=0),"",100*I12/N12) | G12: =IF(OR(O12="",T12=""),"",100*(O12-T12)) | H12: =IF(COUNT(D12:F12)=0,"",AVERAGE(D12:F12)) | I12: =IF(OR(IFERROR(INDEX('New Members Matrix'!$B$43:$U$43,MATCH($B12,'New Members Matrix'!$B$2:$U$2,0)),"")="",IFERROR(INDEX('New Members Matrix'!$B$43:$U$43,MATCH($C12,'New Members Matrix'!$B$2:$U$2,0)),"")=""),"",IFERROR(INDEX('New Members Matrix'!$B$43:$U$43,MATCH($B12,'New Members Matrix'!$B$2:$U$2,0)),"")+IFERROR(INDEX('New Members Matrix'!$B$43:$U$43,MATCH($C12,'New Members Matrix'!$B$2:$U$2,0)),"")) | J12: =IF(OR(IFERROR(INDEX('New Members Matrix'!$B$41:$U$41,MATCH($B12,'New Members Matrix'!$B$2:$U$2,0)),"")="",IFERROR(INDEX('New Members Matrix'!$B$41:$U$41,MATCH($C12,'New Members Matrix'!$B$2:$U$2,0)),"")=""),"",IFERROR(INDEX('New Members Matrix'!$B$41:$U$41,MATCH($B12,'New Members Matrix'!$B$2:$U$2,0)),"")+IFERROR(INDEX('New Members Matrix'!$B$41:$U$41,MATCH($C12,'New Members Matrix'!$B$2:$U$2,0)),"")) | K12: =IF(OR(I12="",Q12="",N(Q12)=0),"",I12/Q12) | L12: =IF(IFERROR(INDEX('Members Matrix'!$B$43:$U$43,MATCH("Fall "&($A12-1),'Members Matrix'!$B$2:$U$2,0)),"")="","",IFERROR(INDEX('Members Matrix'!$B$43:$U$43,MATCH("Fall "&($A12-1),'Members Matrix'!$B$2:$U$2,0)),"")) -> 44 | M12: =IF(IFERROR(INDEX('Members Matrix'!$B$43:$U$43,MATCH($C12,'Members Matrix'!$B$2:$U$2,0)),"")="","",IFERROR(INDEX('Members Matrix'!$B$43:$U$43,MATCH($C12,'Members Matrix'!$B$2:$U$2,0)),"")) | N12: =IF(OR(I12="",L12="",M12=""),"",L12+I12-M12) | O12: =IF(OR(L12="",M12="",N(L12)=0),"",M12/L12-1) | P12: =IF(OR(I12="",L12="",N(L12)=0),"",I12/L12) | Q12: =IF(OR(IFERROR(INDEX('New Members Matrix'!$B$40:$U$40,MATCH($B12,'New Members Matrix'!$B$2:$U$2,0)),"")="",IFERROR(INDEX('New Members Matrix'!$B$40:$U$40,MATCH($C12,'New Members Matrix'!$B$2:$U$2,0)),"")=""),"",IFERROR(INDEX('New Members Matrix'!$B$40:$U$40,MATCH($B12,'New Members Matrix'!$B$2:$U$2,0)),"")+IFERROR(INDEX('New Members Matrix'!$B$40:$U$40,MATCH($C12,'New Members Matrix'!$B$2:$U$2,0)),"")) | R12: =IF(IFERROR(INDEX('Members Matrix'!$B$40:$U$40,MATCH("Fall "&($A12-1),'Members Matrix'!$B$2:$U$2,0)),"")="","",IFERROR(INDEX('Members Matrix'!$B$40:$U$40,MATCH("Fall "&($A12-1),'Members Matrix'!$B$2:$U$2,0)),"")) -> 1980 | S12: =IF(IFERROR(INDEX('Members Matrix'!$B$40:$U$40,MATCH($C12,'Members Matrix'!$B$2:$U$2,0)),"")="","",IFERROR(INDEX('Members Matrix'!$B$40:$U$40,MATCH($C12,'Members Matrix'!$B$2:$U$2,0)),"")) | T12: =IF(OR(R12="",S12="",N(R12)=0),"",S12/R12-1) | U12: =IF(OR(Q12="",R12="",N(R12)=0),"",Q12/R12)
A13: 2027 | B13: ="Spring "&A13 -> Spring 2027 | C13: ="Fall "&A13 -> Fall 2027 | D13: =IF(OR(I13="",J13="",N(J13)=0),"",100*I13/J13) | E13: =IF(OR(P13="",U13="",N(U13)=0),"",100*P13/U13) | F13: =IF(OR(N13="",N(N13)<=0),"",100*I13/N13) | G13: =IF(OR(O13="",T13=""),"",100*(O13-T13)) | H13: =IF(COUNT(D13:F13)=0,"",AVERAGE(D13:F13)) | I13: =IF(OR(IFERROR(INDEX('New Members Matrix'!$B$43:$U$43,MATCH($B13,'New Members Matrix'!$B$2:$U$2,0)),"")="",IFERROR(INDEX('New Members Matrix'!$B$43:$U$43,MATCH($C13,'New Members Matrix'!$B$2:$U$2,0)),"")=""),"",IFERROR(INDEX('New Members Matrix'!$B$43:$U$43,MATCH($B13,'New Members Matrix'!$B$2:$U$2,0)),"")+IFERROR(INDEX('New Members Matrix'!$B$43:$U$43,MATCH($C13,'New Members Matrix'!$B$2:$U$2,0)),"")) | J13: =IF(OR(IFERROR(INDEX('New Members Matrix'!$B$41:$U$41,MATCH($B13,'New Members Matrix'!$B$2:$U$2,0)),"")="",IFERROR(INDEX('New Members Matrix'!$B$41:$U$41,MATCH($C13,'New Members Matrix'!$B$2:$U$2,0)),"")=""),"",IFERROR(INDEX('New Members Matrix'!$B$41:$U$41,MATCH($B13,'New Members Matrix'!$B$2:$U$2,0)),"")+IFERROR(INDEX('New Members Matrix'!$B$41:$U$41,MATCH($C13,'New Members Matrix'!$B$2:$U$2,0)),"")) | K13: =IF(OR(I13="",Q13="",N(Q13)=0),"",I13/Q13) | L13: =IF(IFERROR(INDEX('Members Matrix'!$B$43:$U$43,MATCH("Fall "&($A13-1),'Members Matrix'!$B$2:$U$2,0)),"")="","",IFERROR(INDEX('Members Matrix'!$B$43:$U$43,MATCH("Fall "&($A13-1),'Members Matrix'!$B$2:$U$2,0)),"")) | M13: =IF(IFERROR(INDEX('Members Matrix'!$B$43:$U$43,MATCH($C13,'Members Matrix'!$B$2:$U$2,0)),"")="","",IFERROR(INDEX('Members Matrix'!$B$43:$U$43,MATCH($C13,'Members Matrix'!$B$2:$U$2,0)),"")) | N13: =IF(OR(I13="",L13="",M13=""),"",L13+I13-M13) | O13: =IF(OR(L13="",M13="",N(L13)=0),"",M13/L13-1) | P13: =IF(OR(I13="",L13="",N(L13)=0),"",I13/L13) | Q13: =IF(OR(IFERROR(INDEX('New Members Matrix'!$B$40:$U$40,MATCH($B13,'New Members Matrix'!$B$2:$U$2,0)),"")="",IFERROR(INDEX('New Members Matrix'!$B$40:$U$40,MATCH($C13,'New Members Matrix'!$B$2:$U$2,0)),"")=""),"",IFERROR(INDEX('New Members Matrix'!$B$40:$U$40,MATCH($B13,'New Members Matrix'!$B$2:$U$2,0)),"")+IFERROR(INDEX('New Members Matrix'!$B$40:$U$40,MATCH($C13,'New Members Matrix'!$B$2:$U$2,0)),"")) | R13: =IF(IFERROR(INDEX('Members Matrix'!$B$40:$U$40,MATCH("Fall "&($A13-1),'Members Matrix'!$B$2:$U$2,0)),"")="","",IFERROR(INDEX('Members Matrix'!$B$40:$U$40,MATCH("Fall "&($A13-1),'Members Matrix'!$B$2:$U$2,0)),"")) | S13: =IF(IFERROR(INDEX('Members Matrix'!$B$40:$U$40,MATCH($C13,'Members Matrix'!$B$2:$U$2,0)),"")="","",IFERROR(INDEX('Members Matrix'!$B$40:$U$40,MATCH($C13,'Members Matrix'!$B$2:$U$2,0)),"")) | T13: =IF(OR(R13="",S13="",N(R13)=0),"",S13/R13-1) | U13: =IF(OR(Q13="",R13="",N(R13)=0),"",Q13/R13)
A14: 2028 | B14: ="Spring "&A14 -> Spring 2028 | C14: ="Fall "&A14 -> Fall 2028 | D14: =IF(OR(I14="",J14="",N(J14)=0),"",100*I14/J14) | E14: =IF(OR(P14="",U14="",N(U14)=0),"",100*P14/U14) | F14: =IF(OR(N14="",N(N14)<=0),"",100*I14/N14) | G14: =IF(OR(O14="",T14=""),"",100*(O14-T14)) | H14: =IF(COUNT(D14:F14)=0,"",AVERAGE(D14:F14)) | I14: =IF(OR(IFERROR(INDEX('New Members Matrix'!$B$43:$U$43,MATCH($B14,'New Members Matrix'!$B$2:$U$2,0)),"")="",IFERROR(INDEX('New Members Matrix'!$B$43:$U$43,MATCH($C14,'New Members Matrix'!$B$2:$U$2,0)),"")=""),"",IFERROR(INDEX('New Members Matrix'!$B$43:$U$43,MATCH($B14,'New Members Matrix'!$B$2:$U$2,0)),"")+IFERROR(INDEX('New Members Matrix'!$B$43:$U$43,MATCH($C14,'New Members Matrix'!$B$2:$U$2,0)),"")) | J14: =IF(OR(IFERROR(INDEX('New Members Matrix'!$B$41:$U$41,MATCH($B14,'New Members Matrix'!$B$2:$U$2,0)),"")="",IFERROR(INDEX('New Members Matrix'!$B$41:$U$41,MATCH($C14,'New Members Matrix'!$B$2:$U$2,0)),"")=""),"",IFERROR(INDEX('New Members Matrix'!$B$41:$U$41,MATCH($B14,'New Members Matrix'!$B$2:$U$2,0)),"")+IFERROR(INDEX('New Members Matrix'!$B$41:$U$41,MATCH($C14,'New Members Matrix'!$B$2:$U$2,0)),"")) | K14: =IF(OR(I14="",Q14="",N(Q14)=0),"",I14/Q14) | L14: =IF(IFERROR(INDEX('Members Matrix'!$B$43:$U$43,MATCH("Fall "&($A14-1),'Members Matrix'!$B$2:$U$2,0)),"")="","",IFERROR(INDEX('Members Matrix'!$B$43:$U$43,MATCH("Fall "&($A14-1),'Members Matrix'!$B$2:$U$2,0)),"")) | M14: =IF(IFERROR(INDEX('Members Matrix'!$B$43:$U$43,MATCH($C14,'Members Matrix'!$B$2:$U$2,0)),"")="","",IFERROR(INDEX('Members Matrix'!$B$43:$U$43,MATCH($C14,'Members Matrix'!$B$2:$U$2,0)),"")) | N14: =IF(OR(I14="",L14="",M14=""),"",L14+I14-M14) | O14: =IF(OR(L14="",M14="",N(L14)=0),"",M14/L14-1) | P14: =IF(OR(I14="",L14="",N(L14)=0),"",I14/L14) | Q14: =IF(OR(IFERROR(INDEX('New Members Matrix'!$B$40:$U$40,MATCH($B14,'New Members Matrix'!$B$2:$U$2,0)),"")="",IFERROR(INDEX('New Members Matrix'!$B$40:$U$40,MATCH($C14,'New Members Matrix'!$B$2:$U$2,0)),"")=""),"",IFERROR(INDEX('New Members Matrix'!$B$40:$U$40,MATCH($B14,'New Members Matrix'!$B$2:$U$2,0)),"")+IFERROR(INDEX('New Members Matrix'!$B$40:$U$40,MATCH($C14,'New Members Matrix'!$B$2:$U$2,0)),"")) | R14: =IF(IFERROR(INDEX('Members Matrix'!$B$40:$U$40,MATCH("Fall "&($A14-1),'Members Matrix'!$B$2:$U$2,0)),"")="","",IFERROR(INDEX('Members Matrix'!$B$40:$U$40,MATCH("Fall "&($A14-1),'Members Matrix'!$B$2:$U$2,0)),"")) | S14: =IF(IFERROR(INDEX('Members Matrix'!$B$40:$U$40,MATCH($C14,'Members Matrix'!$B$2:$U$2,0)),"")="","",IFERROR(INDEX('Members Matrix'!$B$40:$U$40,MATCH($C14,'Members Matrix'!$B$2:$U$2,0)),"")) | T14: =IF(OR(R14="",S14="",N(R14)=0),"",S14/R14-1) | U14: =IF(OR(Q14="",R14="",N(R14)=0),"",Q14/R14)
A16: How to read it: each index is 100 when we match the benchmark. 150 is 50% better, 50 is half as good.
A17: Recruiting index = our new members for the year / the average IFC house's new members for the year. Every house recruits in the same seasons, so no fall/spring weighting is needed.
A18: Size-adjusted recruiting index = our new members per member (members = last Fall's roster) / the same ratio for the whole IFC. 100 = we recruit as hard as the IFC does for our size.
A19: Replacement index = new members / estimated departures x 100, where departures = last Fall's roster + this year's new members - this Fall's roster. 100 = we replaced every man who graduated or left.
A20: Growth vs IFC = our Fall-to-Fall % change in members minus the IFC's, in percentage points.
A21: Combined recruitment index = average of the three indexes that exist that year.
A22: Blank years: UNL left spring new members off the Spring 2020 and Spring 2022 reports, and there is no Fall 2023 report in the repo, so 2020, 2022, 2023 and 2024 are missing some IFC inputs. The current year fills in once its Fall report is added.
A23: Why v2: the old index (AE List.xlsx) only compared us to our own history, so 100 meant 'normal for Theta Xi', not 'normal for UNL'. See the Old Index Review tab.

Sheet GPA Matrix
A1: IFC chapter GPA by semester (term GPA as printed on the UNL report)
A2: Chapter | B2: Fall 2018 | C2: Spring 2019 | D2: Fall 2019 | E2: Spring 2020 | F2: Fall 2020 | G2: Spring 2021 | H2: Fall 2021 | I2: Spring 2022 | J2: Fall 2022 | K2: Spring 2023 | L2: Fall 2023 | M2: Spring 2024 | N2: Fall 2024 | O2: Spring 2025 | P2: Fall 2025 | Q2: Spring 2026 | R2: Fall 2026 | S2: Spring 2027 | T2: Fall 2027 | U2: Spring 2028
A3: =IF(Lists!$D$2="","",Lists!$D$2) -> Acacia | B3: =IF($A3="","",IF(COUNTIFS('Chapter Data'!$A$2:$A$2500,B$2,'Chapter Data'!$D$2:$D$2500,$A3,'Chapter Data'!$G$2:$G$2500,"<>")=0,"",SUMIFS('Chapter Data'!$G$2:$G$2500,'Chapter Data'!$A$2:$A$2500,B$2,'Chapter Data'!$D$2:$D$2500,$A3))) -> 2.946 | C3: =IF($A3="","",IF(COUNTIFS('Chapter Data'!$A$2:$A$2500,C$2,'Chapter Data'!$D$2:$D$2500,$A3,'Chapter Data'!$G$2:$G$2500,"<>")=0,"",SUMIFS('Chapter Data'!$G$2:$G$2500,'Chapter Data'!$A$2:$A$2500,C$2,'Chapter Data'!$D$2:$D$2500,$A3))) -> 3.041 | D3: =IF($A3="","",IF(COUNTIFS('Chapter Data'!$A$2:$A$2500,D$2,'Chapter Data'!$D$2:$D$2500,$A3,'Chapter Data'!$G$2:$G$2500,"<>")=0,"",SUMIFS('Chapter Data'!$G$2:$G$2500,'Chapter Data'!$A$2:$A$2500,D$2,'Chapter Data'!$D$2:$D$2500,$A3))) -> 2.62 | E3: =IF($A3="","",IF(COUNTIFS('Chapter Data'!$A$2:$A$2500,E$2,'Chapter Data'!$D$2:$D$2500,$A3,'Chapter Data'!$G$2:$G$2500,"<>")=0,"",SUMIFS('Chapter Data'!$G$2:$G$2500,'Chapter Data'!$A$2:$A$2500,E$2,'Chapter Data'!$D$2:$D$2500,$A3))) | F3: =IF($A3="","",IF(COUNTIFS('Chapter Data'!$A$2:$A$2500,F$2,'Chapter Data'!$D$2:$D$2500,$A3,'Chapter Data'!$G$2:$G$2500,"<>")=0,"",SUMIFS('Chapter Data'!$G$2:$G$2500,'Chapter Data'!$A$2:$A$2500,F$2,'Chapter Data'!$D$2:$D$2500,$A3))) -> 2.74 | G3: =IF($A3="","",IF(COUNTIFS('Chapter Data'!$A$2:$A$2500,G$2,'Chapter Data'!$D$2:$D$2500,$A3,'Chapter Data'!$G$2:$G$2500,"<>")=0,"",SUMIFS('Chapter Data'!$G$2:$G$2500,'Chapter Data'!$A$2:$A$2500,G$2,'Chapter Data'!$D$2:$D$2500,$A3))) -> 3.247 | H3: =IF($A3="","",IF(COUNTIFS('Chapter Data'!$A$2:$A$2500,H$2,'Chapter Data'!$D$2:$D$2500,$A3,'Chapter Data'!$G$2:$G$2500,"<>")=0,"",SUMIFS('Chapter Data'!$G$2:$G$2500,'Chapter Data'!$A$2:$A$2500,H$2,'Chapter Data'!$D$2:$D$2500,$A3))) -> 3.087 | I3: =IF($A3="","",IF(COUNTIFS('Chapter Data'!$A$2:$A$2500,I$2,'Chapter Data'!$D$2:$D$2500,$A3,'Chapter Data'!$G$2:$G$2500,"<>")=0,"",SUMIFS('Chapter Data'!$G$2:$G$2500,'Chapter Data'!$A$2:$A$2500,I$2,'Chapter Data'!$D$2:$D$2500,$A3))) -> 3.126 | ... U3: =IF($A3="","",IF(COUNTIFS('Chapter Data'!$A$2:$A$2500,U$2,'Chapter Data'!$D$2:$D$2500,$A3,'Chapter Data'!$G$2:$G$2500,"<>")=0,"",SUMIFS('Chapter Data'!$G$2:$G$2500,'Chapter Data'!$A$2:$A$2500,U$2,'Chapter Data'!$D$2:$D$2500,$A3)))
A4: =IF(Lists!$D$3="","",Lists!$D$3) -> Alpha Gamma Nu | B4: =IF($A4="","",IF(COUNTIFS('Chapter Data'!$A$2:$A$2500,B$2,'Chapter Data'!$D$2:$D$2500,$A4,'Chapter Data'!$G$2:$G$2500,"<>")=0,"",SUMIFS('Chapter Data'!$G$2:$G$2500,'Chapter Data'!$A$2:$A$2500,B$2,'Chapter Data'!$D$2:$D$2500,$A4))) -> 2.964 | C4: =IF($A4="","",IF(COUNTIFS('Chapter Data'!$A$2:$A$2500,C$2,'Chapter Data'!$D$2:$D$2500,$A4,'Chapter Data'!$G$2:$G$2500,"<>")=0,"",SUMIFS('Chapter Data'!$G$2:$G$2500,'Chapter Data'!$A$2:$A$2500,C$2,'Chapter Data'!$D$2:$D$2500,$A4))) -> 3.013 | D4: =IF($A4="","",IF(COUNTIFS('Chapter Data'!$A$2:$A$2500,D$2,'Chapter Data'!$D$2:$D$2500,$A4,'Chapter Data'!$G$2:$G$2500,"<>")=0,"",SUMIFS('Chapter Data'!$G$2:$G$2500,'Chapter Data'!$A$2:$A$2500,D$2,'Chapter Data'!$D$2:$D$2500,$A4))) -> 3.231 | E4: =IF($A4="","",IF(COUNTIFS('Chapter Data'!$A$2:$A$2500,E$2,'Chapter Data'!$D$2:$D$2500,$A4,'Chapter Data'!$G$2:$G$2500,"<>")=0,"",SUMIFS('Chapter Data'!$G$2:$G$2500,'Chapter Data'!$A$2:$A$2500,E$2,'Chapter Data'!$D$2:$D$2500,$A4))) | F4: =IF($A4="","",IF(COUNTIFS('Chapter Data'!$A$2:$A$2500,F$2,'Chapter Data'!$D$2:$D$2500,$A4,'Chapter Data'!$G$2:$G$2500,"<>")=0,"",SUMIFS('Chapter Data'!$G$2:$G$2500,'Chapter Data'!$A$2:$A$2500,F$2,'Chapter Data'!$D$2:$D$2500,$A4))) -> 3.331 | G4: =IF($A4="","",IF(COUNTIFS('Chapter Data'!$A$2:$A$2500,G$2,'Chapter Data'!$D$2:$D$2500,$A4,'Chapter Data'!$G$2:$G$2500,"<>")=0,"",SUMIFS('Chapter Data'!$G$2:$G$2500,'Chapter Data'!$A$2:$A$2500,G$2,'Chapter Data'!$D$2:$D$2500,$A4))) -> 3.698 | H4: =IF($A4="","",IF(COUNTIFS('Chapter Data'!$A$2:$A$2500,H$2,'Chapter Data'!$D$2:$D$2500,$A4,'Chapter Data'!$G$2:$G$2500,"<>")=0,"",SUMIFS('Chapter Data'!$G$2:$G$2500,'Chapter Data'!$A$2:$A$2500,H$2,'Chapter Data'!$D$2:$D$2500,$A4))) | I4: =IF($A4="","",IF(COUNTIFS('Chapter Data'!$A$2:$A$2500,I$2,'Chapter Data'!$D$2:$D$2500,$A4,'Chapter Data'!$G$2:$G$2500,"<>")=0,"",SUMIFS('Chapter Data'!$G$2:$G$2500,'Chapter Data'!$A$2:$A$2500,I$2,'Chapter Data'!$D$2:$D$2500,$A4))) | ... U4: =IF($A4="","",IF(COUNTIFS('Chapter Data'!$A$2:$A$2500,U$2,'Chapter Data'!$D$2:$D$2500,$A4,'Chapter Data'!$G$2:$G$2500,"<>")=0,"",SUMIFS('Chapter Data'!$G$2:$G$2500,'Chapter Data'!$A$2:$A$2500,U$2,'Chapter Data'!$D$2:$D$2500,$A4)))
A5: =IF(Lists!$D$4="","",Lists!$D$4) -> Alpha Gamma Rho | B5: =IF($A5="","",IF(COUNTIFS('Chapter Data'!$A$2:$A$2500,B$2,'Chapter Data'!$D$2:$D$2500,$A5,'Chapter Data'!$G$2:$G$2500,"<>")=0,"",SUMIFS('Chapter Data'!$G$2:$G$2500,'Chapter Data'!$A$2:$A$2500,B$2,'Chapter Data'!$D$2:$D$2500,$A5))) -> 3.121 | C5: =IF($A5="","",IF(COUNTIFS('Chapter Data'!$A$2:$A$2500,C$2,'Chapter Data'!$D$2:$D$2500,$A5,'Chapter Data'!$G$2:$G$2500,"<>")=0,"",SUMIFS('Chapter Data'!$G$2:$G$2500,'Chapter Data'!$A$2:$A$2500,C$2,'Chapter Data'!$D$2:$D$2500,$A5))) -> 3.07 | D5: =IF($A5="","",IF(COUNTIFS('Chapter Data'!$A$2:$A$2500,D$2,'Chapter Data'!$D$2:$D$2500,$A5,'Chapter Data'!$G$2:$G$2500,"<>")=0,"",SUMIFS('Chapter Data'!$G$2:$G$2500,'Chapter Data'!$A$2:$A$2500,D$2,'Chapter Data'!$D$2:$D$2500,$A5))) -> 2.922 | E5: =IF($A5="","",IF(COUNTIFS('Chapter Data'!$A$2:$A$2500,E$2,'Chapter Data'!$D$2:$D$2500,$A5,'Chapter Data'!$G$2:$G$2500,"<>")=0,"",SUMIFS('Chapter Data'!$G$2:$G$2500,'Chapter Data'!$A$2:$A$2500,E$2,'Chapter Data'!$D$2:$D$2500,$A5))) | F5: =IF($A5="","",IF(COUNTIFS('Chapter Data'!$A$2:$A$2500,F$2,'Chapter Data'!$D$2:$D$2500,$A5,'Chapter Data'!$G$2:$G$2500,"<>")=0,"",SUMIFS('Chapter Data'!$G$2:$G$2500,'Chapter Data'!$A$2:$A$2500,F$2,'Chapter Data'!$D$2:$D$2500,$A5))) -> 3.228 | G5: =IF($A5="","",IF(COUNTIFS('Chapter Data'!$A$2:$A$2500,G$2,'Chapter Data'!$D$2:$D$2500,$A5,'Chapter Data'!$G$2:$G$2500,"<>")=0,"",SUMIFS('Chapter Data'!$G$2:$G$2500,'Chapter Data'!$A$2:$A$2500,G$2,'Chapter Data'!$D$2:$D$2500,$A5))) -> 3.137 | H5: =IF($A5="","",IF(COUNTIFS('Chapter Data'!$A$2:$A$2500,H$2,'Chapter Data'!$D$2:$D$2500,$A5,'Chapter Data'!$G$2:$G$2500,"<>")=0,"",SUMIFS('Chapter Data'!$G$2:$G$2500,'Chapter Data'!$A$2:$A$2500,H$2,'Chapter Data'!$D$2:$D$2500,$A5))) -> 3.196 | I5: =IF($A5="","",IF(COUNTIFS('Chapter Data'!$A$2:$A$2500,I$2,'Chapter Data'!$D$2:$D$2500,$A5,'Chapter Data'!$G$2:$G$2500,"<>")=0,"",SUMIFS('Chapter Data'!$G$2:$G$2500,'Chapter Data'!$A$2:$A$2500,I$2,'Chapter Data'!$D$2:$D$2500,$A5))) -> 3.367 | ... U5: =IF($A5="","",IF(COUNTIFS('Chapter Data'!$A$2:$A$2500,U$2,'Chapter Data'!$D$2:$D$2500,$A5,'Chapter Data'!$G$2:$G$2500,"<>")=0,"",SUMIFS('Chapter Data'!$G$2:$G$2500,'Chapter Data'!$A$2:$A$2500,U$2,'Chapter Data'!$D$2:$D$2500,$A5)))
